date,gameId,name,team,nationality,PTS,REB,OR,DR,AS,ST,BS,PF,FD,FTM,FGA,FGM,FG3M,TO,MP,PM,off_net,def_net,stocks,starter,WL,WL_raw,corner3m,abovebk3m,rim_makes,midrange_makes,fb_pts,putback_pts
2026-07-11,114387,Jay Sebasio,AUS,Australia,0,1,1,0,1,1,0,1,0,0,2,0,0,0,8.7,-1,-0.2,-0.8,1,FALSE,+11,11,0,0,0,0,0,0
2026-07-11,114387,Daisy Hocking,AUS,Australia,0,0,0,0,0,2,0,1,0,0,1,0,0,0,3,0,0,0,2,FALSE,+11,11,0,0,0,0,0,0
2026-07-11,114387,Isabel Smith,AUS,Australia,6,2,0,2,1,7,2,4,3,2,15,2,0,1,28.4,-3,-0.5,-2.5,9,TRUE,+11,11,0,0,1,0,0,0
2026-07-11,114387,Olivia Olechnowicz,AUS,Australia,13,5,3,2,2,7,0,1,5,3,12,4,2,5,26,11,1.7,9.3,7,TRUE,+11,11,1,1,2,0,5,0
2026-07-11,114387,Jade Sherrington,AUS,Australia,12,0,0,0,2,1,0,1,0,0,7,5,2,1,21.4,4,0.6,3.4,1,FALSE,+11,11,0,2,3,0,3,0
2026-07-11,114387,Jasmine Jones,AUS,Australia,0,4,0,4,3,1,0,0,0,0,4,0,0,0,16.1,5,0.8,4.2,1,FALSE,+11,11,0,0,0,0,0,0
2026-07-11,114387,Sophie Richardson,AUS,Australia,14,1,1,0,1,1,1,5,4,3,8,5,1,0,16.7,0,0,0,2,FALSE,+11,11,0,1,4,0,2,2
2026-07-11,114387,Madison Ryan,AUS,Australia,14,4,3,1,4,3,4,1,3,2,10,6,0,3,27.6,18,2.8,15.2,7,TRUE,+11,11,0,0,6,0,6,2
2026-07-11,114387,Lily Mapp,AUS,Australia,4,2,0,2,0,1,1,2,0,0,5,2,0,1,11.8,1,0.2,0.8,2,FALSE,+11,11,0,0,2,0,0,0
2026-07-11,114387,Eliza Ashby,AUS,Australia,2,2,1,1,1,0,0,2,1,2,0,0,0,0,2.6,0,0,0,0,FALSE,+11,11,0,0,0,0,0,0
2026-07-11,114387,Matilda Trout,AUS,Australia,9,9,2,7,4,0,0,4,6,2,4,3,1,3,25,20,3.1,16.9,0,TRUE,+11,11,0,1,2,0,0,0
2026-07-11,114387,Jemyma Manyok,AUS,Australia,2,8,6,2,0,0,1,0,1,0,8,1,0,1,12.7,0,0,0,1,TRUE,+11,11,0,0,1,0,0,0
2026-07-11,114387,Jelizaveta Naidjonova,LAT,Latvia,12,1,0,1,2,1,0,2,4,2,9,4,2,3,21.2,-6,-5.1,-0.9,1,FALSE,-11,-11,0,2,1,0,2,0
2026-07-11,114387,Enija Brokane,LAT,Latvia,3,1,1,0,2,1,0,2,0,0,2,1,1,4,13.4,-17,-14.3,-2.7,1,TRUE,-11,-11,0,1,0,0,0,0
2026-07-11,114387,Adele Priedite,LAT,Latvia,0,0,0,0,0,0,0,2,0,0,0,0,0,1,10.5,-2,-1.7,-0.3,0,FALSE,-11,-11,0,0,0,0,0,0
2026-07-11,114387,Monta Culkstena,LAT,Latvia,1,1,0,1,1,1,0,2,1,1,0,0,0,1,6.7,6,5.1,0.9,1,FALSE,-11,-11,0,0,0,0,0,0
2026-07-11,114387,Melanija Reicela Lagunovica,LAT,Latvia,2,4,0,4,2,0,0,0,2,2,1,0,0,6,15.3,2,1.7,0.3,0,FALSE,-11,-11,0,0,0,0,0,0
2026-07-11,114387,Marta Arsentjeva,LAT,Latvia,5,3,1,2,1,0,1,1,1,2,3,1,1,0,15.3,-10,-8.4,-1.6,1,TRUE,-11,-11,0,1,0,0,0,0
2026-07-11,114387,Patricija Tikmere,LAT,Latvia,6,4,0,4,0,1,0,4,5,4,6,1,0,1,19.9,0,0,0,1,TRUE,-11,-11,0,0,0,1,0,0
2026-07-11,114387,Darina Ivanova,LAT,Latvia,3,6,2,4,1,1,2,2,2,1,3,1,0,2,20.1,-11,-9.3,-1.7,3,FALSE,-11,-11,0,0,0,0,0,0
2026-07-11,114387,Laura Kikuste,LAT,Latvia,0,2,0,2,0,0,0,0,0,0,1,0,0,4,7.2,-1,-0.8,-0.2,0,FALSE,-11,-11,0,0,0,0,0,0
2026-07-11,114387,Evelina Sirsnina,LAT,Latvia,14,3,3,0,1,1,0,4,2,4,13,4,2,3,26.9,-9,-7.6,-1.4,1,TRUE,-11,-11,0,2,2,0,0,0
2026-07-11,114387,Madara Sakalova,LAT,Latvia,1,8,1,7,2,0,0,2,1,1,2,0,0,1,14.2,1,0.8,0.2,0,FALSE,-11,-11,0,0,0,0,0,0
2026-07-11,114387,Sarlote Skrebele,LAT,Latvia,18,3,0,3,2,2,0,2,4,3,15,6,3,3,29.3,-8,-6.7,-1.3,2,TRUE,-11,-11,1,2,3,0,4,0
2026-07-11,114390,Salimata Kone,CIV,Côte d'Ivoire,0,0,0,0,1,1,0,3,1,0,3,0,0,5,22.4,-53,-35.9,-17.1,1,TRUE,-93,-93,0,0,0,0,0,0
2026-07-11,114390,Fatima Diouf,CIV,Côte d'Ivoire,11,2,0,2,0,1,0,3,0,0,14,4,3,6,26.5,-55,-37.2,-17.8,1,TRUE,-93,-93,2,1,0,1,0,0
2026-07-11,114390,Sarah Keita,CIV,Côte d'Ivoire,0,4,3,1,0,0,0,3,2,0,1,0,0,1,13.2,-31,-21,-10,0,TRUE,-93,-93,0,0,0,0,0,0
2026-07-11,114390,Ella Kone,CIV,Côte d'Ivoire,3,1,0,1,0,1,0,2,1,1,2,1,0,5,11.7,-30,-20.3,-9.7,1,FALSE,-93,-93,0,0,1,0,0,0
2026-07-11,114390,Fatima  Konate,CIV,Côte d'Ivoire,0,0,0,0,3,0,0,1,1,0,0,0,0,2,5.8,-13,-8.8,-4.2,0,FALSE,-93,-93,0,0,0,0,0,0
2026-07-11,114390,Jane Mary Diomande,CIV,Côte d'Ivoire,0,1,1,0,1,4,1,5,4,0,6,0,0,5,28.1,-61,-41.3,-19.7,5,TRUE,-93,-93,0,0,0,0,0,0
2026-07-11,114390,Maelhys N'dri,CIV,Côte d'Ivoire,4,4,2,2,1,0,2,1,1,0,5,2,0,8,29.2,-65,-44,-21,2,TRUE,-93,-93,0,0,2,0,0,0
2026-07-11,114390,Abigail Dia,CIV,Côte d'Ivoire,5,2,1,1,1,0,0,3,4,1,9,2,0,6,21.3,-55,-37.2,-17.8,0,FALSE,-93,-93,0,0,2,0,2,0
2026-07-11,114390,Lalya  Diarisso,CIV,Côte d'Ivoire,0,2,0,2,0,0,0,1,0,0,2,0,0,1,11.3,-31,-21,-10,0,FALSE,-93,-93,0,0,0,0,0,0
2026-07-11,114390,Aichata Mambone,CIV,Côte d'Ivoire,0,0,0,0,0,0,0,1,1,0,0,0,0,0,14.1,-34,-23,-11,0,FALSE,-93,-93,0,0,0,0,0,0
2026-07-11,114390,Aminata  Kone,CIV,Côte d'Ivoire,1,3,0,3,1,0,1,3,1,1,5,0,0,3,15.4,-35,-23.7,-11.3,1,FALSE,-93,-93,0,0,0,0,0,0
2026-07-11,114390,Morghan Reckley,USA,USA,6,2,0,2,3,4,0,2,2,2,7,2,0,0,19.2,35,11.3,23.7,4,FALSE,+93,93,0,0,1,1,4,0
2026-07-11,114390,Nation Williams,USA,USA,11,11,5,6,2,6,2,4,7,5,9,3,0,2,18.1,39,12.6,26.4,8,FALSE,+93,93,0,0,2,0,2,2
2026-07-11,114390,Tatianna Griffin,USA,USA,15,6,3,3,4,4,0,0,1,1,14,7,0,1,19.5,41,13.2,27.8,4,FALSE,+93,93,0,0,4,2,2,4
2026-07-11,114390,Ivanna Wilson Manyacka,USA,USA,21,3,1,2,4,6,2,2,0,0,12,10,1,1,15.9,49,15.8,33.2,8,TRUE,+93,93,1,0,7,2,10,2
2026-07-11,114390,Micah Ojo,USA,USA,9,5,3,2,2,5,1,1,3,5,7,2,0,1,17.4,55,17.8,37.2,6,TRUE,+93,93,0,0,1,0,2,0
2026-07-11,114390,Maliya Hunter,USA,USA,6,9,7,2,2,3,0,2,2,0,7,3,0,1,19.9,42,13.6,28.4,3,FALSE,+93,93,0,0,2,1,2,2
2026-07-11,114390,Arianna Robinson,USA,USA,11,4,3,1,3,3,0,0,1,1,7,5,0,2,18.4,40,12.9,27.1,3,FALSE,+93,93,0,0,5,0,4,4
2026-07-11,114390,Olivia Jones,USA,USA,9,3,0,3,5,0,0,0,2,4,5,2,1,1,19.2,53,17.1,35.9,0,TRUE,+93,93,0,1,1,0,2,0
2026-07-11,114390,Eve Long,USA,USA,14,5,2,3,2,0,2,2,2,4,12,5,0,0,18.4,47,15.2,31.8,2,TRUE,+93,93,0,0,5,0,8,2
2026-07-11,114390,Nya Riak,USA,USA,4,5,1,4,0,1,0,2,4,2,4,1,0,0,16,25,8.1,16.9,1,FALSE,+93,93,0,0,1,0,0,2
2026-07-11,114390,Caroline Bradley,USA,USA,11,10,6,4,0,1,1,1,2,2,6,4,1,2,18,39,12.6,26.4,2,TRUE,+93,93,0,1,3,0,0,6
2026-07-11,114406,Zeina Amin,EGY,Egypt,6,8,4,4,3,2,1,4,2,2,6,2,0,3,24.4,-6,-4.7,-1.3,3,TRUE,-14,-14,0,0,2,0,0,4
2026-07-11,114406,Habiba Soliman,EGY,Egypt,0,0,0,0,0,0,0,2,0,0,1,0,0,0,7.2,-5,-4,-1,0,FALSE,-14,-14,0,0,0,0,0,0
2026-07-11,114406,Leila  Eissa,EGY,Egypt,14,2,0,2,0,2,0,1,1,1,13,6,1,0,27.3,-3,-2.4,-0.6,2,TRUE,-14,-14,0,1,2,0,2,0
2026-07-11,114406,Joudi Elsayed,EGY,Egypt,8,3,1,2,2,1,1,2,0,0,11,3,2,5,26.5,-8,-6.3,-1.7,2,TRUE,-14,-14,0,2,1,0,0,0
2026-07-11,114406,Hala Fetet,EGY,Egypt,0,1,0,1,0,0,0,0,0,0,1,0,0,0,4.3,0,0,0,0,FALSE,-14,-14,0,0,0,0,0,0
2026-07-11,114406,Mariam Elshenawy,EGY,Egypt,7,7,3,4,1,1,0,4,5,1,7,3,0,2,24.4,-12,-9.5,-2.5,1,TRUE,-14,-14,0,0,3,0,0,4
2026-07-11,114406,Jodi  Abdalla,EGY,Egypt,10,3,1,2,1,1,0,3,3,4,8,3,0,2,22.4,-2,-1.6,-0.4,1,FALSE,-14,-14,0,0,3,0,0,2
2026-07-11,114406,Fatma Abdella,EGY,Egypt,14,2,0,2,1,2,0,1,3,3,12,5,1,3,19.8,-3,-2.4,-0.6,2,TRUE,-14,-14,0,1,4,0,2,0
2026-07-11,114406,Dana Abdalaa,EGY,Egypt,2,2,0,2,3,1,0,0,0,0,3,1,0,2,17.7,-10,-7.9,-2.1,1,FALSE,-14,-14,0,0,0,1,0,0
2026-07-11,114406,Hania  Hassabelnaby,EGY,Egypt,4,5,2,3,1,4,1,1,2,0,10,2,0,2,21.5,-13,-10.3,-2.7,5,FALSE,-14,-14,0,0,2,0,2,0
2026-07-11,114406,Sedra   Elshafey,EGY,Egypt,0,1,1,0,0,0,0,0,1,0,1,0,0,0,4.5,-8,-6.3,-1.7,0,FALSE,-14,-14,0,0,0,0,0,0
2026-07-11,114406,Areta Kahura,NZL,New Zealand,4,1,0,1,1,0,0,0,0,0,6,2,0,2,11.3,-5,-1,-4,0,FALSE,+14,14,0,0,1,1,2,0
2026-07-11,114406,Charis Broughton,NZL,New Zealand,18,1,0,1,1,0,0,1,2,2,9,6,4,3,18.5,12,2.5,9.5,0,TRUE,+14,14,1,3,2,0,7,0
2026-07-11,114406,Imani Rasmussen,NZL,New Zealand,14,11,4,7,1,1,1,4,4,2,14,6,0,4,22.1,9,1.9,7.1,2,TRUE,+14,14,0,0,4,0,4,0
2026-07-11,114406,Sinai Foai,NZL,New Zealand,0,0,0,0,1,0,0,1,1,0,0,0,0,1,7.8,-4,-0.8,-3.2,0,FALSE,+14,14,0,0,0,0,0,0
2026-07-11,114406,Shamar Broughton,NZL,New Zealand,10,3,1,2,3,1,0,2,1,0,7,4,2,4,21.3,0,0,0,1,FALSE,+14,14,0,2,0,1,0,0
2026-07-11,114406,Ava Jones,NZL,New Zealand,14,3,1,2,1,6,0,0,3,0,8,5,4,2,20.2,19,4,15,6,TRUE,+14,14,1,3,1,0,0,0
2026-07-11,114406,Elisa Brown,NZL,New Zealand,4,1,1,0,2,0,0,1,0,0,5,2,0,2,10.6,1,0.2,0.8,0,FALSE,+14,14,0,0,2,0,2,2
2026-07-11,114406,Emilia Ainley,NZL,New Zealand,4,7,3,4,2,1,1,2,3,2,3,1,0,2,25.8,9,1.9,7.1,2,TRUE,+14,14,0,0,1,0,0,2
2026-07-11,114406,Katie Moors,NZL,New Zealand,0,5,0,5,2,1,0,2,0,0,1,0,0,1,12.4,4,0.8,3.2,1,FALSE,+14,14,0,0,0,0,0,0
2026-07-11,114406,Sienna Maurice,NZL,New Zealand,2,6,0,6,7,0,0,1,1,0,3,1,0,1,23,18,3.8,14.2,0,TRUE,+14,14,0,0,1,0,2,0
2026-07-11,114406,Madelin Eliadis,NZL,New Zealand,9,4,1,3,1,0,0,2,2,2,9,3,1,1,10.6,1,0.2,0.8,0,FALSE,+14,14,1,0,2,0,2,3
2026-07-11,114406,Nahala Toeleiu,NZL,New Zealand,0,3,2,1,1,1,0,1,1,0,1,0,0,2,16.4,6,1.3,4.7,1,FALSE,+14,14,0,0,0,0,0,0
2026-07-11,114405,Olivia Lelli,ITA,Italy,6,3,3,0,2,0,0,5,0,0,8,3,0,1,14.7,-9,-7.4,-1.6,0,FALSE,-15,-15,0,0,2,0,2,6
2026-07-11,114405,Alessandra Padulo,ITA,Italy,2,4,0,4,1,0,0,4,0,0,5,1,0,2,11.2,1,0.8,0.2,0,FALSE,-15,-15,0,0,0,1,0,0
2026-07-11,114405,Emilia Magni,ITA,Italy,0,1,0,1,2,0,0,1,0,0,4,0,0,0,12.5,-10,-8.2,-1.8,0,FALSE,-15,-15,0,0,0,0,0,0
2026-07-11,114405,Isabel Hassan,ITA,Italy,12,4,0,4,2,1,1,4,2,1,13,4,3,3,25.6,-7,-5.7,-1.3,2,TRUE,-15,-15,1,2,1,0,2,0
2026-07-11,114405,Sofia Zuccon,ITA,Italy,11,14,4,10,0,3,0,2,6,1,12,5,0,1,25.2,-3,-2.5,-0.5,3,TRUE,-15,-15,0,0,5,0,2,4
2026-07-11,114405,Anna Sablich,ITA,Italy,8,2,1,1,1,0,1,2,2,2,7,2,2,1,21.4,-9,-7.4,-1.6,1,TRUE,-15,-15,1,1,0,0,0,3
2026-07-11,114405,Aisha Diagne,ITA,Italy,6,0,0,0,3,2,1,1,1,0,3,2,2,0,14.9,5,4.1,0.9,3,TRUE,-15,-15,1,1,0,0,0,0
2026-07-11,114405,Eleonora Tavella,ITA,Italy,0,1,0,1,2,0,0,0,0,0,3,0,0,0,9.8,-3,-2.5,-0.5,0,FALSE,-15,-15,0,0,0,0,0,0
2026-07-11,114405,Martina Pasqualetti,ITA,Italy,0,0,0,0,2,0,0,1,0,0,2,0,0,0,10,-12,-9.8,-2.2,0,FALSE,-15,-15,0,0,0,0,0,0
2026-07-11,114405,Mariana Nako Moni,ITA,Italy,0,5,3,2,0,0,1,3,1,0,1,0,0,4,22.5,-16,-13.1,-2.9,1,TRUE,-15,-15,0,0,0,0,0,0
2026-07-11,114405,Amelia Bianco Rossignoli,ITA,Italy,2,2,0,2,0,0,0,0,0,0,5,1,0,1,13,-4,-3.3,-0.7,0,FALSE,-15,-15,0,0,1,0,0,0
2026-07-11,114405,Susanna Perego,ITA,Italy,7,3,0,3,1,0,0,2,1,0,7,3,1,0,19.4,-8,-6.5,-1.5,0,FALSE,-15,-15,0,1,1,0,2,0
2026-07-11,114405,Lexi Wee,CAN,Canada,2,2,1,1,1,1,0,0,1,0,7,1,0,1,12.3,2,0.4,1.6,1,FALSE,+15,15,0,0,1,0,0,0
2026-07-11,114405,Jordyn Nohr,CAN,Canada,3,4,0,4,5,0,0,0,0,0,2,1,1,2,16,9,1.6,7.4,0,FALSE,+15,15,0,1,0,0,0,0
2026-07-11,114405,Portia Reisen,CAN,Canada,14,1,0,1,2,2,0,0,1,1,14,5,3,1,25.7,2,0.4,1.6,2,TRUE,+15,15,0,3,1,1,0,0
2026-07-11,114405,Ashley Vande Ven,CAN,Canada,5,2,1,1,0,0,0,2,1,0,9,2,1,0,19,12,2.2,9.8,0,TRUE,+15,15,0,1,0,0,2,0
2026-07-11,114405,Pippa Gibb,CAN,Canada,6,4,2,2,4,2,0,2,0,0,5,2,2,2,16.7,3,0.5,2.5,2,FALSE,+15,15,0,2,0,0,0,0
2026-07-11,114405,Avery Arije,CAN,Canada,17,6,1,5,2,0,0,1,7,9,11,4,0,3,26.1,11,2,9,0,TRUE,+15,15,0,0,4,0,4,2
2026-07-11,114405,Grace Pongang,CAN,Canada,7,4,1,3,0,1,2,3,5,1,5,3,0,0,16.1,12,2.2,9.8,3,FALSE,+15,15,0,0,2,0,0,0
2026-07-11,114405,Emerald Nnani,CAN,Canada,6,6,4,2,3,0,0,1,4,2,6,2,0,2,22.3,9,1.6,7.4,0,TRUE,+15,15,0,0,2,0,0,2
2026-07-11,114405,Frances Vollett,CAN,Canada,8,8,4,4,0,0,1,2,3,5,5,1,1,1,23.2,18,3.3,14.7,1,TRUE,+15,15,0,1,0,0,0,0
2026-07-11,114405,Sienna Morris,CAN,Canada,0,3,3,0,0,0,0,1,1,0,0,0,0,1,7.2,1,0.2,0.8,0,FALSE,+15,15,0,0,0,0,0,0
2026-07-11,114405,Gabrielle Fajemirokun,CAN,Canada,1,5,2,3,0,0,2,1,2,1,2,0,0,1,15.3,-4,-0.7,-3.3,2,FALSE,+15,15,0,0,0,0,0,0
2026-07-11,114399,Aya Ishiwata,JPN,Japan,3,1,0,1,0,0,0,1,1,1,3,1,0,0,7.3,-5,-0.5,-4.5,0,FALSE,+22,22,0,0,1,0,2,0
2026-07-11,114399,Honoka Yasui,JPN,Japan,7,3,0,3,1,0,0,3,2,2,4,2,1,1,11,-7,-0.7,-6.3,0,FALSE,+22,22,1,0,1,0,2,0
2026-07-11,114399,Chihiro Ito,JPN,Japan,2,2,1,1,0,0,0,0,1,0,4,1,0,1,12.9,0,0,0,0,FALSE,+22,22,0,0,0,1,0,0
2026-07-11,114399,Kohse Hosozawa,JPN,Japan,8,7,0,7,3,3,1,3,2,1,11,3,1,0,28.6,13,1.3,11.7,4,TRUE,+22,22,0,1,1,1,0,0
2026-07-11,114399,Kiino Nakazawa,JPN,Japan,0,5,0,5,0,1,0,1,0,0,4,0,0,0,18.1,14,1.4,12.6,1,TRUE,+22,22,0,0,0,0,0,0
2026-07-11,114399,Rei Ando,JPN,Japan,1,3,0,3,1,1,0,1,3,1,2,0,0,1,11.4,9,0.9,8.1,1,FALSE,+22,22,0,0,0,0,0,0
2026-07-11,114399,Miya Takeuchi,JPN,Japan,16,3,1,2,7,1,0,3,2,3,12,6,1,2,28.9,25,2.5,22.5,1,TRUE,+22,22,0,1,3,1,0,0
2026-07-11,114399,Kako Otsuki,JPN,Japan,16,5,3,2,1,1,0,3,4,3,11,5,3,2,19.4,17,1.7,15.3,1,TRUE,+22,22,1,2,2,0,2,0
2026-07-11,114399,Nene Gondo,JPN,Japan,2,2,2,0,1,1,0,2,0,0,5,1,0,0,12.4,13,1.3,11.7,1,FALSE,+22,22,0,0,1,0,2,0
2026-07-11,114399,Momoka Kaji,JPN,Japan,0,3,2,1,0,0,0,0,0,0,2,0,0,1,8.6,-5,-0.5,-4.5,0,FALSE,+22,22,0,0,0,0,0,0
2026-07-11,114399,Sora Shimizu,JPN,Japan,1,2,0,2,0,0,0,2,1,1,1,0,0,0,14.6,13,1.3,11.7,0,FALSE,+22,22,0,0,0,0,0,0
2026-07-11,114399,Ran Kobayashi,JPN,Japan,14,12,8,4,0,0,0,4,5,3,11,5,1,2,26.7,23,2.3,20.7,0,TRUE,+22,22,0,1,4,0,4,4
2026-07-11,114399,Diocelin Zuniga Hurtado,COL,Colombia,13,11,4,7,1,1,0,4,4,1,14,6,0,1,29,-5,-4.5,-0.5,1,TRUE,-22,-22,0,0,5,0,0,4
2026-07-11,114399,Maria Superlano,COL,Colombia,9,2,0,2,0,1,0,4,5,3,9,3,0,4,20.6,-17,-15.3,-1.7,1,TRUE,-22,-22,0,0,2,0,2,0
2026-07-11,114399,Keren Bertel,COL,Colombia,9,5,1,4,2,0,0,3,7,7,5,1,0,2,25.7,-18,-16.2,-1.8,0,TRUE,-22,-22,0,0,1,0,0,0
2026-07-11,114399,Elba Escorcia,COL,Colombia,11,1,1,0,0,0,0,2,4,6,3,2,1,2,19.8,-3,-2.7,-0.3,0,FALSE,-22,-22,0,1,1,0,0,0
2026-07-11,114399,Alisson Restrepo,COL,Colombia,3,4,0,4,0,2,1,2,1,0,9,1,1,1,19,-16,-14.4,-1.6,3,TRUE,-22,-22,0,1,0,0,0,0
2026-07-11,114399,Sara Murillo,COL,Colombia,0,0,0,0,0,0,0,0,0,0,1,0,0,0,4.6,-8,-7.2,-0.8,0,FALSE,-22,-22,0,0,0,0,0,0
2026-07-11,114399,Dayra Pedroza,COL,Colombia,3,2,0,2,0,1,0,1,0,0,2,1,1,1,17.7,-15,-13.5,-1.5,1,FALSE,-22,-22,1,0,0,0,0,0
2026-07-11,114399,Mariangel Serna,COL,Colombia,0,3,2,1,4,0,0,1,1,0,2,0,0,3,17.6,-2,-1.8,-0.2,0,FALSE,-22,-22,0,0,0,0,0,0
2026-07-11,114399,Maria Mendez,COL,Colombia,0,0,0,0,0,0,0,1,0,0,2,0,0,0,12.8,-7,-6.3,-0.7,0,FALSE,-22,-22,0,0,0,0,0,0
2026-07-11,114399,Maria Millan,COL,Colombia,0,1,0,1,0,0,0,1,0,0,0,0,0,0,6.2,-6,-5.4,-0.6,0,FALSE,-22,-22,0,0,0,0,0,0
2026-07-11,114399,Mariana Paz,COL,Colombia,0,10,4,6,1,0,1,2,1,0,6,0,0,1,25.6,-12,-10.8,-1.2,1,TRUE,-22,-22,0,0,0,0,0,0
2026-07-11,114400,Sofia Robson,CZE,Czechia,5,6,3,3,3,1,0,5,6,3,9,1,0,1,33.2,2,1.3,0.7,1,TRUE,-8,-8,0,0,0,0,0,0
2026-07-11,114400,Dominika Pencakova,CZE,Czechia,23,8,4,4,4,2,2,4,3,3,24,8,4,2,31.5,-1,-0.6,-0.4,4,TRUE,-8,-8,3,1,2,0,4,0
2026-07-11,114400,Ema Novakova,CZE,Czechia,0,2,0,2,0,2,3,2,2,0,4,0,0,1,22.6,-10,-6.3,-3.7,5,TRUE,-8,-8,0,0,0,0,0,0
2026-07-11,114400,Ema Bartosova,CZE,Czechia,9,9,5,4,1,2,0,5,6,1,9,4,0,4,25.2,9,5.7,3.3,2,TRUE,-8,-8,0,0,2,0,0,8
2026-07-11,114400,Anezka Misikova,CZE,Czechia,1,1,1,0,0,0,0,1,1,1,0,0,0,0,3.7,-3,-1.9,-1.1,0,FALSE,-8,-8,0,0,0,0,0,0
2026-07-11,114400,Tereza Sykorova,CZE,Czechia,6,2,0,2,0,0,0,1,2,1,2,2,1,1,15.1,0,0,0,0,FALSE,-8,-8,1,0,1,0,0,0
2026-07-11,114400,Linda Kotrcova,CZE,Czechia,3,1,0,1,3,1,0,3,1,0,8,1,1,1,24.6,7,4.4,2.6,1,TRUE,-8,-8,0,1,0,0,0,0
2026-07-11,114400,Martina Parizkova,CZE,Czechia,4,0,0,0,0,0,0,1,0,0,3,2,0,0,5.9,-4,-2.5,-1.5,0,FALSE,-8,-8,0,0,1,0,0,0
2026-07-11,114400,Vendula Salakova,CZE,Czechia,4,1,1,0,1,0,0,1,0,0,4,2,0,6,17.3,-15,-9.5,-5.5,0,FALSE,-8,-8,0,0,2,0,2,0
2026-07-11,114400,Laura Marcolova,CZE,Czechia,0,2,2,0,0,0,0,2,0,0,4,0,0,0,9.7,-14,-8.8,-5.2,0,FALSE,-8,-8,0,0,0,0,0,0
2026-07-11,114400,Adela Ruzickova,CZE,Czechia,0,1,0,1,0,0,0,0,0,0,1,0,0,0,4.3,-3,-1.9,-1.1,0,FALSE,-8,-8,0,0,0,0,0,0
2026-07-11,114400,Julie Prichystalova,CZE,Czechia,0,3,0,3,0,1,0,2,0,0,0,0,0,1,6.8,-8,-5,-3,1,FALSE,-8,-8,0,0,0,0,0,0
2026-07-11,114400,Zala Canzek,SLO,Slovenia,2,1,1,0,1,1,0,1,0,0,2,1,0,0,7.8,-3,-1.1,-1.9,1,FALSE,+8,8,0,0,1,0,0,0
2026-07-11,114400,Julija Bukovec,SLO,Slovenia,0,1,1,0,0,0,0,2,0,0,2,0,0,0,5.6,-8,-3,-5,0,FALSE,+8,8,0,0,0,0,0,0
2026-07-11,114400,Ines Fritz,SLO,Slovenia,4,1,0,1,3,3,0,5,2,2,2,1,0,2,19.5,3,1.1,1.9,3,TRUE,+8,8,0,0,1,0,2,0
2026-07-11,114400,Anais Gobec,SLO,Slovenia,11,5,1,4,2,4,2,3,6,9,6,1,0,1,19.5,5,1.8,3.2,6,FALSE,+8,8,0,0,1,0,0,2
2026-07-11,114400,Ota Pozin,SLO,Slovenia,6,5,1,4,4,2,0,0,2,1,6,2,1,3,30.1,13,4.8,8.2,2,TRUE,+8,8,0,1,1,0,2,0
2026-07-11,114400,Ema Stavrov,SLO,Slovenia,6,8,4,4,0,1,0,2,2,2,8,2,0,1,15.1,-3,-1.1,-1.9,1,FALSE,+8,8,0,0,2,0,2,0
2026-07-11,114400,Marina Josipovic,SLO,Slovenia,8,1,0,1,0,0,1,2,2,3,4,2,1,0,13.6,2,0.7,1.3,1,FALSE,+8,8,1,0,1,0,2,0
2026-07-11,114400,Ema Krzisnik,SLO,Slovenia,1,2,0,2,1,1,0,1,3,1,3,0,0,1,15.5,-2,-0.7,-1.3,1,FALSE,+8,8,0,0,0,0,0,0
2026-07-11,114400,Ema Lorbek,SLO,Slovenia,2,1,0,1,1,0,1,3,1,2,2,0,0,2,12.2,4,1.5,2.5,1,FALSE,+8,8,0,0,0,0,0,0
2026-07-11,114400,Hana Jerkovic,SLO,Slovenia,10,5,1,4,5,0,1,1,2,0,7,4,2,3,19.1,10,3.7,6.3,1,TRUE,+8,8,0,2,0,0,0,0
2026-07-11,114400,Veronika Ferjancic,SLO,Slovenia,10,6,0,6,0,0,3,0,5,4,8,3,0,1,23.6,13,4.8,8.2,3,TRUE,+8,8,0,0,2,0,0,0
2026-07-11,114400,Zala Mali,SLO,Slovenia,3,4,4,0,0,2,0,1,2,1,3,1,0,1,18.4,6,2.2,3.8,2,TRUE,+8,8,0,0,1,0,0,0
2026-07-11,114391,Jordan Martin,MEX,Mexico,1,2,0,2,0,0,0,1,1,1,0,0,0,1,6,-5,-4,-1,0,FALSE,-29,-29,0,0,0,0,0,0
2026-07-11,114391,Mariana Diaz,MEX,Mexico,4,4,0,4,5,1,1,4,2,2,10,1,0,3,33.1,-24,-19.3,-4.7,2,TRUE,-29,-29,0,0,1,0,0,0
2026-07-11,114391,Jimena Velazquez,MEX,Mexico,15,8,0,8,4,0,0,4,3,4,17,5,1,0,33.1,-22,-17.7,-4.3,0,TRUE,-29,-29,0,1,3,1,2,0
2026-07-11,114391,Ivanna Olalde,MEX,Mexico,9,3,1,2,1,2,1,1,1,2,6,3,1,0,19,-19,-15.3,-3.7,3,FALSE,-29,-29,0,1,0,1,0,0
2026-07-11,114391,Aislin Tamez,MEX,Mexico,6,6,1,5,3,0,1,3,5,2,11,2,0,1,29.6,-15,-12,-3,1,TRUE,-29,-29,0,0,1,0,2,0
2026-07-11,114391,Yania Valverde,MEX,Mexico,7,3,0,3,1,2,0,3,0,0,11,3,1,1,24.6,-14,-11.2,-2.8,2,TRUE,-29,-29,0,1,0,1,0,0
2026-07-11,114391,Isamar Rumbo,MEX,Mexico,3,1,0,1,1,0,0,2,1,0,4,1,1,0,21.8,-24,-19.3,-4.7,0,FALSE,-29,-29,1,0,0,0,0,0
2026-07-11,114391,Isabella Martinez,MEX,Mexico,0,0,0,0,0,0,0,0,1,0,0,0,0,0,2.2,-2,-1.6,-0.4,0,FALSE,-29,-29,0,0,0,0,0,0
2026-07-11,114391,Marisol Gomez,MEX,Mexico,6,3,1,2,0,0,2,4,1,0,5,2,2,1,20.9,-12,-9.6,-2.4,2,TRUE,-29,-29,0,2,0,0,0,0
2026-07-11,114391,Samantha Patino,MEX,Mexico,0,0,0,0,0,0,0,2,0,0,3,0,0,0,9.6,-8,-6.4,-1.6,0,FALSE,-29,-29,0,0,0,0,0,0
2026-07-11,114391,Xuan Sun,CHN,People 's Republic of China,9,3,0,3,3,0,0,2,3,0,5,3,3,1,32,20,3.9,16.1,0,TRUE,+29,29,0,3,0,0,0,0
2026-07-11,114391,Xinyue Wang,CHN,People 's Republic of China,6,1,0,1,0,0,0,1,0,0,4,3,0,0,5.8,8,1.6,6.4,0,FALSE,+29,29,0,0,3,0,4,0
2026-07-11,114391,Yu Jia,CHN,People 's Republic of China,8,5,0,5,2,0,0,0,1,0,5,3,2,0,12.1,19,3.7,15.3,0,TRUE,+29,29,2,0,1,0,2,0
2026-07-11,114391,Ruoyan Sun,CHN,People 's Republic of China,0,0,0,0,2,1,0,2,1,0,1,0,0,1,6.1,5,1,4,1,FALSE,+29,29,0,0,0,0,0,0
2026-07-11,114391,Ying Feng,CHN,People 's Republic of China,2,2,1,1,2,0,0,1,3,2,3,0,0,0,10.4,16,3.2,12.8,0,FALSE,+29,29,0,0,0,0,0,0
2026-07-11,114391,Mengjie Wu,CHN,People 's Republic of China,2,3,2,1,1,0,1,1,1,2,3,0,0,2,18.6,-5,-1,-4,1,TRUE,+29,29,0,0,0,0,0,0
2026-07-11,114391,Yuanshan Li,CHN,People 's Republic of China,24,3,1,2,6,0,1,0,4,3,22,9,3,0,29.9,19,3.7,15.3,1,FALSE,+29,29,1,2,3,0,4,0
2026-07-11,114391,Hanyun Sun,CHN,People 's Republic of China,12,11,1,10,5,0,1,4,5,2,15,4,2,2,33.3,19,3.7,15.3,1,TRUE,+29,29,1,1,1,0,2,0
2026-07-11,114391,Yunshu Pang,CHN,People 's Republic of China,11,14,7,7,0,1,0,2,4,5,9,3,0,1,26.1,5,1,4,1,TRUE,+29,29,0,0,2,0,2,4
2026-07-11,114391,Yatong Tang,CHN,People 's Republic of China,4,6,1,5,1,0,1,1,1,0,3,2,0,2,15.7,28,5.5,22.5,1,FALSE,+29,29,0,0,2,0,0,0
2026-07-11,114391,Jiayi Wan,CHN,People 's Republic of China,2,2,0,2,1,0,1,1,1,0,2,1,0,0,7.6,10,2,8,1,FALSE,+29,29,0,0,0,1,0,0
2026-07-11,114391,Yiming Wang,CHN,People 's Republic of China,0,4,1,3,0,0,0,0,0,0,0,0,0,1,2.5,1,0.2,0.8,0,FALSE,+29,29,0,0,0,0,0,0
2026-07-11,114394,Amelie Mbah,GER,Germany,0,3,1,2,1,0,1,2,0,0,0,0,0,0,12.4,-14,-10.6,-3.4,1,FALSE,-26,-26,0,0,0,0,0,0
2026-07-11,114394,Leonie Pfanzelt,GER,Germany,7,3,0,3,3,0,0,2,2,0,6,3,1,6,23.3,-12,-9.1,-2.9,0,FALSE,-26,-26,0,1,0,2,0,0
2026-07-11,114394,Linda Thimm,GER,Germany,0,1,0,1,0,0,0,1,0,0,4,0,0,4,11.4,-12,-9.1,-2.9,0,FALSE,-26,-26,0,0,0,0,0,0
2026-07-11,114394,Moescha Feunou Bakam,GER,Germany,2,5,1,4,0,1,0,4,3,0,1,1,0,2,14.4,-11,-8.3,-2.7,1,FALSE,-26,-26,0,0,1,0,0,0
2026-07-11,114394,Darina Zraychenko,GER,Germany,1,1,0,1,2,2,0,2,3,1,6,0,0,3,22.3,-17,-12.9,-4.1,2,TRUE,-26,-26,0,0,0,0,0,0
2026-07-11,114394,Leni Schramm-Bunning,GER,Germany,9,2,0,2,0,0,0,2,0,0,6,3,3,1,8.2,-1,-0.8,-0.2,0,FALSE,-26,-26,3,0,0,0,0,0
2026-07-11,114394,Lara Gierlich,GER,Germany,8,3,0,3,1,0,0,2,1,2,4,2,2,2,23.2,-13,-9.8,-3.2,0,TRUE,-26,-26,2,0,0,0,0,0
2026-07-11,114394,Mia Wiegand,GER,Germany,7,5,1,4,2,0,0,2,3,3,6,2,0,6,24.2,-22,-16.6,-5.4,0,TRUE,-26,-26,0,0,2,0,2,0
2026-07-11,114394,Frederike Askamp,GER,Germany,3,5,1,4,2,1,0,2,4,3,6,0,0,4,22.2,-22,-16.6,-5.4,1,TRUE,-26,-26,0,0,0,0,0,0
2026-07-11,114394,Mathilda Haensch,GER,Germany,0,0,0,0,2,0,1,2,0,0,0,0,0,1,16.4,-9,-6.8,-2.2,1,TRUE,-26,-26,0,0,0,0,0,0
2026-07-11,114394,Nele Prowaznik,GER,Germany,1,2,0,2,0,1,0,2,1,1,0,0,0,0,11.2,-3,-2.3,-0.7,1,FALSE,-26,-26,0,0,0,0,0,0
2026-07-11,114394,Silvia Heide,GER,Germany,2,3,0,3,0,0,1,0,3,2,2,0,0,0,10.8,6,4.5,1.5,1,FALSE,-26,-26,0,0,0,0,0,0
2026-07-11,114394,Paula Valenzuela,ESP,Spain,9,1,0,1,2,1,0,2,2,0,8,4,1,0,21.6,12,2.9,9.1,1,FALSE,+26,26,0,1,3,0,0,0
2026-07-11,114394,Isabel Hernandez,ESP,Spain,18,2,0,2,5,2,0,0,2,2,15,8,0,2,22.3,20,4.9,15.1,2,TRUE,+26,26,0,0,5,2,10,0
2026-07-11,114394,Carla Cherry,ESP,Spain,4,2,1,1,2,4,0,1,4,0,8,2,0,2,18.6,6,1.5,4.5,4,FALSE,+26,26,0,0,2,0,0,0
2026-07-11,114394,Ona Balleste,ESP,Spain,5,0,0,0,0,1,1,1,1,0,5,2,1,3,10.3,11,2.7,8.3,2,TRUE,+26,26,0,1,1,0,0,0
2026-07-11,114394,Sarai Teijeira,ESP,Spain,7,4,4,0,0,0,0,0,4,5,4,1,0,1,8.9,8,2,6,0,FALSE,+26,26,0,0,1,0,0,0
2026-07-11,114394,Elia Pérez,ESP,Spain,0,0,0,0,0,0,0,0,0,0,4,0,0,0,8.9,1,0.2,0.8,0,FALSE,+26,26,0,0,0,0,0,0
2026-07-11,114394,Trinity Ezeanatogu,ESP,Spain,6,10,3,7,2,4,2,5,5,4,6,1,0,2,21.3,16,3.9,12.1,6,TRUE,+26,26,0,0,1,0,0,0
2026-07-11,114394,Elizabeth Abubakar,ESP,Spain,0,5,3,2,0,1,0,4,1,0,2,0,0,1,12.7,4,1,3,1,TRUE,+26,26,0,0,0,0,0,0
2026-07-11,114394,Amelia Alonso,ESP,Spain,3,7,2,5,2,0,0,3,1,1,8,1,0,0,18,13,3.2,9.8,0,FALSE,+26,26,0,0,1,0,0,2
2026-07-11,114394,Ana Maria Hernanz,ESP,Spain,2,6,5,1,5,5,0,3,0,0,6,1,0,0,21.3,21,5.1,15.9,5,FALSE,+26,26,0,0,1,0,0,2
2026-07-11,114394,Sandra Davila,ESP,Spain,6,7,4,3,1,1,1,1,2,0,10,3,0,2,20,6,1.5,4.5,2,TRUE,+26,26,0,0,3,0,2,0
2026-07-11,114394,Anna Smykovskaia,ESP,Spain,6,8,6,2,2,3,0,0,1,0,5,3,0,0,16.1,12,2.9,9.1,3,FALSE,+26,26,0,0,2,0,0,2
2026-07-12,114403,Areta Kahura,NZL,New Zealand,12,1,0,1,0,0,0,0,0,0,6,4,4,0,13,17,4.1,12.9,0,FALSE,+12,12,1,3,0,0,0,0
2026-07-12,114403,Charis Broughton,NZL,New Zealand,0,3,1,2,1,1,0,0,0,0,9,0,0,1,21.7,-5,-1.2,-3.8,1,TRUE,+12,12,0,0,0,0,0,0
2026-07-12,114403,Imani Rasmussen,NZL,New Zealand,16,5,2,3,3,1,0,1,7,6,11,5,0,1,28.8,2,0.5,1.5,1,TRUE,+12,12,0,0,5,0,2,0
2026-07-12,114403,Sinai Foai,NZL,New Zealand,0,2,2,0,3,1,0,0,0,0,5,0,0,1,10.3,6,1.4,4.6,1,FALSE,+12,12,0,0,0,0,0,0
2026-07-12,114403,Shamar Broughton,NZL,New Zealand,14,2,1,1,1,1,0,2,1,0,14,6,2,4,20.5,17,4.1,12.9,1,FALSE,+12,12,0,2,3,0,0,0
2026-07-12,114403,Ava Jones,NZL,New Zealand,0,1,0,1,0,0,0,1,2,0,4,0,0,2,9.9,-11,-2.7,-8.3,0,TRUE,+12,12,0,0,0,0,0,0
2026-07-12,114403,Elisa Brown,NZL,New Zealand,2,1,0,1,1,0,0,0,0,0,3,1,0,4,9.1,-7,-1.7,-5.3,0,FALSE,+12,12,0,0,0,0,0,0
2026-07-12,114403,Emilia Ainley,NZL,New Zealand,6,11,3,8,1,0,1,2,0,0,5,3,0,3,24.2,-1,-0.2,-0.8,1,TRUE,+12,12,0,0,3,0,0,0
2026-07-12,114403,Katie Moors,NZL,New Zealand,2,9,4,5,4,4,0,0,2,0,3,1,0,2,16.7,17,4.1,12.9,4,FALSE,+12,12,0,0,0,0,0,2
2026-07-12,114403,Sienna Maurice,NZL,New Zealand,7,4,1,3,4,0,0,1,1,0,4,3,1,0,23.9,-3,-0.7,-2.3,0,TRUE,+12,12,0,1,2,0,2,2
2026-07-12,114403,Madelin Eliadis,NZL,New Zealand,3,2,1,1,1,0,0,0,1,3,1,0,0,0,6.6,9,2.2,6.8,0,FALSE,+12,12,0,0,0,0,0,0
2026-07-12,114403,Nahala Toeleiu,NZL,New Zealand,6,2,0,2,2,0,0,0,0,0,4,3,0,0,15.2,19,4.6,14.4,0,FALSE,+12,12,0,0,2,0,0,0
2026-07-12,114403,Olivia Lelli,ITA,Italy,11,2,0,2,0,1,0,0,2,0,8,5,1,0,16,-7,-5.3,-1.7,1,FALSE,-12,-12,1,0,3,1,4,0
2026-07-12,114403,Alessandra Padulo,ITA,Italy,4,5,1,4,1,0,2,1,2,0,5,2,0,0,20.7,1,0.8,0.2,2,FALSE,-12,-12,0,0,1,0,2,0
2026-07-12,114403,Emilia Magni,ITA,Italy,6,1,0,1,1,0,0,1,0,0,10,2,2,2,22.3,-1,-0.8,-0.2,0,TRUE,-12,-12,0,2,0,0,0,0
2026-07-12,114403,Isabel Hassan,ITA,Italy,16,6,1,5,4,2,1,2,2,1,15,6,3,3,28.9,-3,-2.3,-0.7,3,TRUE,-12,-12,0,3,1,0,0,0
2026-07-12,114403,Sofia Zuccon,ITA,Italy,2,6,1,5,1,1,1,4,0,0,3,1,0,2,13.1,-14,-10.6,-3.4,2,TRUE,-12,-12,0,0,1,0,0,0
2026-07-12,114403,Anna Sablich,ITA,Italy,7,0,0,0,2,2,1,0,1,0,9,3,1,2,21.1,-12,-9.1,-2.9,3,FALSE,-12,-12,0,1,0,2,0,0
2026-07-12,114403,Aisha Diagne,ITA,Italy,0,2,2,0,0,2,0,1,0,0,5,0,0,1,17.4,-11,-8.3,-2.7,2,TRUE,-12,-12,0,0,0,0,0,0
2026-07-12,114403,Eleonora Tavella,ITA,Italy,0,2,1,1,1,0,0,0,0,0,0,0,0,0,8,8,6.1,1.9,0,FALSE,-12,-12,0,0,0,0,0,0
2026-07-12,114403,Martina Pasqualetti,ITA,Italy,5,1,0,1,2,0,0,1,0,0,2,2,1,0,12.6,-3,-2.3,-0.7,0,FALSE,-12,-12,1,0,0,1,0,0
2026-07-12,114403,Mariana Nako Moni,ITA,Italy,0,2,1,1,0,0,0,3,0,0,0,0,0,0,11,2,1.5,0.5,0,TRUE,-12,-12,0,0,0,0,0,0
2026-07-12,114403,Amelia Bianco Rossignoli,ITA,Italy,0,1,0,1,1,0,0,0,0,0,3,0,0,2,15.3,-4,-3,-1,0,FALSE,-12,-12,0,0,0,0,0,0
2026-07-12,114403,Susanna Perego,ITA,Italy,5,3,1,2,0,0,0,1,0,0,7,2,1,3,13.4,-16,-12.1,-3.9,0,FALSE,-12,-12,0,1,1,0,0,2
2026-07-12,114408,Lexi Wee,CAN,Canada,2,2,0,2,4,1,0,1,4,2,5,0,0,3,19.2,8,0,8,1,FALSE,+20,20,0,0,0,0,0,0
2026-07-12,114408,Jordyn Nohr,CAN,Canada,9,3,1,2,0,2,0,0,0,0,10,4,1,0,20.1,9,0,9,2,FALSE,+20,20,0,1,1,1,0,0
2026-07-12,114408,Samera Jeffers,CAN,Canada,1,0,0,0,0,1,0,0,1,1,2,0,0,1,9.5,8,0,8,1,FALSE,+20,20,0,0,0,0,0,0
2026-07-12,114408,Portia Reisen,CAN,Canada,6,2,0,2,2,0,0,4,3,2,4,2,0,0,16,7,0,7,0,TRUE,+20,20,0,0,2,0,0,0
2026-07-12,114408,Ashley Vande Ven,CAN,Canada,10,12,4,8,2,0,0,2,0,0,11,4,2,2,24.4,14,0,14,0,TRUE,+20,20,2,0,2,0,0,2
2026-07-12,114408,Pippa Gibb,CAN,Canada,1,2,1,1,3,0,0,3,1,1,4,0,0,2,10.2,-2,-0,-2,0,FALSE,+20,20,0,0,0,0,0,0
2026-07-12,114408,Avery Arije,CAN,Canada,16,3,1,2,4,0,0,1,2,1,14,7,1,3,21,16,0,16,0,TRUE,+20,20,0,1,2,3,0,3
2026-07-12,114408,Grace Pongang,CAN,Canada,2,1,0,1,0,0,0,2,0,0,2,1,0,0,4.3,-5,-0,-5,0,FALSE,+20,20,0,0,1,0,0,0
2026-07-12,114408,Emerald Nnani,CAN,Canada,8,6,4,2,1,0,0,1,2,4,4,2,0,0,20.6,22,0,22,0,TRUE,+20,20,0,0,2,0,4,0
2026-07-12,114408,Frances Vollett,CAN,Canada,13,9,2,7,2,0,0,2,4,6,5,3,1,2,24,14,0,14,0,TRUE,+20,20,0,1,2,0,2,0
2026-07-12,114408,Sienna Morris,CAN,Canada,4,7,2,5,1,0,1,1,1,2,3,1,0,1,15.1,-1,-0,-1,1,FALSE,+20,20,0,0,0,0,0,0
2026-07-12,114408,Gabrielle Fajemirokun,CAN,Canada,4,7,3,4,2,0,1,2,2,4,2,0,0,0,15.7,10,0,10,1,FALSE,+20,20,0,0,0,0,0,0
2026-07-12,114408,Hania  Hassabelnaby,EGY,Egypt,5,1,1,0,0,0,0,2,2,1,6,2,0,1,11.2,-8,-8,-0,0,TRUE,-20,-20,0,0,2,0,2,0
2026-07-12,114408,Dana Abdalaa,EGY,Egypt,2,2,0,2,2,0,0,1,1,0,5,1,0,1,10.6,-5,-5,-0,0,FALSE,-20,-20,0,0,1,0,0,0
2026-07-12,114408,Fatma Abdella,EGY,Egypt,1,5,2,3,2,2,0,1,3,1,7,0,0,2,27.4,-17,-17,-0,2,TRUE,-20,-20,0,0,0,0,0,0
2026-07-12,114408,Jodi  Abdalla,EGY,Egypt,6,5,1,4,1,0,1,3,2,2,6,2,0,0,27.4,-23,-23,-0,1,TRUE,-20,-20,0,0,1,0,0,0
2026-07-12,114408,Mariam Elshenawy,EGY,Egypt,7,4,3,1,0,0,0,2,2,1,7,2,2,0,25.4,-12,-12,-0,0,FALSE,-20,-20,0,2,0,0,0,0
2026-07-12,114408,Hala Fetet,EGY,Egypt,2,1,0,1,0,0,0,0,0,0,2,1,0,0,3.9,2,2,0,0,FALSE,-20,-20,0,0,0,0,0,0
2026-07-12,114408,Joudi Elsayed,EGY,Egypt,13,4,0,4,2,4,1,5,4,2,13,5,1,5,26.8,-11,-11,-0,5,FALSE,-20,-20,0,1,4,0,6,0
2026-07-12,114408,Habiba Gamal Rizk,EGY,Egypt,5,1,0,1,1,0,0,0,0,0,2,2,1,0,7,4,4,0,0,FALSE,-20,-20,1,0,1,0,2,0
2026-07-12,114408,Leila  Eissa,EGY,Egypt,5,1,0,1,2,1,0,0,1,0,5,2,1,0,23.2,-18,-18,-0,1,TRUE,-20,-20,0,1,1,0,2,0
2026-07-12,114408,Habiba Soliman,EGY,Egypt,3,3,1,2,0,0,0,2,1,0,3,1,1,0,14,-5,-5,-0,0,FALSE,-20,-20,1,0,0,0,0,0
2026-07-12,114408,Zeina Amin,EGY,Egypt,5,2,1,1,1,1,0,4,2,1,7,2,0,1,16.7,-7,-7,-0,1,TRUE,-20,-20,0,0,2,0,0,0
2026-07-12,114408,Sedra   Elshafey,EGY,Egypt,2,1,1,0,2,0,0,0,1,2,1,0,0,1,6.7,0,0,0,0,FALSE,-20,-20,0,0,0,0,0,0
2026-07-12,114396,Xuan Sun,CHN,People 's Republic of China,9,5,0,5,4,3,0,2,4,0,11,4,1,1,34.1,27,5,22,3,TRUE,+25,25,0,1,3,0,2,0
2026-07-12,114396,Xinyue Wang,CHN,People 's Republic of China,0,1,0,1,1,0,0,1,0,0,2,0,0,0,4.1,1,0.2,0.8,0,FALSE,+25,25,0,0,0,0,0,0
2026-07-12,114396,Yu Jia,CHN,People 's Republic of China,0,1,1,0,0,0,0,1,1,0,3,0,0,0,8.1,-3,-0.6,-2.4,0,FALSE,+25,25,0,0,0,0,0,0
2026-07-12,114396,Ruoyan Sun,CHN,People 's Republic of China,0,0,0,0,1,0,0,0,0,0,1,0,0,0,2.8,-1,-0.2,-0.8,0,FALSE,+25,25,0,0,0,0,0,0
2026-07-12,114396,Ying Feng,CHN,People 's Republic of China,4,0,0,0,1,0,0,0,0,0,3,2,0,0,7.6,-5,-0.9,-4.1,0,FALSE,+25,25,0,0,2,0,2,0
2026-07-12,114396,Mengjie Wu,CHN,People 's Republic of China,4,8,6,2,4,3,1,2,2,0,4,2,0,1,26,32,5.9,26.1,4,TRUE,+25,25,0,0,2,0,0,0
2026-07-12,114396,Yuanshan Li,CHN,People 's Republic of China,23,2,0,2,4,2,0,1,1,1,21,9,4,3,38.1,28,5.2,22.8,2,TRUE,+25,25,1,3,3,1,2,0
2026-07-12,114396,Hanyun Sun,CHN,People 's Republic of China,26,8,2,6,4,3,0,0,8,4,21,10,2,2,36.3,24,4.4,19.6,3,TRUE,+25,25,0,2,8,0,4,0
2026-07-12,114396,Yunshu Pang,CHN,People 's Republic of China,11,10,6,4,0,0,0,4,1,1,11,5,0,1,31.5,36,6.6,29.4,0,TRUE,+25,25,0,0,5,0,0,6
2026-07-12,114396,Yatong Tang,CHN,People 's Republic of China,0,1,1,0,0,2,0,1,0,0,0,0,0,2,5.2,-8,-1.5,-6.5,2,FALSE,+25,25,0,0,0,0,0,0
2026-07-12,114396,Jiayi Wan,CHN,People 's Republic of China,2,0,0,0,0,0,0,0,0,0,1,1,0,0,2.8,-3,-0.6,-2.4,0,FALSE,+25,25,0,0,1,0,0,0
2026-07-12,114396,Yiming Wang,CHN,People 's Republic of China,0,0,0,0,0,0,0,0,0,0,0,0,0,0,3.4,-3,-0.6,-2.4,0,FALSE,+25,25,0,0,0,0,0,0
2026-07-12,114396,Amelie Mbah,GER,Germany,2,2,1,1,0,1,0,0,0,0,2,1,0,1,6.8,0,0,0,1,FALSE,-25,-25,0,0,1,0,0,0
2026-07-12,114396,Leonie Pfanzelt,GER,Germany,14,3,1,2,6,0,0,1,0,0,8,6,2,2,22.9,-2,-1.6,-0.4,0,FALSE,-25,-25,0,2,2,2,0,2
2026-07-12,114396,Linda Thimm,GER,Germany,0,0,0,0,0,0,0,0,0,0,0,0,0,0,9.4,-8,-6.5,-1.5,0,FALSE,-25,-25,0,0,0,0,0,0
2026-07-12,114396,Moescha Feunou Bakam,GER,Germany,4,3,1,2,0,0,0,2,1,2,2,1,0,1,11.2,4,3.3,0.7,0,FALSE,-25,-25,0,0,0,1,2,0
2026-07-12,114396,Darina Zraychenko,GER,Germany,7,3,1,2,1,0,1,3,4,2,11,2,1,6,27.6,-28,-22.8,-5.2,1,TRUE,-25,-25,0,1,1,0,0,0
2026-07-12,114396,Leni Schramm-Bunning,GER,Germany,0,2,0,2,1,0,1,0,0,0,2,0,0,2,8.9,2,1.6,0.4,1,FALSE,-25,-25,0,0,0,0,0,0
2026-07-12,114396,Lara Gierlich,GER,Germany,6,3,2,1,1,1,1,0,1,0,9,2,2,0,24.3,-24,-19.6,-4.4,2,TRUE,-25,-25,2,0,0,0,0,0
2026-07-12,114396,Mia Wiegand,GER,Germany,16,2,0,2,1,2,0,2,2,3,9,5,3,2,25.7,-21,-17.1,-3.9,2,TRUE,-25,-25,0,3,1,1,0,0
2026-07-12,114396,Frederike Askamp,GER,Germany,0,3,1,2,3,0,3,2,1,0,9,0,0,3,21.1,-16,-13,-3,3,TRUE,-25,-25,0,0,0,0,0,0
2026-07-12,114396,Mathilda Haensch,GER,Germany,5,4,1,3,0,1,1,3,2,3,5,1,0,2,21.6,-18,-14.7,-3.3,2,TRUE,-25,-25,0,0,1,0,0,0
2026-07-12,114396,Nele Prowaznik,GER,Germany,0,3,0,3,0,0,0,3,1,0,0,0,0,1,11.7,-7,-5.7,-1.3,0,FALSE,-25,-25,0,0,0,0,0,0
2026-07-12,114396,Silvia Heide,GER,Germany,0,2,1,1,0,0,0,1,0,0,2,0,0,0,8.8,-7,-5.7,-1.3,0,FALSE,-25,-25,0,0,0,0,0,0
2026-07-12,114393,Paula Valenzuela,ESP,Spain,5,4,0,4,3,2,0,3,1,0,8,2,1,3,18.9,14,1.3,12.7,2,FALSE,+35,35,0,1,0,0,0,0
2026-07-12,114393,Isabel Hernandez,ESP,Spain,12,4,1,3,5,1,0,2,3,4,14,4,0,4,25,23,2.2,20.8,1,TRUE,+35,35,0,0,3,1,4,0
2026-07-12,114393,Carla Cherry,ESP,Spain,4,2,2,0,2,1,0,1,0,0,6,2,0,4,20.9,12,1.2,10.8,1,TRUE,+35,35,0,0,1,1,2,0
2026-07-12,114393,Sarai Teijeira,ESP,Spain,5,0,0,0,0,1,0,0,0,0,2,2,1,0,9.1,12,1.2,10.8,1,FALSE,+35,35,1,0,1,0,0,0
2026-07-12,114393,Elia Pérez,ESP,Spain,11,3,1,2,1,1,0,0,0,0,9,4,3,0,12.6,16,1.5,14.5,1,FALSE,+35,35,1,2,1,0,2,2
2026-07-12,114393,Trinity Ezeanatogu,ESP,Spain,4,9,7,2,5,2,0,1,3,0,7,2,0,2,19.3,25,2.4,22.6,2,TRUE,+35,35,0,0,2,0,2,0
2026-07-12,114393,Elizabeth Abubakar,ESP,Spain,1,3,3,0,2,0,2,2,1,1,2,0,0,1,14.5,9,0.9,8.1,2,FALSE,+35,35,0,0,0,0,0,0
2026-07-12,114393,Amelia Alonso,ESP,Spain,13,5,1,4,4,1,1,1,1,2,13,5,1,0,21,21,2,19,2,FALSE,+35,35,1,0,4,0,0,0
2026-07-12,114393,Ana Maria Hernanz,ESP,Spain,10,5,2,3,1,3,0,3,1,0,8,4,2,0,21,10,1,9,3,FALSE,+35,35,0,2,1,1,2,0
2026-07-12,114393,Sandra Davila,ESP,Spain,7,5,2,3,0,0,0,1,0,0,8,3,1,2,18.6,11,1.1,9.9,0,TRUE,+35,35,0,1,1,1,0,2
2026-07-12,114393,Anna Smykovskaia,ESP,Spain,3,9,6,3,1,2,2,2,3,1,4,1,0,1,19,22,2.1,19.9,4,TRUE,+35,35,0,0,1,0,0,0
2026-07-12,114393,Jordan Martin,MEX,Mexico,6,3,1,2,1,0,0,3,2,1,3,2,1,1,14.8,-8,-7.2,-0.8,0,FALSE,-35,-35,0,1,0,0,0,0
2026-07-12,114393,Mariana Diaz,MEX,Mexico,2,4,0,4,2,0,0,1,1,0,7,1,0,3,36.3,-30,-27.1,-2.9,0,TRUE,-35,-35,0,0,0,0,0,0
2026-07-12,114393,Jimena Velazquez,MEX,Mexico,12,3,0,3,4,0,0,2,4,2,13,5,0,5,33.2,-28,-25.3,-2.7,0,TRUE,-35,-35,0,0,5,0,6,0
2026-07-12,114393,Meredith Jaime,MEX,Mexico,3,1,1,0,0,0,0,0,1,0,4,1,1,1,16.4,-11,-9.9,-1.1,0,FALSE,-35,-35,0,1,0,0,0,0
2026-07-12,114393,Ivanna Olalde,MEX,Mexico,2,4,1,3,1,3,0,1,3,2,3,0,0,1,19.6,-10,-9,-1,3,FALSE,-35,-35,0,0,0,0,0,0
2026-07-12,114393,Andrea Lopez,MEX,Mexico,0,1,0,1,1,0,0,0,0,0,0,0,0,4,4.7,-5,-4.5,-0.5,0,FALSE,-35,-35,0,0,0,0,0,0
2026-07-12,114393,Yania Valverde,MEX,Mexico,6,5,0,5,2,0,1,2,2,0,9,3,0,1,23.6,-27,-24.4,-2.6,1,TRUE,-35,-35,0,0,2,1,0,0
2026-07-12,114393,Isamar Rumbo,MEX,Mexico,5,2,0,2,2,2,1,2,3,0,6,2,1,3,26.8,-25,-22.6,-2.4,3,TRUE,-35,-35,0,1,1,0,2,0
2026-07-12,114393,Isabella Martinez,MEX,Mexico,0,0,0,0,0,0,0,0,0,0,0,0,0,1,2.8,-6,-5.4,-0.6,0,FALSE,-35,-35,0,0,0,0,0,0
2026-07-12,114393,Marisol Gomez,MEX,Mexico,4,0,0,0,0,1,1,2,0,0,5,2,0,1,15.4,-15,-13.6,-1.4,2,TRUE,-35,-35,0,0,2,0,0,0
2026-07-12,114393,Samantha Patino,MEX,Mexico,0,1,1,0,0,0,0,0,0,0,2,0,0,1,6.5,-10,-9,-1,0,FALSE,-35,-35,0,0,0,0,0,0
2026-07-12,114398,Zala Canzek,SLO,Slovenia,2,1,0,1,0,0,0,0,0,0,4,1,0,1,10.9,-16,-7.5,-8.5,0,FALSE,-30,-30,0,0,1,0,2,0
2026-07-12,114398,Julija Bukovec,SLO,Slovenia,0,0,0,0,0,0,0,4,0,0,0,0,0,0,5.2,-11,-5.1,-5.9,0,FALSE,-30,-30,0,0,0,0,0,0
2026-07-12,114398,Ines Fritz,SLO,Slovenia,6,5,4,1,3,1,0,3,1,1,9,2,1,1,24.1,-21,-9.8,-11.2,1,TRUE,-30,-30,0,1,1,0,0,0
2026-07-12,114398,Anais Gobec,SLO,Slovenia,10,9,3,6,2,0,0,3,3,4,7,3,0,4,27.8,-8,-3.7,-4.3,0,TRUE,-30,-30,0,0,3,0,0,2
2026-07-12,114398,Ota Pozin,SLO,Slovenia,0,3,0,3,1,0,0,3,0,0,1,0,0,2,24.8,-21,-9.8,-11.2,0,TRUE,-30,-30,0,0,0,0,0,0
2026-07-12,114398,Ema Stavrov,SLO,Slovenia,2,7,3,4,0,0,0,3,0,0,5,1,0,3,12.8,-8,-3.7,-4.3,0,FALSE,-30,-30,0,0,1,0,0,2
2026-07-12,114398,Marina Josipovic,SLO,Slovenia,2,2,2,0,2,1,0,1,2,2,7,0,0,0,14.2,-11,-5.1,-5.9,1,TRUE,-30,-30,0,0,0,0,0,0
2026-07-12,114398,Ema Krzisnik,SLO,Slovenia,10,3,1,2,3,0,1,1,2,1,8,3,3,2,22.6,-5,-2.3,-2.7,1,FALSE,-30,-30,1,2,0,0,0,0
2026-07-12,114398,Ema Lorbek,SLO,Slovenia,10,1,0,1,1,0,1,2,8,8,1,1,0,5,15.8,-25,-11.7,-13.3,1,FALSE,-30,-30,0,0,1,0,0,0
2026-07-12,114398,Veronika Ferjancic,SLO,Slovenia,17,13,4,9,3,0,1,1,8,7,10,5,0,4,29.6,-11,-5.1,-5.9,1,TRUE,-30,-30,0,0,3,0,0,2
2026-07-12,114398,Zala Mali,SLO,Slovenia,0,1,0,1,2,0,0,0,0,0,2,0,0,0,12,-13,-6.1,-6.9,0,FALSE,-30,-30,0,0,0,0,0,0
2026-07-12,114398,Ran Kobayashi,JPN,Japan,10,4,0,4,1,3,0,3,1,0,6,5,0,0,21,25,13.3,11.7,3,TRUE,+30,30,0,0,2,0,2,0
2026-07-12,114398,Sora Shimizu,JPN,Japan,0,1,1,0,0,0,0,2,1,0,0,0,0,0,14.1,5,2.7,2.3,0,FALSE,+30,30,0,0,0,0,0,0
2026-07-12,114398,Momoka Kaji,JPN,Japan,0,0,0,0,1,0,0,0,0,0,2,0,0,0,13.6,6,3.2,2.8,0,FALSE,+30,30,0,0,0,0,0,0
2026-07-12,114398,Nene Gondo,JPN,Japan,11,1,0,1,0,4,0,3,2,1,5,4,2,1,16.3,1,0.5,0.5,4,FALSE,+30,30,1,1,2,0,4,0
2026-07-12,114398,Kako Otsuki,JPN,Japan,16,3,0,3,1,1,0,1,4,6,11,4,2,0,24,30,16,14,1,TRUE,+30,30,0,2,2,0,0,0
2026-07-12,114398,Miya Takeuchi,JPN,Japan,17,3,0,3,5,2,0,1,8,11,8,3,0,3,23.3,23,12.3,10.7,2,TRUE,+30,30,0,0,3,0,2,0
2026-07-12,114398,Rei Ando,JPN,Japan,6,3,1,2,0,1,0,2,0,0,6,2,2,1,18.9,16,8.5,7.5,1,FALSE,+30,30,0,2,0,0,0,0
2026-07-12,114398,Kiino Nakazawa,JPN,Japan,4,2,1,1,1,0,0,4,0,0,4,2,0,0,13.4,21,11.2,9.8,0,TRUE,+30,30,0,0,2,0,0,2
2026-07-12,114398,Kohse Hosozawa,JPN,Japan,10,5,1,4,0,2,0,3,3,3,7,3,1,0,21.7,16,8.5,7.5,2,TRUE,+30,30,0,1,1,0,2,3
2026-07-12,114398,Chihiro Ito,JPN,Japan,0,1,1,0,0,0,0,4,0,0,2,0,0,0,12.1,-3,-1.6,-1.4,0,FALSE,+30,30,0,0,0,0,0,0
2026-07-12,114398,Honoka Yasui,JPN,Japan,10,0,0,0,5,0,0,0,2,1,9,4,1,1,16.1,5,2.7,2.3,0,FALSE,+30,30,0,1,3,0,0,0
2026-07-12,114398,Aya Ishiwata,JPN,Japan,5,1,0,1,0,0,0,1,0,0,2,2,1,0,5.4,5,2.7,2.3,0,FALSE,+30,30,0,1,1,0,0,0
2026-07-12,114401,Mariana Paz,COL,Colombia,2,8,1,7,0,0,4,4,2,0,3,1,0,2,26.7,8,3.6,4.4,4,TRUE,+6,6,0,0,1,0,0,0
2026-07-12,114401,Maria Millan,COL,Colombia,0,2,0,2,0,0,0,0,0,0,2,0,0,0,5.2,-8,-3.6,-4.4,0,FALSE,+6,6,0,0,0,0,0,0
2026-07-12,114401,Maria Mendez,COL,Colombia,5,2,1,1,1,1,0,2,0,0,5,2,1,1,10,4,1.8,2.2,1,FALSE,+6,6,0,1,1,0,2,0
2026-07-12,114401,Mariangel Serna,COL,Colombia,6,2,0,2,4,0,0,1,4,4,6,1,0,7,25.8,3,1.4,1.6,0,TRUE,+6,6,0,0,1,0,0,0
2026-07-12,114401,Dayra Pedroza,COL,Colombia,8,3,0,3,0,0,0,3,1,2,4,3,0,2,22.7,0,0,0,0,FALSE,+6,6,0,0,1,2,0,0
2026-07-12,114401,Diocelin Zuniga Hurtado,COL,Colombia,7,13,3,10,2,3,1,4,3,1,7,3,0,1,29.4,3,1.4,1.6,4,TRUE,+6,6,0,0,3,0,0,0
2026-07-12,114401,Maria Superlano,COL,Colombia,3,6,1,5,5,0,0,2,2,1,8,1,0,1,14.2,3,1.4,1.6,0,FALSE,+6,6,0,0,0,1,0,0
2026-07-12,114401,Keren Bertel,COL,Colombia,15,0,0,0,0,1,0,2,8,8,10,3,1,1,22.5,8,3.6,4.4,1,TRUE,+6,6,1,0,1,0,2,0
2026-07-12,114401,Elba Escorcia,COL,Colombia,2,9,3,6,1,1,1,2,2,2,6,0,0,4,22.6,1,0.5,0.5,2,FALSE,+6,6,0,0,0,0,0,0
2026-07-12,114401,Alisson Restrepo,COL,Colombia,4,3,0,3,2,1,0,1,3,1,7,1,1,2,19.8,7,3.2,3.8,1,TRUE,+6,6,0,1,0,0,0,0
2026-07-12,114401,Ema Bartosova,CZE,Czechia,2,2,2,0,0,1,0,5,4,0,7,1,0,1,12.3,-6,-3.3,-2.7,1,TRUE,-6,-6,0,0,0,0,0,0
2026-07-12,114401,Ema Novakova,CZE,Czechia,4,14,3,11,2,0,3,3,0,0,11,2,0,5,24.7,1,0.5,0.5,3,TRUE,-6,-6,0,0,2,0,2,2
2026-07-12,114401,Dominika Pencakova,CZE,Czechia,15,3,0,3,4,3,0,3,1,0,18,5,5,3,31.2,10,5.5,4.5,3,TRUE,-6,-6,0,5,0,0,0,0
2026-07-12,114401,Sofia Robson,CZE,Czechia,0,2,0,2,0,0,1,3,0,0,7,0,0,1,18.7,-8,-4.4,-3.6,1,TRUE,-6,-6,0,0,0,0,0,0
2026-07-12,114401,Anezka Misikova,CZE,Czechia,0,0,0,0,1,0,0,0,0,0,3,0,0,0,7.2,-5,-2.7,-2.3,0,FALSE,-6,-6,0,0,0,0,0,0
2026-07-12,114401,Tereza Sykorova,CZE,Czechia,1,5,4,1,1,0,0,1,2,1,2,0,0,1,12.2,-7,-3.8,-3.2,0,FALSE,-6,-6,0,0,0,0,0,0
2026-07-12,114401,Linda Kotrcova,CZE,Czechia,9,4,1,3,2,1,0,2,6,7,12,1,0,3,33,-12,-6.5,-5.5,1,TRUE,-6,-6,0,0,1,0,0,0
2026-07-12,114401,Martina Parizkova,CZE,Czechia,0,0,0,0,0,1,0,1,0,0,0,0,0,0,5.5,-1,-0.5,-0.5,1,FALSE,-6,-6,0,0,0,0,0,0
2026-07-12,114401,Vendula Salakova,CZE,Czechia,3,5,4,1,1,2,1,3,2,1,4,1,0,1,19.6,1,0.5,0.5,3,FALSE,-6,-6,0,0,1,0,2,0
2026-07-12,114401,Laura Marcolova,CZE,Czechia,1,2,0,2,1,0,0,1,1,1,4,0,0,1,10,-4,-2.2,-1.8,0,FALSE,-6,-6,0,0,0,0,0,0
2026-07-12,114401,Adela Ruzickova,CZE,Czechia,0,3,1,2,0,1,0,0,0,0,1,0,0,0,8.7,-5,-2.7,-2.3,1,FALSE,-6,-6,0,0,0,0,0,0
2026-07-12,114401,Julie Prichystalova,CZE,Czechia,11,10,6,4,0,3,3,3,6,7,9,2,0,1,16.8,6,3.3,2.7,6,FALSE,-6,-6,0,0,1,0,0,0
2026-07-12,114386,Jelizaveta Naidjonova,LAT,Latvia,8,4,0,4,1,1,0,0,4,2,8,3,0,4,18.4,-3,-0.8,-2.2,1,FALSE,+25,25,0,0,3,0,2,0
2026-07-12,114386,Enija Brokane,LAT,Latvia,5,6,3,3,2,0,0,0,1,0,7,2,1,1,16,28,7.8,20.2,0,TRUE,+25,25,1,0,0,0,3,2
2026-07-12,114386,Adele Priedite,LAT,Latvia,0,2,0,2,1,0,1,3,0,0,1,0,0,0,9,-6,-1.7,-4.3,1,FALSE,+25,25,0,0,0,0,0,0
2026-07-12,114386,Monta Culkstena,LAT,Latvia,0,5,0,5,0,2,0,1,0,0,3,0,0,3,9.1,-6,-1.7,-4.3,2,FALSE,+25,25,0,0,0,0,0,0
2026-07-12,114386,Melanija Reicela Lagunovica,LAT,Latvia,8,5,0,5,7,0,0,0,1,0,6,3,2,6,21.6,10,2.8,7.2,0,FALSE,+25,25,1,1,1,0,0,0
2026-07-12,114386,Marta Arsentjeva,LAT,Latvia,2,2,0,2,0,0,1,1,0,0,2,1,0,3,11.9,11,3.1,7.9,1,TRUE,+25,25,0,0,1,0,0,0
2026-07-12,114386,Patricija Tikmere,LAT,Latvia,3,9,6,3,3,3,1,2,4,1,7,1,0,1,19.2,11,3.1,7.9,4,TRUE,+25,25,0,0,0,1,0,0
2026-07-12,114386,Darina Ivanova,LAT,Latvia,2,8,0,8,1,1,0,4,0,0,4,1,0,2,20.8,14,3.9,10.1,1,FALSE,+25,25,0,0,1,0,0,0
2026-07-12,114386,Laura Kikuste,LAT,Latvia,3,0,0,0,0,1,0,1,0,0,2,1,1,1,5.5,-5,-1.4,-3.6,1,FALSE,+25,25,1,0,0,0,0,0
2026-07-12,114386,Evelina Sirsnina,LAT,Latvia,7,1,0,1,3,4,2,3,2,1,9,3,0,3,24.8,19,5.3,13.7,6,TRUE,+25,25,0,0,3,0,6,0
2026-07-12,114386,Madara Sakalova,LAT,Latvia,5,7,0,7,1,1,1,1,2,1,3,2,0,0,19.1,20,5.6,14.4,2,FALSE,+25,25,0,0,2,0,4,0
2026-07-12,114386,Sarlote Skrebele,LAT,Latvia,26,0,0,0,1,2,1,2,4,8,15,6,6,1,24.5,32,8.9,23.1,3,TRUE,+25,25,0,6,0,0,0,0
2026-07-12,114386,Salimata Kone,CIV,Côte d'Ivoire,2,1,0,1,1,4,0,2,2,2,7,0,0,3,25.1,-14,-10.1,-3.9,4,TRUE,-25,-25,0,0,0,0,0,0
2026-07-12,114386,Fatima Diouf,CIV,Côte d'Ivoire,13,1,1,0,1,2,1,2,2,4,16,4,1,2,20.8,-2,-1.4,-0.6,3,FALSE,-25,-25,1,0,1,2,4,0
2026-07-12,114386,Sarah Keita,CIV,Côte d'Ivoire,2,8,4,4,1,2,3,1,2,0,5,1,0,3,23.8,-11,-7.9,-3.1,5,FALSE,-25,-25,0,0,1,0,0,0
2026-07-12,114386,Ella Kone,CIV,Côte d'Ivoire,2,3,0,3,1,1,0,2,0,0,2,1,0,2,11.2,-10,-7.2,-2.8,1,FALSE,-25,-25,0,0,1,0,0,0
2026-07-12,114386,Fatima  Konate,CIV,Côte d'Ivoire,0,0,0,0,0,0,0,1,0,0,1,0,0,0,5.8,-5,-3.6,-1.4,0,FALSE,-25,-25,0,0,0,0,0,0
2026-07-12,114386,Adja Traore,CIV,Côte d'Ivoire,0,1,0,1,0,1,0,0,1,0,0,0,0,2,6.3,-4,-2.9,-1.1,1,FALSE,-25,-25,0,0,0,0,0,0
2026-07-12,114386,Jane Mary Diomande,CIV,Côte d'Ivoire,16,7,1,6,0,1,1,4,9,6,8,5,0,4,23.7,-6,-4.3,-1.7,2,TRUE,-25,-25,0,0,5,0,2,0
2026-07-12,114386,Maelhys N'dri,CIV,Côte d'Ivoire,6,6,4,2,2,1,0,2,0,0,10,3,0,3,31,-22,-15.9,-6.1,1,TRUE,-25,-25,0,0,1,1,2,2
2026-07-12,114386,Abigail Dia,CIV,Côte d'Ivoire,3,5,2,3,0,2,1,2,2,1,9,1,0,1,21.8,-27,-19.5,-7.5,3,TRUE,-25,-25,0,0,0,0,0,2
2026-07-12,114386,Lalya  Diarisso,CIV,Côte d'Ivoire,0,3,1,2,0,1,0,0,0,0,2,0,0,2,11,-10,-7.2,-2.8,1,TRUE,-25,-25,0,0,0,0,0,0
2026-07-12,114386,Aichata Mambone,CIV,Côte d'Ivoire,0,0,0,0,0,1,0,1,0,0,0,0,0,1,7.3,-13,-9.4,-3.6,1,FALSE,-25,-25,0,0,0,0,0,0
2026-07-12,114386,Aminata  Kone,CIV,Côte d'Ivoire,0,2,0,2,2,3,0,1,0,0,5,0,0,0,12.3,-1,-0.7,-0.3,3,FALSE,-25,-25,0,0,0,0,0,0
2026-07-12,114389,Morghan Reckley,USA,USA,11,2,1,1,0,1,0,4,2,2,6,4,1,1,14,6,1.7,4.3,1,FALSE,+2,2,0,1,1,2,0,0
2026-07-12,114389,Jazman Bailey,USA,USA,0,1,0,1,0,0,0,1,0,0,1,0,0,2,9.6,-3,-0.8,-2.2,0,FALSE,+2,2,0,0,0,0,0,0
2026-07-12,114389,Nation Williams,USA,USA,3,7,5,2,1,1,1,3,2,1,12,1,0,0,17.6,0,0,0,2,FALSE,+2,2,0,0,0,0,0,0
2026-07-12,114389,Tatianna Griffin,USA,USA,7,3,1,2,1,0,0,2,0,0,6,3,1,1,10.7,6,1.7,4.3,0,FALSE,+2,2,1,0,2,0,0,0
2026-07-12,114389,Ivanna Wilson Manyacka,USA,USA,14,11,6,5,3,3,0,2,1,0,15,6,2,2,31.1,-5,-1.4,-3.6,3,TRUE,+2,2,0,2,2,0,0,2
2026-07-12,114389,Micah Ojo,USA,USA,10,6,4,2,3,1,1,2,2,4,9,3,0,1,26.2,4,1.1,2.9,2,TRUE,+2,2,0,0,2,0,0,4
2026-07-12,114389,Maliya Hunter,USA,USA,0,0,0,0,0,0,0,1,0,0,2,0,0,0,6,-2,-0.6,-1.4,0,FALSE,+2,2,0,0,0,0,0,0
2026-07-12,114389,Arianna Robinson,USA,USA,6,3,0,3,0,2,0,1,3,4,3,1,0,1,14.7,7,2,5,2,FALSE,+2,2,0,0,0,0,0,0
2026-07-12,114389,Olivia Jones,USA,USA,0,1,0,1,4,0,0,0,1,0,5,0,0,0,20.3,-4,-1.1,-2.9,0,TRUE,+2,2,0,0,0,0,0,0
2026-07-12,114389,Eve Long,USA,USA,9,4,2,2,2,0,0,5,3,1,9,4,0,1,22.1,-1,-0.3,-0.7,0,TRUE,+2,2,0,0,3,1,2,0
2026-07-12,114389,Nya Riak,USA,USA,0,1,0,1,0,0,0,1,0,0,2,0,0,1,4.9,1,0.3,0.7,0,FALSE,+2,2,0,0,0,0,0,0
2026-07-12,114389,Caroline Bradley,USA,USA,14,9,5,4,0,0,1,1,6,6,12,4,0,1,22.8,1,0.3,0.7,1,TRUE,+2,2,0,0,2,2,0,2
2026-07-12,114389,Jay Sebasio,AUS,Australia,3,0,0,0,0,0,0,0,1,1,2,1,0,0,6.2,2,1.4,0.6,0,FALSE,-2,-2,0,0,0,0,0,0
2026-07-12,114389,Isabel Smith,AUS,Australia,20,4,0,4,1,0,0,2,5,6,14,6,2,4,33,-3,-2.2,-0.8,0,TRUE,-2,-2,1,1,3,0,2,0
2026-07-12,114389,Olivia Olechnowicz,AUS,Australia,15,5,1,4,0,2,0,3,4,2,11,6,1,1,32.8,-3,-2.2,-0.8,2,TRUE,-2,-2,1,0,5,0,2,2
2026-07-12,114389,Jade Sherrington,AUS,Australia,2,4,0,4,6,0,0,0,0,0,6,1,0,3,26.6,-3,-2.2,-0.8,0,FALSE,-2,-2,0,0,1,0,0,0
2026-07-12,114389,Jasmine Jones,AUS,Australia,0,1,0,1,0,0,0,0,0,0,1,0,0,0,5.6,-1,-0.7,-0.3,0,FALSE,-2,-2,0,0,0,0,0,0
2026-07-12,114389,Sophie Richardson,AUS,Australia,6,1,0,1,1,0,0,3,1,0,4,2,2,1,13.9,-3,-2.2,-0.8,0,FALSE,-2,-2,0,2,0,0,0,0
2026-07-12,114389,Madison Ryan,AUS,Australia,9,10,2,8,1,3,0,4,4,1,15,4,0,3,35.5,3,2.2,0.8,3,TRUE,-2,-2,0,0,4,0,2,0
2026-07-12,114389,Lily Mapp,AUS,Australia,6,3,1,2,0,1,1,3,2,4,3,1,0,0,9.9,-8,-5.8,-2.2,2,FALSE,-2,-2,0,0,1,0,0,2
2026-07-12,114389,Matilda Trout,AUS,Australia,9,4,3,1,6,0,1,3,6,3,4,3,0,2,21.6,4,2.9,1.1,1,TRUE,-2,-2,0,0,3,0,0,0
2026-07-12,114389,Jemyma Manyok,AUS,Australia,2,1,1,0,0,0,2,2,0,0,1,1,0,1,14.8,2,1.4,0.6,2,TRUE,-2,-2,0,0,1,0,0,0
2026-07-14,114395,Amelie Mbah,GER,Germany,2,5,2,3,0,0,0,1,2,0,2,1,0,0,13.5,12,4.3,7.7,0,FALSE,+19,19,0,0,1,0,0,2
2026-07-14,114395,Leonie Pfanzelt,GER,Germany,7,6,1,5,7,3,0,1,2,2,5,2,1,2,24.2,14,5.1,8.9,3,FALSE,+19,19,0,1,1,0,0,0
2026-07-14,114395,Linda Thimm,GER,Germany,5,2,1,1,2,0,0,1,1,0,3,2,1,3,6,7,2.5,4.5,0,FALSE,+19,19,0,1,1,0,0,2
2026-07-14,114395,Moescha Feunou Bakam,GER,Germany,0,3,1,2,0,1,0,0,1,0,0,0,0,4,11.5,7,2.5,4.5,1,FALSE,+19,19,0,0,0,0,0,0
2026-07-14,114395,Darina Zraychenko,GER,Germany,15,5,1,4,0,1,1,3,3,5,17,4,2,8,27.7,4,1.4,2.6,2,TRUE,+19,19,0,2,2,0,2,0
2026-07-14,114395,Leni Schramm-Bunning,GER,Germany,6,0,0,0,0,0,0,0,0,0,3,2,2,1,4.9,8,2.9,5.1,0,FALSE,+19,19,1,1,0,0,0,0
2026-07-14,114395,Lara Gierlich,GER,Germany,5,7,4,3,1,0,2,2,2,1,9,2,0,4,24.3,8,2.9,5.1,2,TRUE,+19,19,0,0,2,0,2,0
2026-07-14,114395,Mia Wiegand,GER,Germany,2,6,1,5,3,2,0,1,1,0,7,1,0,3,28.4,13,4.7,8.3,2,TRUE,+19,19,0,0,1,0,0,0
2026-07-14,114395,Frederike Askamp,GER,Germany,12,15,3,12,3,2,4,3,1,0,11,5,2,6,27.2,11,4,7,6,TRUE,+19,19,0,2,3,0,2,0
2026-07-14,114395,Mathilda Haensch,GER,Germany,5,3,3,0,1,1,2,2,1,1,5,2,0,2,17.5,7,2.5,4.5,3,TRUE,+19,19,0,0,2,0,2,2
2026-07-14,114395,Nele Prowaznik,GER,Germany,2,3,2,1,0,0,0,0,0,0,2,1,0,4,8.8,0,0,0,0,FALSE,+19,19,0,0,0,0,0,0
2026-07-14,114395,Silvia Heide,GER,Germany,0,1,1,0,0,0,0,1,1,0,2,0,0,0,5.8,4,1.4,2.6,0,FALSE,+19,19,0,0,0,0,0,0
2026-07-14,114395,Jordan Martin,MEX,Mexico,3,1,0,1,0,0,2,1,1,1,3,1,0,1,14.9,-14,-8.9,-5.1,2,FALSE,-19,-19,0,0,1,0,2,0
2026-07-14,114395,Mariana Diaz,MEX,Mexico,2,2,0,2,0,6,0,1,2,2,9,0,0,6,37.6,-16,-10.2,-5.8,6,TRUE,-19,-19,0,0,0,0,0,0
2026-07-14,114395,Jimena Velazquez,MEX,Mexico,21,4,1,3,6,8,0,1,6,3,18,9,0,8,38.1,-17,-10.8,-6.2,8,TRUE,-19,-19,0,0,9,0,8,0
2026-07-14,114395,Meredith Jaime,MEX,Mexico,0,1,0,1,0,1,0,1,0,0,2,0,0,2,9.7,-4,-2.6,-1.4,1,FALSE,-19,-19,0,0,0,0,0,0
2026-07-14,114395,Ivanna Olalde,MEX,Mexico,6,6,3,3,0,4,0,2,1,0,11,3,0,1,25.8,-5,-3.2,-1.8,4,FALSE,-19,-19,0,0,3,0,4,0
2026-07-14,114395,Andrea Lopez,MEX,Mexico,0,0,0,0,1,0,0,1,1,0,0,0,0,1,7.6,-5,-3.2,-1.8,0,FALSE,-19,-19,0,0,0,0,0,0
2026-07-14,114395,Yania Valverde,MEX,Mexico,4,7,1,6,2,2,0,2,1,0,13,2,0,0,24.1,-21,-13.4,-7.6,2,TRUE,-19,-19,0,0,1,0,0,0
2026-07-14,114395,Isamar Rumbo,MEX,Mexico,5,3,0,3,2,4,0,5,2,0,3,2,1,5,24.9,-14,-8.9,-5.1,4,TRUE,-19,-19,0,1,1,0,2,0
2026-07-14,114395,Isabella Martinez,MEX,Mexico,0,0,0,0,0,0,0,0,0,0,0,0,0,0,2.1,-1,-0.6,-0.4,0,FALSE,-19,-19,0,0,0,0,0,0
2026-07-14,114395,Marisol Gomez,MEX,Mexico,1,1,1,0,0,0,1,1,1,1,1,0,0,2,7.6,-1,-0.6,-0.4,1,TRUE,-19,-19,0,0,0,0,0,0
2026-07-14,114395,Samantha Patino,MEX,Mexico,0,1,1,0,0,0,0,0,0,0,4,0,0,0,7.7,3,1.9,1.1,0,FALSE,-19,-19,0,0,0,0,0,0
2026-07-14,114392,Xuan Sun,CHN,People 's Republic of China,0,1,0,1,5,1,0,2,2,0,3,0,0,3,23.4,-21,-21,-0,1,TRUE,-36,-36,0,0,0,0,0,0
2026-07-14,114392,Xinyue Wang,CHN,People 's Republic of China,5,2,0,2,0,0,0,2,1,1,5,2,0,4,12.1,-11,-11,-0,0,FALSE,-36,-36,0,0,1,1,2,0
2026-07-14,114392,Yu Jia,CHN,People 's Republic of China,0,2,1,1,1,0,0,2,1,0,3,0,0,1,16,-11,-11,-0,0,FALSE,-36,-36,0,0,0,0,0,0
2026-07-14,114392,Ying Feng,CHN,People 's Republic of China,7,4,0,4,1,0,0,4,2,2,4,2,1,9,27.7,-29,-28.9,-0.1,0,FALSE,-36,-36,0,1,0,1,0,0
2026-07-14,114392,Mengjie Wu,CHN,People 's Republic of China,0,0,0,0,0,0,0,1,0,0,2,0,0,0,12.1,-9,-9,-0,0,TRUE,-36,-36,0,0,0,0,0,0
2026-07-14,114392,Yuanshan Li,CHN,People 's Republic of China,7,5,3,2,1,3,0,1,3,1,12,3,0,2,28.3,-26,-25.9,-0.1,3,TRUE,-36,-36,0,0,2,1,0,0
2026-07-14,114392,Hanyun Sun,CHN,People 's Republic of China,6,8,2,6,1,1,0,3,3,0,7,3,0,2,24,-20,-20,-0,1,TRUE,-36,-36,0,0,3,0,4,0
2026-07-14,114392,Yunshu Pang,CHN,People 's Republic of China,3,3,2,1,0,1,0,4,2,1,5,1,0,2,16,-17,-17,-0,1,TRUE,-36,-36,0,0,1,0,0,2
2026-07-14,114392,Yatong Tang,CHN,People 's Republic of China,5,3,0,3,0,0,0,2,0,0,4,2,1,1,19,-13,-13,-0,0,FALSE,-36,-36,1,0,1,0,0,0
2026-07-14,114392,Jiayi Wan,CHN,People 's Republic of China,3,0,0,0,1,0,1,2,2,1,1,1,0,2,14.9,-15,-15,-0,1,FALSE,-36,-36,0,0,1,0,0,0
2026-07-14,114392,Yiming Wang,CHN,People 's Republic of China,0,1,0,1,0,1,2,1,0,0,1,0,0,0,5,-6,-6,-0,3,FALSE,-36,-36,0,0,0,0,0,0
2026-07-14,114392,Paula Valenzuela,ESP,Spain,7,3,1,2,3,1,0,2,3,3,5,2,0,1,19.4,14,0,14,1,FALSE,+36,36,0,0,1,0,0,0
2026-07-14,114392,Isabel Hernandez,ESP,Spain,12,2,1,1,4,2,0,2,5,2,12,4,2,1,23.1,28,0.1,27.9,2,TRUE,+36,36,0,2,0,0,0,0
2026-07-14,114392,Carla Cherry,ESP,Spain,1,3,2,1,3,2,0,1,2,1,1,0,0,2,19.9,12,0,12,2,FALSE,+36,36,0,0,0,0,0,0
2026-07-14,114392,Ona Balleste,ESP,Spain,4,1,0,1,1,2,0,0,1,0,6,2,0,2,9.1,12,0,12,2,TRUE,+36,36,0,0,2,0,4,0
2026-07-14,114392,Sarai Teijeira,ESP,Spain,9,1,1,0,0,1,1,2,0,0,8,4,1,0,14.2,14,0,14,2,FALSE,+36,36,1,0,3,0,5,2
2026-07-14,114392,Elia Pérez,ESP,Spain,3,5,1,4,1,2,0,0,1,3,2,0,0,0,8.1,6,0,6,2,FALSE,+36,36,0,0,0,0,0,0
2026-07-14,114392,Trinity Ezeanatogu,ESP,Spain,8,6,3,3,1,2,0,2,3,1,11,3,1,1,24.6,33,0.1,32.9,2,TRUE,+36,36,0,1,2,0,4,0
2026-07-14,114392,Elizabeth Abubakar,ESP,Spain,3,3,2,1,0,0,0,2,1,1,3,1,0,0,12.1,2,0,2,0,FALSE,+36,36,0,0,1,0,2,0
2026-07-14,114392,Amelia Alonso,ESP,Spain,13,7,3,4,4,2,1,3,5,6,9,3,1,0,17.8,20,0,20,3,FALSE,+36,36,0,1,2,0,0,0
2026-07-14,114392,Ana Maria Hernanz,ESP,Spain,6,5,4,1,0,0,0,1,1,0,6,2,2,2,16.2,10,0,10,0,FALSE,+36,36,0,2,0,0,0,0
2026-07-14,114392,Sandra Davila,ESP,Spain,0,5,3,2,1,2,0,1,0,0,7,0,0,2,18.7,12,0,12,2,TRUE,+36,36,0,0,0,0,0,0
2026-07-14,114392,Anna Smykovskaia,ESP,Spain,6,10,7,3,0,2,1,0,3,2,7,2,0,1,16.9,17,0,17,3,TRUE,+36,36,0,0,1,0,0,6
2026-07-14,114385,Salimata Kone,CIV,Côte d'Ivoire,3,2,1,1,1,0,0,2,0,0,6,1,1,3,25,-43,-31.2,-11.8,0,TRUE,-52,-52,1,0,0,0,0,0
2026-07-14,114385,Fatima Diouf,CIV,Côte d'Ivoire,11,1,0,1,1,2,0,1,4,4,11,3,1,1,24.6,-37,-26.8,-10.2,2,TRUE,-52,-52,1,0,2,0,4,0
2026-07-14,114385,Ella Kone,CIV,Côte d'Ivoire,0,2,0,2,1,1,0,2,1,0,4,0,0,0,14.3,-15,-10.9,-4.1,1,FALSE,-52,-52,0,0,0,0,0,0
2026-07-14,114385,Fatima  Konate,CIV,Côte d'Ivoire,0,2,0,2,3,1,0,1,0,0,1,0,0,1,13.7,-15,-10.9,-4.1,1,FALSE,-52,-52,0,0,0,0,0,0
2026-07-14,114385,Adja Traore,CIV,Côte d'Ivoire,0,1,0,1,1,0,0,0,0,0,1,0,0,0,6.6,5,3.6,1.4,0,FALSE,-52,-52,0,0,0,0,0,0
2026-07-14,114385,Jane Mary Diomande,CIV,Côte d'Ivoire,11,7,3,4,1,2,0,2,4,3,16,4,0,4,33.5,-41,-29.7,-11.3,2,TRUE,-52,-52,0,0,4,0,0,4
2026-07-14,114385,Maelhys N'dri,CIV,Côte d'Ivoire,0,3,1,2,1,0,0,0,0,0,2,0,0,2,21.7,-43,-31.2,-11.8,0,TRUE,-52,-52,0,0,0,0,0,0
2026-07-14,114385,Abigail Dia,CIV,Côte d'Ivoire,9,2,1,1,1,1,1,0,2,2,10,3,1,2,20.5,-22,-16,-6,2,FALSE,-52,-52,0,1,1,1,0,3
2026-07-14,114385,Lalya  Diarisso,CIV,Côte d'Ivoire,2,5,0,5,1,0,0,0,0,0,6,1,0,1,18.7,-24,-17.4,-6.6,0,TRUE,-52,-52,0,0,1,0,2,0
2026-07-14,114385,Aichata Mambone,CIV,Côte d'Ivoire,1,2,0,2,0,1,0,2,1,1,0,0,0,1,19.8,-19,-13.8,-5.2,1,FALSE,-52,-52,0,0,0,0,0,0
2026-07-14,114385,Jay Sebasio,AUS,Australia,6,4,0,4,3,0,0,0,0,0,5,3,0,3,19.3,19,5.2,13.8,0,FALSE,+52,52,0,0,2,1,2,0
2026-07-14,114385,Daisy Hocking,AUS,Australia,1,1,0,1,3,1,0,2,1,1,4,0,0,1,14.8,10,2.7,7.3,1,FALSE,+52,52,0,0,0,0,0,0
2026-07-14,114385,Isabel Smith,AUS,Australia,8,2,0,2,0,0,0,1,2,2,4,3,0,1,15.3,25,6.9,18.1,0,TRUE,+52,52,0,0,3,0,2,0
2026-07-14,114385,Olivia Olechnowicz,AUS,Australia,10,1,0,1,7,6,0,0,1,0,6,4,2,1,20.2,39,10.7,28.3,6,TRUE,+52,52,0,2,2,0,7,0
2026-07-14,114385,Jade Sherrington,AUS,Australia,0,1,0,1,4,0,0,0,0,0,0,0,0,0,16.5,15,4.1,10.9,0,FALSE,+52,52,0,0,0,0,0,0
2026-07-14,114385,Jasmine Jones,AUS,Australia,15,3,1,2,4,0,0,3,0,0,7,5,5,0,19,17,4.7,12.3,0,FALSE,+52,52,1,4,0,0,0,0
2026-07-14,114385,Sophie Richardson,AUS,Australia,12,0,0,0,3,1,1,0,1,2,11,4,2,2,19,21,5.8,15.2,2,FALSE,+52,52,0,2,1,0,2,0
2026-07-14,114385,Madison Ryan,AUS,Australia,12,2,1,1,2,2,1,2,1,2,5,4,2,0,10.5,28,7.7,20.3,3,TRUE,+52,52,2,0,2,0,4,0
2026-07-14,114385,Lily Mapp,AUS,Australia,6,7,1,6,1,1,3,2,0,0,5,3,0,3,15.6,3,0.8,2.2,4,FALSE,+52,52,0,0,3,0,0,0
2026-07-14,114385,Eliza Ashby,AUS,Australia,4,3,0,3,1,1,1,0,0,0,6,2,0,1,15.9,18,4.9,13.1,2,FALSE,+52,52,0,0,2,0,0,0
2026-07-14,114385,Matilda Trout,AUS,Australia,2,6,2,4,3,1,0,0,0,0,4,1,0,1,14.4,27,7.4,19.6,1,TRUE,+52,52,0,0,1,0,0,2
2026-07-14,114385,Jemyma Manyok,AUS,Australia,13,11,2,9,5,0,4,2,3,5,5,4,0,1,19.4,38,10.4,27.6,4,TRUE,+52,52,0,0,4,0,2,0
2026-07-14,114388,Enija Brokane,LAT,Latvia,0,1,0,1,2,1,0,2,1,0,0,0,0,2,14.6,-32,-21.9,-10.1,1,TRUE,-52,-52,0,0,0,0,0,0
2026-07-14,114388,Jelizaveta Naidjonova,LAT,Latvia,8,2,0,2,1,0,0,0,2,4,7,2,0,2,20.3,-22,-15.1,-6.9,0,FALSE,-52,-52,0,0,1,1,0,0
2026-07-14,114388,Adele Priedite,LAT,Latvia,1,2,0,2,3,0,1,3,3,1,2,0,0,2,16.9,-5,-3.4,-1.6,1,FALSE,-52,-52,0,0,0,0,0,0
2026-07-14,114388,Monta Culkstena,LAT,Latvia,1,2,0,2,2,3,0,1,4,1,1,0,0,3,19.6,-3,-2.1,-0.9,3,FALSE,-52,-52,0,0,0,0,0,0
2026-07-14,114388,Melanija Reicela Lagunovica,LAT,Latvia,0,1,0,1,1,0,0,0,1,0,3,0,0,4,7.6,-17,-11.6,-5.4,0,FALSE,-52,-52,0,0,0,0,0,0
2026-07-14,114388,Marta Arsentjeva,LAT,Latvia,0,1,0,1,0,0,1,2,0,0,2,0,0,0,7.3,-11,-7.5,-3.5,1,FALSE,-52,-52,0,0,0,0,0,0
2026-07-14,114388,Patricija Tikmere,LAT,Latvia,4,9,1,8,3,0,2,4,1,2,2,1,0,2,21.8,-38,-26,-12,2,TRUE,-52,-52,0,0,0,0,0,0
2026-07-14,114388,Darina Ivanova,LAT,Latvia,4,6,1,5,2,0,2,5,1,0,2,2,0,1,17.3,-15,-10.3,-4.7,2,FALSE,-52,-52,0,0,1,0,0,2
2026-07-14,114388,Laura Kikuste,LAT,Latvia,8,2,1,1,1,0,0,1,2,0,6,3,2,2,13.5,-14,-9.6,-4.4,0,FALSE,-52,-52,1,1,1,0,0,2
2026-07-14,114388,Evelina Sirsnina,LAT,Latvia,6,0,0,0,1,0,0,3,2,4,11,1,0,3,21.9,-39,-26.7,-12.3,0,TRUE,-52,-52,0,0,0,1,0,0
2026-07-14,114388,Madara Sakalova,LAT,Latvia,7,4,2,2,1,1,0,2,1,1,4,3,0,1,16.8,-35,-24,-11,1,TRUE,-52,-52,0,0,3,0,2,2
2026-07-14,114388,Sarlote Skrebele,LAT,Latvia,14,1,1,0,1,1,0,2,3,6,12,3,2,9,22.5,-29,-19.9,-9.1,1,TRUE,-52,-52,1,1,1,0,2,0
2026-07-14,114388,Morghan Reckley,USA,USA,12,2,1,1,5,2,0,3,3,3,9,4,1,0,19.6,43,13.6,29.4,2,TRUE,+52,52,1,0,2,0,2,2
2026-07-14,114388,Jazman Bailey,USA,USA,2,2,0,2,3,1,0,2,1,2,1,0,0,3,21.1,12,3.8,8.2,1,FALSE,+52,52,0,0,0,0,0,0
2026-07-14,114388,Nation Williams,USA,USA,8,7,4,3,1,3,1,4,2,2,11,3,0,1,18.3,23,7.2,15.8,4,FALSE,+52,52,0,0,3,0,2,0
2026-07-14,114388,Tatianna Griffin,USA,USA,6,9,3,6,6,0,0,1,2,0,8,3,0,2,19.5,9,2.8,6.2,0,FALSE,+52,52,0,0,3,0,4,0
2026-07-14,114388,Ivanna Wilson Manyacka,USA,USA,16,4,2,2,0,2,1,1,3,4,7,6,0,1,7.2,25,7.9,17.1,3,TRUE,+52,52,0,0,5,1,4,2
2026-07-14,114388,Micah Ojo,USA,USA,6,1,0,1,0,1,1,0,1,1,4,2,1,0,14.5,33,10.4,22.6,2,TRUE,+52,52,0,1,1,0,2,0
2026-07-14,114388,Maliya Hunter,USA,USA,6,5,2,3,0,0,1,0,1,2,6,2,0,0,22.3,13,4.1,8.9,1,FALSE,+52,52,0,0,2,0,2,0
2026-07-14,114388,Arianna Robinson,USA,USA,14,4,1,3,2,7,0,4,2,2,12,6,0,2,20.4,19,6,13,7,FALSE,+52,52,0,0,4,2,6,0
2026-07-14,114388,Olivia Jones,USA,USA,9,5,1,4,4,4,1,0,4,5,5,2,0,2,18.4,40,12.6,27.4,5,TRUE,+52,52,0,0,1,0,0,2
2026-07-14,114388,Eve Long,USA,USA,14,5,3,2,0,1,1,4,4,4,11,5,0,1,19.4,26,8.2,17.8,2,TRUE,+52,52,0,0,4,0,2,6
2026-07-14,114388,Nya Riak,USA,USA,12,9,5,4,4,2,1,2,2,0,8,5,2,2,19.4,17,5.4,11.6,3,FALSE,+52,52,0,2,3,0,4,5
2026-07-14,114397,Ran Kobayashi,JPN,Japan,6,7,1,6,1,1,0,3,2,3,7,1,1,2,14.8,4,0.3,3.7,1,TRUE,+20,20,1,0,0,0,0,0
2026-07-14,114397,Sora Shimizu,JPN,Japan,0,2,1,1,1,1,0,2,0,0,0,0,0,1,19.6,9,0.6,8.4,1,FALSE,+20,20,0,0,0,0,0,0
2026-07-14,114397,Momoka Kaji,JPN,Japan,13,5,2,3,2,1,0,0,1,1,7,5,2,2,17,15,1,14,1,FALSE,+20,20,1,1,2,0,2,2
2026-07-14,114397,Nene Gondo,JPN,Japan,7,1,0,1,0,1,0,2,1,1,6,2,2,1,16.4,8,0.5,7.5,1,FALSE,+20,20,1,1,0,0,0,0
2026-07-14,114397,Kako Otsuki,JPN,Japan,8,4,1,3,2,0,0,0,3,4,8,2,0,1,17.8,7,0.5,6.5,0,TRUE,+20,20,0,0,2,0,0,0
2026-07-14,114397,Miya Takeuchi,JPN,Japan,13,0,0,0,4,2,0,1,4,4,9,4,1,1,17.2,13,0.9,12.1,2,TRUE,+20,20,0,1,2,0,0,0
2026-07-14,114397,Rei Ando,JPN,Japan,6,2,2,0,0,0,0,3,1,0,7,3,0,0,20.5,7,0.5,6.5,0,FALSE,+20,20,0,0,2,0,0,2
2026-07-14,114397,Kiino Nakazawa,JPN,Japan,3,1,1,0,0,0,0,3,0,0,1,1,1,0,12.5,4,0.3,3.7,0,TRUE,+20,20,1,0,0,0,0,0
2026-07-14,114397,Kohse Hosozawa,JPN,Japan,4,4,2,2,1,0,1,0,3,1,7,1,1,1,16.6,11,0.7,10.3,1,TRUE,+20,20,1,0,0,0,0,0
2026-07-14,114397,Chihiro Ito,JPN,Japan,3,3,0,3,1,2,1,0,0,0,5,1,1,0,17.3,8,0.5,7.5,3,FALSE,+20,20,1,0,0,0,0,0
2026-07-14,114397,Honoka Yasui,JPN,Japan,5,2,0,2,2,2,1,3,3,5,6,0,0,2,19.5,5,0.3,4.7,3,FALSE,+20,20,0,0,0,0,0,0
2026-07-14,114397,Aya Ishiwata,JPN,Japan,1,2,2,0,0,1,0,0,1,1,0,0,0,0,10.7,9,0.6,8.4,1,FALSE,+20,20,0,0,0,0,0,0
2026-07-14,114397,Sofia Robson,CZE,Czechia,11,9,3,6,3,2,0,1,3,1,13,5,0,1,30,-3,-2.8,-0.2,2,TRUE,-20,-20,0,0,5,0,6,4
2026-07-14,114397,Dominika Pencakova,CZE,Czechia,12,3,0,3,4,2,0,2,2,2,14,4,2,3,28.9,-11,-10.3,-0.7,2,TRUE,-20,-20,1,1,2,0,4,0
2026-07-14,114397,Ema Novakova,CZE,Czechia,2,5,1,4,1,0,0,2,1,2,3,0,0,3,17.2,-2,-1.9,-0.1,0,TRUE,-20,-20,0,0,0,0,0,0
2026-07-14,114397,Ema Bartosova,CZE,Czechia,8,7,3,4,1,0,1,3,4,2,7,3,0,3,24.8,-7,-6.5,-0.5,1,TRUE,-20,-20,0,0,3,0,0,2
2026-07-14,114397,Anezka Misikova,CZE,Czechia,0,0,0,0,0,0,0,0,0,0,2,0,0,2,7.5,-12,-11.2,-0.8,0,FALSE,-20,-20,0,0,0,0,0,0
2026-07-14,114397,Tereza Sykorova,CZE,Czechia,7,3,0,3,0,0,0,1,2,3,2,2,0,1,12.8,-11,-10.3,-0.7,0,FALSE,-20,-20,0,0,2,0,2,0
2026-07-14,114397,Linda Kotrcova,CZE,Czechia,2,1,0,1,2,1,0,3,1,0,6,1,0,4,24.5,-8,-7.5,-0.5,1,TRUE,-20,-20,0,0,0,1,0,0
2026-07-14,114397,Martina Parizkova,CZE,Czechia,0,3,1,2,0,0,0,2,0,0,4,0,0,2,7.8,-7,-6.5,-0.5,0,FALSE,-20,-20,0,0,0,0,0,0
2026-07-14,114397,Vendula Salakova,CZE,Czechia,3,3,2,1,1,1,0,0,3,1,5,1,0,0,17.4,-11,-10.3,-0.7,1,FALSE,-20,-20,0,0,1,0,0,0
2026-07-14,114397,Laura Marcolova,CZE,Czechia,2,0,0,0,1,0,0,2,1,0,2,1,0,1,11.7,-15,-14,-1,0,FALSE,-20,-20,0,0,1,0,0,0
2026-07-14,114397,Adela Ruzickova,CZE,Czechia,0,0,0,0,0,0,0,0,0,0,1,0,0,1,6.4,-5,-4.7,-0.3,0,FALSE,-20,-20,0,0,0,0,0,0
2026-07-14,114397,Julie Prichystalova,CZE,Czechia,2,3,1,2,1,0,1,3,0,0,3,1,0,0,11,-8,-7.5,-0.5,1,FALSE,-20,-20,0,0,1,0,0,0
2026-07-14,114402,Zala Canzek,SLO,Slovenia,0,1,0,1,2,0,0,0,0,0,1,0,0,0,6,4,1.4,2.6,0,FALSE,+27,27,0,0,0,0,0,0
2026-07-14,114402,Julija Bukovec,SLO,Slovenia,0,2,1,1,1,0,0,3,0,0,1,0,0,0,8.3,15,5.4,9.6,0,FALSE,+27,27,0,0,0,0,0,0
2026-07-14,114402,Ines Fritz,SLO,Slovenia,4,3,2,1,3,1,0,2,3,0,4,2,0,1,26.3,22,7.9,14.1,1,TRUE,+27,27,0,0,2,0,2,2
2026-07-14,114402,Anais Gobec,SLO,Slovenia,25,3,0,3,7,4,1,0,2,3,13,10,2,2,23.9,14,5,9,5,TRUE,+27,27,1,1,7,0,6,0
2026-07-14,114402,Ota Pozin,SLO,Slovenia,13,4,1,3,1,2,1,0,2,2,6,4,3,2,30.3,22,7.9,14.1,3,TRUE,+27,27,1,2,0,1,0,0
2026-07-14,114402,Ema Stavrov,SLO,Slovenia,7,6,3,3,2,2,0,3,1,0,7,3,1,3,12.8,3,1.1,1.9,2,FALSE,+27,27,0,1,1,1,2,2
2026-07-14,114402,Marina Josipovic,SLO,Slovenia,5,1,0,1,1,0,1,2,1,1,7,2,0,1,13.4,2,0.7,1.3,1,FALSE,+27,27,0,0,1,0,0,0
2026-07-14,114402,Ema Krzisnik,SLO,Slovenia,6,2,0,2,2,0,0,0,0,0,8,3,0,0,19,8,2.9,5.1,0,FALSE,+27,27,0,0,3,0,4,0
2026-07-14,114402,Ema Lorbek,SLO,Slovenia,10,2,1,1,2,3,1,2,2,2,11,4,0,0,20.6,0,0,0,4,FALSE,+27,27,0,0,3,0,0,0
2026-07-14,114402,Veronika Ferjancic,SLO,Slovenia,12,13,3,10,5,0,1,2,4,4,10,4,0,3,22.3,15,5.4,9.6,1,TRUE,+27,27,0,0,3,0,2,0
2026-07-14,114402,Zala Mali,SLO,Slovenia,4,4,2,2,1,2,1,3,2,1,2,1,1,1,17,30,10.8,19.2,3,TRUE,+27,27,0,1,0,0,0,0
2026-07-14,114402,Elba Escorcia,COL,Colombia,4,8,3,5,2,1,1,0,2,2,5,1,0,1,28.3,-28,-18,-10,2,TRUE,-27,-27,0,0,1,0,0,2
2026-07-14,114402,Keren Bertel,COL,Colombia,13,1,0,1,1,2,0,3,3,1,10,4,4,3,19,-9,-5.8,-3.2,2,TRUE,-27,-27,0,4,0,0,0,0
2026-07-14,114402,Maria Superlano,COL,Colombia,13,0,0,0,3,0,0,1,4,0,14,6,1,3,24.3,-20,-12.8,-7.2,0,FALSE,-27,-27,0,1,3,2,0,0
2026-07-14,114402,Hannah Sofia Florez Perez,COL,Colombia,0,2,0,2,0,0,3,1,1,0,3,0,0,3,14.2,-9,-5.8,-3.2,3,FALSE,-27,-27,0,0,0,0,0,0
2026-07-14,114402,Diocelin Zuniga Hurtado,COL,Colombia,8,4,1,3,1,0,1,1,2,0,8,4,0,2,20.5,-14,-9,-5,1,TRUE,-27,-27,0,0,4,0,0,0
2026-07-14,114402,Sara Murillo,COL,Colombia,0,4,1,3,0,0,0,2,1,0,2,0,0,1,13.8,-14,-9,-5,0,FALSE,-27,-27,0,0,0,0,0,0
2026-07-14,114402,Dayra Pedroza,COL,Colombia,2,2,1,1,0,0,1,0,0,0,2,1,0,0,11.6,-1,-0.6,-0.4,1,FALSE,-27,-27,0,0,0,0,0,0
2026-07-14,114402,Mariangel Serna,COL,Colombia,2,0,0,0,3,1,0,2,0,0,3,1,0,3,15.7,-7,-4.5,-2.5,1,TRUE,-27,-27,0,0,1,0,0,0
2026-07-14,114402,Maria Mendez,COL,Colombia,5,0,0,0,1,0,0,3,0,0,4,2,1,3,12.4,-8,-5.1,-2.9,0,FALSE,-27,-27,1,0,1,0,0,0
2026-07-14,114402,Maria Millan,COL,Colombia,11,7,2,5,2,1,0,2,3,2,5,3,3,0,20.3,-9,-5.8,-3.2,1,FALSE,-27,-27,3,0,0,0,0,0
2026-07-14,114402,Mariana Paz,COL,Colombia,1,1,1,0,0,1,2,2,1,1,4,0,0,1,19.8,-16,-10.3,-5.7,3,TRUE,-27,-27,0,0,0,0,0,0
2026-07-14,114404,Hania  Hassabelnaby,EGY,Egypt,13,3,1,2,1,1,0,2,8,6,10,3,1,2,31.6,-5,-3.2,-1.8,1,TRUE,-11,-11,0,1,2,0,2,0
2026-07-14,114404,Fatma Abdella,EGY,Egypt,4,3,0,3,4,0,0,2,3,0,5,2,0,6,33.7,-18,-11.6,-6.4,0,TRUE,-11,-11,0,0,0,0,0,0
2026-07-14,114404,Jodi  Abdalla,EGY,Egypt,2,5,1,4,1,0,0,4,4,0,6,1,0,0,28.5,-15,-9.7,-5.3,0,FALSE,-11,-11,0,0,1,0,0,0
2026-07-14,114404,Mariam Elshenawy,EGY,Egypt,3,7,1,6,1,1,0,4,2,1,6,1,0,4,30.1,-3,-1.9,-1.1,1,TRUE,-11,-11,0,0,1,0,0,0
2026-07-14,114404,Hala Fetet,EGY,Egypt,2,1,1,0,0,0,0,1,0,0,3,1,0,0,5.7,-1,-0.6,-0.4,0,FALSE,-11,-11,0,0,1,0,0,2
2026-07-14,114404,Joudi Elsayed,EGY,Egypt,2,5,0,5,5,1,4,4,2,0,5,1,0,3,19,1,0.6,0.4,5,FALSE,-11,-11,0,0,1,0,0,0
2026-07-14,114404,Leila  Eissa,EGY,Egypt,17,7,0,7,1,0,0,3,2,4,13,5,3,2,31.9,-9,-5.8,-3.2,0,TRUE,-11,-11,1,2,2,0,2,0
2026-07-14,114404,Habiba Soliman,EGY,Egypt,0,0,0,0,0,0,0,0,0,0,1,0,0,0,3.8,-2,-1.3,-0.7,0,FALSE,-11,-11,0,0,0,0,0,0
2026-07-14,114404,Zeina Amin,EGY,Egypt,6,4,2,2,0,1,1,4,1,2,5,2,0,2,15.7,-3,-1.9,-1.1,2,TRUE,-11,-11,0,0,2,0,0,2
2026-07-14,114404,Olivia Lelli,ITA,Italy,5,0,0,0,2,0,0,0,1,1,7,2,0,0,15,-5,-1.8,-3.2,0,FALSE,+11,11,0,0,0,1,0,0
2026-07-14,114404,Alessandra Padulo,ITA,Italy,0,6,1,5,1,0,1,1,0,0,2,0,0,0,17.9,-2,-0.7,-1.3,1,FALSE,+11,11,0,0,0,0,0,0
2026-07-14,114404,Emilia Magni,ITA,Italy,9,2,1,1,2,1,0,5,5,4,4,2,1,2,21.9,17,6.1,10.9,1,TRUE,+11,11,0,1,1,0,2,0
2026-07-14,114404,Isabel Hassan,ITA,Italy,17,13,7,6,0,3,0,2,5,2,16,6,3,2,30.7,12,4.3,7.7,3,TRUE,+11,11,2,1,3,0,2,5
2026-07-14,114404,Sofia Zuccon,ITA,Italy,4,10,1,9,1,1,0,1,1,2,5,1,0,1,19.3,-4,-1.4,-2.6,1,FALSE,+11,11,0,0,1,0,0,0
2026-07-14,114404,Anna Sablich,ITA,Italy,12,5,2,3,2,1,0,3,5,3,12,4,1,2,28.3,19,6.8,12.2,1,FALSE,+11,11,1,0,1,2,3,4
2026-07-14,114404,Aisha Diagne,ITA,Italy,8,0,0,0,3,4,1,4,4,2,12,3,0,1,29.3,8,2.8,5.2,5,TRUE,+11,11,0,0,2,1,0,0
2026-07-14,114404,Martina Pasqualetti,ITA,Italy,0,0,0,0,1,0,0,1,0,0,0,0,0,0,2.4,-1,-0.4,-0.6,0,FALSE,+11,11,0,0,0,0,0,0
2026-07-14,114404,Mariana Nako Moni,ITA,Italy,5,4,4,0,2,2,0,3,3,3,6,1,0,3,19.1,16,5.7,10.3,2,TRUE,+11,11,0,0,1,0,0,2
2026-07-14,114404,Amelia Bianco Rossignoli,ITA,Italy,0,1,0,1,1,1,0,1,0,0,1,0,0,0,12.9,-3,-1.1,-1.9,1,FALSE,+11,11,0,0,0,0,0,0
2026-07-14,114407,Lexi Wee,CAN,Canada,5,3,0,3,5,0,0,0,4,2,3,1,1,0,19.6,2,1.8,0.2,0,FALSE,+9,9,1,0,0,0,0,0
2026-07-14,114407,Jordyn Nohr,CAN,Canada,2,2,1,1,2,0,0,2,0,0,4,1,0,0,8.3,6,5.5,0.5,0,FALSE,+9,9,0,0,0,1,0,0
2026-07-14,114407,Portia Reisen,CAN,Canada,24,1,0,1,2,3,0,3,0,0,17,9,6,3,32.6,12,11.1,0.9,3,TRUE,+9,9,1,5,2,1,2,0
2026-07-14,114407,Ashley Vande Ven,CAN,Canada,13,3,1,2,1,1,2,1,0,0,10,5,3,0,27.1,10,9.2,0.8,3,TRUE,+9,9,2,1,2,0,0,2
2026-07-14,114407,Pippa Gibb,CAN,Canada,5,0,0,0,2,2,0,0,0,0,6,2,1,2,13.8,-4,-3.7,-0.3,2,FALSE,+9,9,1,0,1,0,2,0
2026-07-14,114407,Avery Arije,CAN,Canada,4,3,0,3,4,0,0,2,1,0,5,2,0,1,16.7,6,5.5,0.5,0,TRUE,+9,9,0,0,1,1,0,0
2026-07-14,114407,Grace Pongang,CAN,Canada,3,8,2,6,1,0,1,3,2,1,3,1,0,1,15.2,-5,-4.6,-0.4,1,FALSE,+9,9,0,0,1,0,0,4
2026-07-14,114407,Emerald Nnani,CAN,Canada,14,12,7,5,1,0,2,3,3,3,12,5,1,0,26.4,10,9.2,0.8,2,TRUE,+9,9,0,1,4,0,2,2
2026-07-14,114407,Frances Vollett,CAN,Canada,13,8,3,5,2,0,1,2,2,2,14,5,1,3,32.1,3,2.8,0.2,1,TRUE,+9,9,1,0,4,0,2,0
2026-07-14,114407,Sienna Morris,CAN,Canada,2,1,1,0,1,0,0,1,0,0,2,1,0,1,8.1,5,4.6,0.4,0,FALSE,+9,9,0,0,1,0,2,0
2026-07-14,114407,Areta Kahura,NZL,New Zealand,9,1,0,1,1,0,0,1,0,0,4,3,3,0,14.2,-1,-0.1,-0.9,0,FALSE,-9,-9,3,0,0,0,0,0
2026-07-14,114407,Charis Broughton,NZL,New Zealand,7,2,1,1,5,1,0,0,1,0,9,3,1,0,18.8,-7,-0.5,-6.5,1,TRUE,-9,-9,0,1,1,0,0,2
2026-07-14,114407,Imani Rasmussen,NZL,New Zealand,14,7,3,4,0,1,0,4,5,4,12,5,0,2,25.9,-17,-1.3,-15.7,1,TRUE,-9,-9,0,0,5,0,2,4
2026-07-14,114407,Sinai Foai,NZL,New Zealand,0,0,0,0,1,0,0,0,0,0,1,0,0,0,4,9,0.7,8.3,0,FALSE,-9,-9,0,0,0,0,0,0
2026-07-14,114407,Shamar Broughton,NZL,New Zealand,3,2,0,2,5,0,0,1,2,1,6,1,0,4,16.9,2,0.2,1.8,0,FALSE,-9,-9,0,0,1,0,0,0
2026-07-14,114407,Ava Jones,NZL,New Zealand,6,3,1,2,1,0,0,0,1,1,7,2,1,1,22.3,-17,-1.3,-15.7,0,TRUE,-9,-9,0,1,1,0,0,2
2026-07-14,114407,Elisa Brown,NZL,New Zealand,3,1,1,0,3,0,0,0,0,0,3,1,1,0,5.6,1,0.1,0.9,0,FALSE,-9,-9,1,0,0,0,0,0
2026-07-14,114407,Emilia Ainley,NZL,New Zealand,13,8,1,7,3,0,4,2,4,3,8,5,0,1,29.8,0,0,0,4,TRUE,-9,-9,0,0,4,0,0,0
2026-07-14,114407,Katie Moors,NZL,New Zealand,5,2,0,2,0,2,1,1,1,1,3,2,0,0,14.1,-3,-0.2,-2.8,3,FALSE,-9,-9,0,0,2,0,0,0
2026-07-14,114407,Sienna Maurice,NZL,New Zealand,3,3,0,3,4,0,0,1,0,0,4,1,1,3,22.2,-9,-0.7,-8.3,0,TRUE,-9,-9,1,0,0,0,0,0
2026-07-14,114407,Madelin Eliadis,NZL,New Zealand,9,1,0,1,0,1,0,2,2,2,5,3,1,0,14.3,3,0.2,2.8,1,FALSE,-9,-9,1,0,1,0,2,0
2026-07-14,114407,Nahala Toeleiu,NZL,New Zealand,4,2,0,2,3,0,1,0,1,0,3,2,0,1,11.9,-6,-0.5,-5.5,1,FALSE,-9,-9,0,0,2,0,4,0
2026-07-15,132952,Morghan Reckley,USA,USA,4,4,1,3,9,3,0,0,1,0,6,2,0,3,21.4,45,20.9,24.1,3,TRUE,+76,76,0,0,1,1,2,2
2026-07-15,132952,Jazman Bailey,USA,USA,5,4,1,3,5,1,0,1,3,3,2,1,0,3,19.4,30,13.9,16.1,1,FALSE,+76,76,0,0,1,0,2,0
2026-07-15,132952,Nation Williams,USA,USA,10,15,4,11,3,1,4,1,3,2,6,4,0,1,20.3,33,15.3,17.7,5,FALSE,+76,76,0,0,1,2,2,0
2026-07-15,132952,Tatianna Griffin,USA,USA,17,4,1,3,2,1,0,1,3,4,10,5,3,1,19.5,35,16.2,18.8,1,FALSE,+76,76,1,2,0,2,0,0
2026-07-15,132952,Ivanna Wilson Manyacka,USA,USA,2,0,0,0,1,1,0,1,0,0,4,1,0,0,10,16,7.4,8.6,1,TRUE,+76,76,0,0,0,0,0,0
2026-07-15,132952,Micah Ojo,USA,USA,13,10,4,6,5,2,3,0,0,0,10,5,3,0,14.5,32,14.9,17.1,5,TRUE,+76,76,0,3,2,0,4,0
2026-07-15,132952,Maliya Hunter,USA,USA,12,7,4,3,2,0,0,0,2,0,9,6,0,1,21,39,18.1,20.9,0,FALSE,+76,76,0,0,3,3,4,2
2026-07-15,132952,Arianna Robinson,USA,USA,14,2,2,0,3,1,1,1,3,5,10,4,1,1,16.2,32,14.9,17.1,2,FALSE,+76,76,1,0,3,0,4,0
2026-07-15,132952,Olivia Jones,USA,USA,15,3,0,3,4,1,1,0,1,0,9,6,3,0,20.2,44,20.4,23.6,2,TRUE,+76,76,1,2,0,0,2,0
2026-07-15,132952,Eve Long,USA,USA,13,7,2,5,2,1,2,0,2,2,8,5,1,0,19.2,39,18.1,20.9,3,TRUE,+76,76,0,1,3,1,4,0
2026-07-15,132952,Nya Riak,USA,USA,7,3,1,2,3,0,1,1,2,0,7,3,1,1,18.4,35,16.2,18.8,1,FALSE,+76,76,0,1,2,0,4,0
2026-07-15,132952,Jordan Martin,MEX,Mexico,4,3,3,0,1,1,1,5,0,0,7,2,0,1,16.2,-28,-15,-13,2,FALSE,-76,-76,0,0,2,0,0,0
2026-07-15,132952,Mariana Diaz,MEX,Mexico,14,4,0,4,1,2,0,1,3,1,13,5,3,5,37.4,-72,-38.6,-33.4,2,TRUE,-76,-76,2,1,1,1,0,0
2026-07-15,132952,Jimena Velazquez,MEX,Mexico,12,5,1,4,3,1,0,2,1,0,22,5,2,5,34.2,-59,-31.6,-27.4,1,TRUE,-76,-76,0,2,3,0,2,0
2026-07-15,132952,Meredith Jaime,MEX,Mexico,0,1,0,1,0,0,0,1,0,0,4,0,0,1,13.2,-27,-14.5,-12.5,0,FALSE,-76,-76,0,0,0,0,0,0
2026-07-15,132952,Ivanna Olalde,MEX,Mexico,0,7,4,3,2,1,0,4,0,0,4,0,0,1,18,-28,-15,-13,1,FALSE,-76,-76,0,0,0,0,0,0
2026-07-15,132952,Andrea Lopez,MEX,Mexico,0,0,0,0,0,0,0,1,0,0,1,0,0,2,8.7,-14,-7.5,-6.5,0,FALSE,-76,-76,0,0,0,0,0,0
2026-07-15,132952,Yania Valverde,MEX,Mexico,2,3,2,1,1,0,0,2,0,0,6,1,0,2,17.3,-38,-20.4,-17.6,0,TRUE,-76,-76,0,0,0,1,0,0
2026-07-15,132952,Isamar Rumbo,MEX,Mexico,0,2,1,1,2,0,0,1,1,0,6,0,0,2,20.2,-45,-24.1,-20.9,0,TRUE,-76,-76,0,0,0,0,0,0
2026-07-15,132952,Isabella Martinez,MEX,Mexico,0,0,0,0,0,0,0,0,0,0,0,0,0,0,6.3,-11,-5.9,-5.1,0,FALSE,-76,-76,0,0,0,0,0,0
2026-07-15,132952,Marisol Gomez,MEX,Mexico,4,3,1,2,0,0,0,2,1,0,7,2,0,0,19.5,-36,-19.3,-16.7,0,TRUE,-76,-76,0,0,0,1,0,0
2026-07-15,132952,Samantha Patino,MEX,Mexico,0,2,1,1,1,0,0,1,0,0,1,0,0,0,8.9,-22,-11.8,-10.2,0,FALSE,-76,-76,0,0,0,0,0,0
2026-07-15,132954,Jelizaveta Naidjonova,LAT,Latvia,15,1,1,0,4,1,1,2,2,1,15,7,0,4,23,-9,-6.1,-2.9,2,FALSE,-23,-23,0,0,3,1,0,0
2026-07-15,132954,Enija Brokane,LAT,Latvia,2,3,0,3,1,0,0,1,0,0,1,1,0,1,11.8,-9,-6.1,-2.9,0,FALSE,-23,-23,0,0,0,1,0,0
2026-07-15,132954,Adele Priedite,LAT,Latvia,4,2,0,2,5,0,0,2,0,0,4,2,0,2,18.4,1,0.7,0.3,0,FALSE,-23,-23,0,0,1,0,0,0
2026-07-15,132954,Monta Culkstena,LAT,Latvia,6,2,2,0,2,3,0,3,0,0,5,3,0,2,23.2,-14,-9.6,-4.4,3,TRUE,-23,-23,0,0,3,0,2,0
2026-07-15,132954,Marta Arsentjeva,LAT,Latvia,0,0,0,0,1,0,0,0,0,0,1,0,0,1,5.1,-8,-5.5,-2.5,0,TRUE,-23,-23,0,0,0,0,0,0
2026-07-15,132954,Patricija Tikmere,LAT,Latvia,9,3,1,2,0,1,0,2,4,3,9,3,0,3,24.6,-12,-8.2,-3.8,1,TRUE,-23,-23,0,0,0,0,0,0
2026-07-15,132954,Darina Ivanova,LAT,Latvia,1,4,1,3,2,0,0,2,2,1,2,0,0,1,15.4,-11,-7.5,-3.5,0,FALSE,-23,-23,0,0,0,0,0,0
2026-07-15,132954,Laura Kikuste,LAT,Latvia,0,2,1,1,0,0,0,0,0,0,3,0,0,1,4.7,7,4.8,2.2,0,FALSE,-23,-23,0,0,0,0,0,0
2026-07-15,132954,Evelina Sirsnina,LAT,Latvia,12,1,1,0,1,1,0,2,1,0,10,5,2,2,25.6,-26,-17.8,-8.2,1,TRUE,-23,-23,0,2,3,0,3,0
2026-07-15,132954,Madara Sakalova,LAT,Latvia,0,4,1,3,0,0,0,1,1,0,3,0,0,2,16.5,-16,-10.9,-5.1,0,FALSE,-23,-23,0,0,0,0,0,0
2026-07-15,132954,Sarlote Skrebele,LAT,Latvia,11,4,1,3,3,2,0,1,8,5,12,3,0,0,31.6,-18,-12.3,-5.7,2,TRUE,-23,-23,0,0,2,0,2,0
2026-07-15,132954,Xuan Sun,CHN,People 's Republic of China,6,6,1,5,9,2,0,3,1,1,7,2,1,1,28.6,23,7.3,15.7,2,TRUE,+23,23,0,1,1,0,0,0
2026-07-15,132954,Xinyue Wang,CHN,People 's Republic of China,2,0,0,0,0,0,0,0,0,0,1,1,0,1,5.3,-5,-1.6,-3.4,0,FALSE,+23,23,0,0,0,1,0,0
2026-07-15,132954,Yu Jia,CHN,People 's Republic of China,9,6,5,1,1,0,0,3,0,0,6,4,1,2,27.9,15,4.8,10.2,0,FALSE,+23,23,1,0,0,1,0,0
2026-07-15,132954,Ruoyan Sun,CHN,People 's Republic of China,0,0,0,0,0,0,0,1,0,0,0,0,0,0,4.2,-5,-1.6,-3.4,0,FALSE,+23,23,0,0,0,0,0,0
2026-07-15,132954,Ying Feng,CHN,People 's Republic of China,2,1,0,1,2,0,1,2,0,0,1,1,0,0,7.2,5,1.6,3.4,1,FALSE,+23,23,0,0,0,1,0,0
2026-07-15,132954,Mengjie Wu,CHN,People 's Republic of China,0,2,2,0,2,1,1,4,0,0,0,0,0,1,14.7,3,1,2,2,TRUE,+23,23,0,0,0,0,0,0
2026-07-15,132954,Yuanshan Li,CHN,People 's Republic of China,28,3,2,1,4,3,1,1,6,6,21,9,4,3,36.1,28,8.9,19.1,4,TRUE,+23,23,1,3,2,1,4,0
2026-07-15,132954,Hanyun Sun,CHN,People 's Republic of China,21,5,1,4,3,0,3,2,7,5,21,7,2,2,32.1,33,10.5,22.5,3,TRUE,+23,23,0,2,2,0,4,2
2026-07-15,132954,Yunshu Pang,CHN,People 's Republic of China,15,15,4,11,3,3,2,2,1,1,12,7,0,1,33.6,31,9.8,21.2,5,TRUE,+23,23,0,0,3,0,0,2
2026-07-15,132954,Yatong Tang,CHN,People 's Republic of China,0,0,0,0,0,0,0,0,0,0,1,0,0,1,6.4,-8,-2.5,-5.5,0,FALSE,+23,23,0,0,0,0,0,0
2026-07-15,132954,Jiayi Wan,CHN,People 's Republic of China,0,1,0,1,0,0,0,0,1,0,2,0,0,0,3.9,-5,-1.6,-3.4,0,FALSE,+23,23,0,0,0,0,0,0
2026-07-15,132953,Jay Sebasio,AUS,Australia,0,2,0,2,1,0,0,0,1,0,2,0,0,0,11.3,-7,-0.8,-6.2,0,FALSE,+26,26,0,0,0,0,0,0
2026-07-15,132953,Daisy Hocking,AUS,Australia,2,3,2,1,2,1,0,0,0,0,3,1,0,1,15.3,-14,-1.6,-12.4,1,FALSE,+26,26,0,0,1,0,0,0
2026-07-15,132953,Isabel Smith,AUS,Australia,15,2,1,1,4,1,1,0,5,5,11,4,2,1,22.5,39,4.6,34.4,2,TRUE,+26,26,1,1,2,0,0,0
2026-07-15,132953,Olivia Olechnowicz,AUS,Australia,11,2,0,2,3,3,0,0,5,3,6,3,2,2,15.8,28,3.3,24.7,3,TRUE,+26,26,1,1,1,0,0,0
2026-07-15,132953,Jade Sherrington,AUS,Australia,2,0,0,0,1,0,0,1,1,2,4,0,0,2,18.4,7,0.8,6.2,0,FALSE,+26,26,0,0,0,0,0,0
2026-07-15,132953,Jasmine Jones,AUS,Australia,5,3,0,3,2,1,0,1,0,0,5,2,1,1,16.4,1,0.1,0.9,1,FALSE,+26,26,1,0,1,0,2,0
2026-07-15,132953,Sophie Richardson,AUS,Australia,4,5,0,5,2,0,0,2,0,0,6,2,0,0,17.9,12,1.4,10.6,0,FALSE,+26,26,0,0,1,0,2,0
2026-07-15,132953,Madison Ryan,AUS,Australia,16,4,2,2,2,0,1,1,1,2,11,7,0,1,19.8,36,4.2,31.8,1,TRUE,+26,26,0,0,7,0,0,4
2026-07-15,132953,Lily Mapp,AUS,Australia,4,5,2,3,0,0,1,2,0,0,3,2,0,3,10.6,8,0.9,7.1,1,FALSE,+26,26,0,0,2,0,0,4
2026-07-15,132953,Eliza Ashby,AUS,Australia,2,1,1,0,0,0,1,0,0,0,5,1,0,0,9.3,-19,-2.2,-16.8,1,FALSE,+26,26,0,0,1,0,0,0
2026-07-15,132953,Matilda Trout,AUS,Australia,6,7,2,5,1,1,0,3,3,0,3,3,0,3,22.2,23,2.7,20.3,1,TRUE,+26,26,0,0,3,0,4,0
2026-07-15,132953,Jemyma Manyok,AUS,Australia,4,4,1,3,2,0,2,1,0,0,7,2,0,2,20.4,16,1.9,14.1,2,TRUE,+26,26,0,0,2,0,0,0
2026-07-15,132953,Amelie Mbah,GER,Germany,0,5,1,4,0,0,0,0,0,0,2,0,0,0,12.6,-19,-16.8,-2.2,0,FALSE,-26,-26,0,0,0,0,0,0
2026-07-15,132953,Leonie Pfanzelt,GER,Germany,8,9,4,5,5,0,0,3,1,0,11,4,0,2,25.4,-16,-14.1,-1.9,0,FALSE,-26,-26,0,0,1,2,0,0
2026-07-15,132953,Linda Thimm,GER,Germany,2,1,0,1,2,1,0,1,0,0,4,1,0,2,9.4,-1,-0.9,-0.1,1,FALSE,-26,-26,0,0,1,0,2,0
2026-07-15,132953,Moescha Feunou Bakam,GER,Germany,1,1,1,0,0,0,1,1,1,1,1,0,0,1,6.3,-13,-11.5,-1.5,1,FALSE,-26,-26,0,0,0,0,0,0
2026-07-15,132953,Darina Zraychenko,GER,Germany,11,0,0,0,0,1,1,3,4,2,14,4,1,1,26.8,-21,-18.5,-2.5,2,TRUE,-26,-26,1,0,1,1,2,0
2026-07-15,132953,Leni Schramm-Bunning,GER,Germany,3,1,1,0,1,1,0,0,0,0,4,1,1,1,10.6,-2,-1.8,-0.2,1,FALSE,-26,-26,1,0,0,0,0,0
2026-07-15,132953,Lara Gierlich,GER,Germany,4,3,1,2,0,0,0,0,2,0,10,2,0,0,23.9,-8,-7.1,-0.9,0,TRUE,-26,-26,0,0,0,1,0,2
2026-07-15,132953,Mia Wiegand,GER,Germany,9,6,1,5,1,3,0,1,1,0,9,3,3,5,23.8,-21,-18.5,-2.5,3,TRUE,-26,-26,0,3,0,0,0,0
2026-07-15,132953,Frederike Askamp,GER,Germany,0,3,0,3,0,1,1,3,0,0,5,0,0,1,22.1,-26,-23,-3,2,TRUE,-26,-26,0,0,0,0,0,0
2026-07-15,132953,Mathilda Haensch,GER,Germany,2,3,1,2,0,0,0,1,0,0,3,1,0,0,15,-4,-3.5,-0.5,0,TRUE,-26,-26,0,0,1,0,0,0
2026-07-15,132953,Nele Prowaznik,GER,Germany,2,6,2,4,0,0,0,2,0,0,3,1,0,2,12.5,-3,-2.6,-0.4,0,FALSE,-26,-26,0,0,1,0,0,0
2026-07-15,132953,Silvia Heide,GER,Germany,3,3,2,1,0,1,0,1,2,3,2,0,0,0,11.9,4,3.5,0.5,1,FALSE,-26,-26,0,0,0,0,0,0
2026-07-15,132955,Salimata Kone,CIV,Côte d'Ivoire,2,1,0,1,1,1,0,4,1,2,2,0,0,3,16.3,-5,-3.5,-1.5,1,TRUE,-54,-54,0,0,0,0,0,0
2026-07-15,132955,Fatima Diouf,CIV,Côte d'Ivoire,10,1,0,1,1,2,0,2,1,2,15,3,2,4,32.4,-40,-27.8,-12.2,2,TRUE,-54,-54,1,1,0,0,0,0
2026-07-15,132955,Sarah Keita,CIV,Côte d'Ivoire,2,2,1,1,1,0,0,2,0,0,3,1,0,0,18,-25,-17.4,-7.6,0,TRUE,-54,-54,0,0,1,0,0,0
2026-07-15,132955,Ella Kone,CIV,Côte d'Ivoire,2,2,0,2,1,0,0,3,1,0,3,1,0,0,13,-28,-19.4,-8.6,0,FALSE,-54,-54,0,0,1,0,0,0
2026-07-15,132955,Fatima  Konate,CIV,Côte d'Ivoire,2,2,2,0,2,0,0,4,0,0,4,1,0,4,19.1,-19,-13.2,-5.8,0,FALSE,-54,-54,0,0,1,0,0,2
2026-07-15,132955,Adja Traore,CIV,Côte d'Ivoire,0,1,1,0,0,0,0,1,1,0,1,0,0,5,16.6,-39,-27.1,-11.9,0,FALSE,-54,-54,0,0,0,0,0,0
2026-07-15,132955,Jane Mary Diomande,CIV,Côte d'Ivoire,10,3,0,3,0,2,0,2,7,4,5,3,0,1,28.5,-22,-15.3,-6.7,2,TRUE,-54,-54,0,0,2,0,2,0
2026-07-15,132955,Maelhys N'dri,CIV,Côte d'Ivoire,0,2,0,2,2,0,0,0,1,0,1,0,0,5,22.4,-31,-21.5,-9.5,0,TRUE,-54,-54,0,0,0,0,0,0
2026-07-15,132955,Lalya  Diarisso,CIV,Côte d'Ivoire,5,4,0,4,0,0,0,0,1,0,4,2,1,3,20.4,-28,-19.4,-8.6,0,FALSE,-54,-54,1,0,1,0,0,0
2026-07-15,132955,Aichata Mambone,CIV,Côte d'Ivoire,0,0,0,0,0,0,0,1,1,0,1,0,0,0,13.3,-33,-22.9,-10.1,0,FALSE,-54,-54,0,0,0,0,0,0
2026-07-15,132955,Paula Valenzuela,ESP,Spain,10,4,3,1,5,1,0,0,3,1,7,4,1,0,18.5,31,9.5,21.5,1,FALSE,+54,54,0,1,2,0,2,0
2026-07-15,132955,Isabel Hernandez,ESP,Spain,11,0,0,0,7,5,0,0,2,2,8,4,1,3,20.6,45,13.7,31.3,5,TRUE,+54,54,0,1,2,1,4,0
2026-07-15,132955,Carla Cherry,ESP,Spain,2,5,2,3,4,5,0,1,5,0,2,1,0,1,23.9,17,5.2,11.8,5,TRUE,+54,54,0,0,1,0,2,0
2026-07-15,132955,Sarai Teijeira,ESP,Spain,8,6,4,2,1,0,0,1,2,2,8,2,2,2,16.1,19,5.8,13.2,0,FALSE,+54,54,1,1,0,0,0,0
2026-07-15,132955,Elia Pérez,ESP,Spain,5,4,2,2,1,1,0,3,0,0,10,2,1,2,15.2,9,2.7,6.3,1,FALSE,+54,54,1,0,0,0,0,0
2026-07-15,132955,Trinity Ezeanatogu,ESP,Spain,6,4,0,4,3,0,1,3,1,2,7,2,0,2,20.7,32,9.8,22.2,1,TRUE,+54,54,0,0,1,0,4,0
2026-07-15,132955,Elizabeth Abubakar,ESP,Spain,8,4,2,2,1,1,0,1,2,0,4,4,0,0,16.2,19,5.8,13.2,1,TRUE,+54,54,0,0,4,0,2,2
2026-07-15,132955,Amelia Alonso,ESP,Spain,20,4,2,2,0,2,0,1,4,5,13,7,1,1,17.4,30,9.2,20.8,2,FALSE,+54,54,0,1,4,1,8,0
2026-07-15,132955,Ana Maria Hernanz,ESP,Spain,8,5,1,4,1,2,0,2,0,0,9,3,2,0,20.8,35,10.7,24.3,2,FALSE,+54,54,2,0,0,0,3,0
2026-07-15,132955,Sandra Davila,ESP,Spain,3,5,3,2,2,0,0,2,0,0,6,1,1,1,15,16,4.9,11.1,0,TRUE,+54,54,0,1,0,0,0,0
2026-07-15,132955,Anna Smykovskaia,ESP,Spain,6,8,6,2,1,3,0,0,0,0,10,3,0,0,15.5,17,5.2,11.8,3,FALSE,+54,54,0,0,3,0,2,2
2026-07-15,132958,Elba Escorcia,COL,Colombia,4,1,0,1,3,1,0,1,1,2,2,1,0,1,21.6,-20,-13.8,-6.2,1,FALSE,-20,-20,0,0,1,0,2,0
2026-07-15,132958,Keren Bertel,COL,Colombia,8,6,1,5,3,5,0,1,2,2,12,2,2,2,26.1,-10,-6.9,-3.1,5,TRUE,-20,-20,1,1,0,0,0,0
2026-07-15,132958,Maria Superlano,COL,Colombia,7,0,0,0,1,2,0,0,1,1,9,3,0,0,14.3,-10,-6.9,-3.1,2,TRUE,-20,-20,0,0,0,1,0,0
2026-07-15,132958,Hannah Sofia Florez Perez,COL,Colombia,2,2,2,0,1,0,1,2,0,0,3,1,0,3,12.8,2,1.4,0.6,1,FALSE,-20,-20,0,0,0,0,0,0
2026-07-15,132958,Diocelin Zuniga Hurtado,COL,Colombia,12,9,3,6,0,1,1,2,1,2,14,5,0,1,22.4,-14,-9.7,-4.3,2,TRUE,-20,-20,0,0,4,0,4,2
2026-07-15,132958,Sara Murillo,COL,Colombia,0,5,0,5,0,0,0,0,0,0,4,0,0,0,11.5,-3,-2.1,-0.9,0,FALSE,-20,-20,0,0,0,0,0,0
2026-07-15,132958,Dayra Pedroza,COL,Colombia,2,3,1,2,0,0,1,1,0,0,4,1,0,0,14.2,-1,-0.7,-0.3,1,FALSE,-20,-20,0,0,0,1,0,0
2026-07-15,132958,Mariangel Serna,COL,Colombia,2,3,0,3,1,2,0,3,2,2,9,0,0,5,24.6,-16,-11,-5,2,FALSE,-20,-20,0,0,0,0,0,0
2026-07-15,132958,Maria Mendez,COL,Colombia,0,2,0,2,0,0,0,1,0,0,3,0,0,0,13.8,-10,-6.9,-3.1,0,FALSE,-20,-20,0,0,0,0,0,0
2026-07-15,132958,Maria Millan,COL,Colombia,0,7,3,4,0,1,0,1,1,0,5,0,0,0,19.6,6,4.1,1.9,1,TRUE,-20,-20,0,0,0,0,0,0
2026-07-15,132958,Mariana Paz,COL,Colombia,3,6,1,5,0,1,0,2,0,0,3,1,1,0,19,-24,-16.6,-7.4,1,TRUE,-20,-20,0,1,0,0,0,0
2026-07-15,132958,Areta Kahura,NZL,New Zealand,2,2,2,0,1,0,0,2,0,0,6,1,0,0,13.6,7,2.2,4.8,0,FALSE,+20,20,0,0,0,0,0,0
2026-07-15,132958,Charis Broughton,NZL,New Zealand,3,2,2,0,1,1,0,0,1,0,8,1,1,0,18.8,3,0.9,2.1,1,TRUE,+20,20,0,1,0,0,0,0
2026-07-15,132958,Imani Rasmussen,NZL,New Zealand,8,8,4,4,2,0,1,0,5,2,11,3,0,2,20.9,3,0.9,2.1,1,TRUE,+20,20,0,0,2,1,0,0
2026-07-15,132958,Sinai Foai,NZL,New Zealand,10,4,0,4,0,0,0,2,3,2,6,4,0,1,16.4,7,2.2,4.8,0,FALSE,+20,20,0,0,4,0,2,0
2026-07-15,132958,Shamar Broughton,NZL,New Zealand,8,4,0,4,3,0,0,1,0,0,6,3,2,1,13.1,19,5.9,13.1,0,FALSE,+20,20,0,2,0,0,0,0
2026-07-15,132958,Ava Jones,NZL,New Zealand,4,5,1,4,1,0,0,2,0,0,8,2,0,2,18,7,2.2,4.8,0,TRUE,+20,20,0,0,0,0,0,0
2026-07-15,132958,Elisa Brown,NZL,New Zealand,2,4,2,2,3,1,0,0,0,0,6,1,0,1,15.2,2,0.6,1.4,1,FALSE,+20,20,0,0,1,0,0,0
2026-07-15,132958,Emilia Ainley,NZL,New Zealand,13,10,6,4,0,1,0,0,3,3,11,5,0,2,18.7,11,3.4,7.6,1,TRUE,+20,20,0,0,5,0,0,4
2026-07-15,132958,Katie Moors,NZL,New Zealand,0,11,3,8,1,1,2,1,0,0,2,0,0,2,17.7,11,3.4,7.6,3,FALSE,+20,20,0,0,0,0,0,0
2026-07-15,132958,Sienna Maurice,NZL,New Zealand,6,5,1,4,1,1,0,0,0,0,4,3,0,2,16.8,14,4.3,9.7,1,TRUE,+20,20,0,0,3,0,2,0
2026-07-15,132958,Madelin Eliadis,NZL,New Zealand,0,2,1,1,0,0,0,0,0,0,8,0,0,1,15.7,-1,-0.3,-0.7,0,FALSE,+20,20,0,0,0,0,0,0
2026-07-15,132958,Nahala Toeleiu,NZL,New Zealand,4,7,4,3,2,1,0,0,2,2,5,1,0,2,15,17,5.3,11.7,1,FALSE,+20,20,0,0,1,0,2,0
2026-07-15,132959,Sofia Robson,CZE,Czechia,3,3,2,1,2,1,0,1,1,1,18,1,0,1,28.5,-21,-15.8,-5.2,1,TRUE,-27,-27,0,0,0,0,0,2
2026-07-15,132959,Dominika Pencakova,CZE,Czechia,10,3,0,3,2,1,1,3,1,0,10,4,2,3,23.3,-3,-2.3,-0.7,2,TRUE,-27,-27,2,0,2,0,2,0
2026-07-15,132959,Ema Novakova,CZE,Czechia,4,6,0,6,0,0,1,0,0,0,8,2,0,5,21.2,-12,-9,-3,1,TRUE,-27,-27,0,0,1,1,2,0
2026-07-15,132959,Ema Bartosova,CZE,Czechia,6,5,3,2,1,4,2,3,2,2,8,2,0,0,22,-13,-9.8,-3.2,6,TRUE,-27,-27,0,0,2,0,0,0
2026-07-15,132959,Anezka Misikova,CZE,Czechia,0,0,0,0,0,0,0,1,0,0,3,0,0,0,4.8,0,0,0,0,FALSE,-27,-27,0,0,0,0,0,0
2026-07-15,132959,Tereza Sykorova,CZE,Czechia,2,3,0,3,4,1,0,1,1,0,2,1,0,0,14,-15,-11.3,-3.7,1,FALSE,-27,-27,0,0,1,0,2,0
2026-07-15,132959,Linda Kotrcova,CZE,Czechia,5,1,0,1,2,2,0,2,3,3,7,1,0,0,24.9,-11,-8.3,-2.7,2,TRUE,-27,-27,0,0,1,0,0,0
2026-07-15,132959,Martina Parizkova,CZE,Czechia,2,5,2,3,0,1,0,1,1,0,1,1,0,2,4.8,0,0,0,1,FALSE,-27,-27,0,0,1,0,0,2
2026-07-15,132959,Vendula Salakova,CZE,Czechia,4,4,2,2,0,3,1,2,1,0,8,2,0,2,21.7,-33,-24.8,-8.2,4,FALSE,-27,-27,0,0,2,0,0,2
2026-07-15,132959,Laura Marcolova,CZE,Czechia,0,4,2,2,0,0,0,3,0,0,6,0,0,3,16.9,-13,-9.8,-3.2,0,FALSE,-27,-27,0,0,0,0,0,0
2026-07-15,132959,Adela Ruzickova,CZE,Czechia,0,1,0,1,0,0,0,0,0,0,1,0,0,1,4.8,0,0,0,0,FALSE,-27,-27,0,0,0,0,0,0
2026-07-15,132959,Julie Prichystalova,CZE,Czechia,4,6,2,4,0,0,1,2,1,0,4,2,0,2,13.2,-14,-10.5,-3.5,1,FALSE,-27,-27,0,0,2,0,2,2
2026-07-15,132959,Lexi Wee,CAN,Canada,8,1,1,0,2,2,0,1,4,1,4,3,1,4,20.7,5,1.2,3.8,2,FALSE,+27,27,0,1,1,0,2,0
2026-07-15,132959,Jordyn Nohr,CAN,Canada,6,4,1,3,2,0,0,1,0,0,10,2,2,0,19.1,23,5.7,17.3,0,FALSE,+27,27,1,1,0,0,0,0
2026-07-15,132959,Samera Jeffers,CAN,Canada,0,1,0,1,0,0,1,1,0,0,1,0,0,0,2.5,-2,-0.5,-1.5,1,FALSE,+27,27,0,0,0,0,0,0
2026-07-15,132959,Portia Reisen,CAN,Canada,6,1,0,1,4,1,0,0,0,0,12,2,2,6,24,18,4.5,13.5,1,TRUE,+27,27,1,1,0,0,0,0
2026-07-15,132959,Ashley Vande Ven,CAN,Canada,11,14,8,6,0,3,0,1,1,0,13,5,1,1,26.9,21,5.2,15.8,3,TRUE,+27,27,0,1,2,0,2,8
2026-07-15,132959,Pippa Gibb,CAN,Canada,0,0,0,0,0,0,0,2,1,0,1,0,0,0,3.3,0,0,0,0,FALSE,+27,27,0,0,0,0,0,0
2026-07-15,132959,Avery Arije,CAN,Canada,13,9,3,6,4,3,3,0,6,7,13,2,2,5,27,24,6,18,6,TRUE,+27,27,0,2,0,0,0,0
2026-07-15,132959,Grace Pongang,CAN,Canada,2,10,1,9,1,0,2,3,1,0,1,1,0,1,16.9,18,4.5,13.5,2,FALSE,+27,27,0,0,1,0,0,0
2026-07-15,132959,Emerald Nnani,CAN,Canada,7,9,4,5,0,2,2,1,4,3,5,2,0,1,24.4,11,2.7,8.3,4,TRUE,+27,27,0,0,2,0,0,2
2026-07-15,132959,Frances Vollett,CAN,Canada,13,5,3,2,0,1,1,1,0,0,9,6,1,2,27.4,17,4.2,12.8,2,TRUE,+27,27,1,0,5,0,6,2
2026-07-15,132959,Sienna Morris,CAN,Canada,1,2,1,1,0,0,0,0,1,1,1,0,0,0,5.2,2,0.5,1.5,0,FALSE,+27,27,0,0,0,0,0,0
2026-07-15,132959,Gabrielle Fajemirokun,CAN,Canada,0,2,0,2,0,0,0,0,1,0,1,0,0,0,2.5,-2,-0.5,-1.5,0,FALSE,+27,27,0,0,0,0,0,0
2026-07-15,132957,Zala Canzek,SLO,Slovenia,2,1,0,1,1,0,0,0,0,0,3,1,0,2,6.2,0,0,0,0,FALSE,+22,22,0,0,1,0,0,0
2026-07-15,132957,Julija Bukovec,SLO,Slovenia,0,1,1,0,0,0,0,1,0,0,3,0,0,0,8.3,0,0,0,0,FALSE,+22,22,0,0,0,0,0,0
2026-07-15,132957,Ines Fritz,SLO,Slovenia,5,0,0,0,2,2,0,4,1,1,5,2,0,2,28.3,9,1.8,7.2,2,TRUE,+22,22,0,0,2,0,0,0
2026-07-15,132957,Anais Gobec,SLO,Slovenia,16,5,1,4,4,3,0,1,4,3,16,6,1,2,28.3,23,4.7,18.3,3,TRUE,+22,22,0,1,3,0,2,2
2026-07-15,132957,Ota Pozin,SLO,Slovenia,2,4,2,2,2,3,0,1,0,0,6,1,0,1,24.9,22,4.5,17.5,3,TRUE,+22,22,0,0,1,0,0,0
2026-07-15,132957,Ema Stavrov,SLO,Slovenia,11,4,2,2,1,1,1,0,1,2,6,4,1,1,14.8,12,2.4,9.6,2,FALSE,+22,22,1,0,3,0,2,2
2026-07-15,132957,Marina Josipovic,SLO,Slovenia,2,4,3,1,0,0,0,0,1,2,2,0,0,2,11.2,1,0.2,0.8,0,FALSE,+22,22,0,0,0,0,0,0
2026-07-15,132957,Ema Krzisnik,SLO,Slovenia,2,1,0,1,1,2,0,4,1,0,2,1,0,1,10,8,1.6,6.4,2,FALSE,+22,22,0,0,1,0,0,0
2026-07-15,132957,Ema Lorbek,SLO,Slovenia,10,3,0,3,1,1,1,0,4,2,5,4,0,0,17.6,9,1.8,7.2,2,FALSE,+22,22,0,0,3,0,0,0
2026-07-15,132957,Veronika Ferjancic,SLO,Slovenia,10,13,3,10,1,2,1,0,7,6,5,2,0,3,28.9,26,5.3,20.7,3,TRUE,+22,22,0,0,2,0,2,2
2026-07-15,132957,Zala Mali,SLO,Slovenia,6,2,1,1,1,1,0,2,2,1,6,2,1,0,21.5,0,0,0,1,TRUE,+22,22,1,0,1,0,2,0
2026-07-15,132957,Olivia Lelli,ITA,Italy,2,3,1,2,3,2,0,0,2,0,5,1,0,2,16.5,-2,-1.6,-0.4,2,FALSE,-22,-22,0,0,0,1,0,0
2026-07-15,132957,Alessandra Padulo,ITA,Italy,2,4,2,2,0,1,0,4,0,0,2,1,0,0,10.6,-7,-5.6,-1.4,1,FALSE,-22,-22,0,0,1,0,0,0
2026-07-15,132957,Emilia Magni,ITA,Italy,16,1,0,1,1,2,0,5,1,0,9,7,2,3,26.7,-17,-13.5,-3.5,2,TRUE,-22,-22,0,2,2,2,2,0
2026-07-15,132957,Isabel Hassan,ITA,Italy,11,11,2,9,3,0,4,1,1,1,19,4,2,5,26.5,-15,-11.9,-3.1,4,TRUE,-22,-22,0,2,1,0,0,2
2026-07-15,132957,Sofia Zuccon,ITA,Italy,4,11,3,8,1,0,0,2,1,0,7,2,0,1,25.9,-20,-15.9,-4.1,0,TRUE,-22,-22,0,0,1,0,0,2
2026-07-15,132957,Anna Sablich,ITA,Italy,1,1,1,0,0,0,0,2,3,1,3,0,0,2,15.4,-9,-7.2,-1.8,0,FALSE,-22,-22,0,0,0,0,0,0
2026-07-15,132957,Aisha Diagne,ITA,Italy,3,0,0,0,1,3,0,2,3,1,7,1,0,4,26.1,-17,-13.5,-3.5,3,TRUE,-22,-22,0,0,1,0,2,0
2026-07-15,132957,Eleonora Tavella,ITA,Italy,0,0,0,0,0,0,0,0,0,0,0,0,0,1,3.4,-1,-0.8,-0.2,0,FALSE,-22,-22,0,0,0,0,0,0
2026-07-15,132957,Martina Pasqualetti,ITA,Italy,2,2,1,1,1,1,0,1,1,2,2,0,0,1,13.5,-5,-4,-1,1,FALSE,-22,-22,0,0,0,0,0,0
2026-07-15,132957,Mariana Nako Moni,ITA,Italy,3,3,2,1,0,0,0,4,1,1,3,1,0,2,26.8,-15,-11.9,-3.1,0,TRUE,-22,-22,0,0,1,0,0,0
2026-07-15,132957,Amelia Bianco Rossignoli,ITA,Italy,0,1,0,1,0,1,0,0,0,0,1,0,0,1,8.6,-2,-1.6,-0.4,1,FALSE,-22,-22,0,0,0,0,0,0
2026-07-15,132956,Ran Kobayashi,JPN,Japan,4,2,1,1,1,0,0,3,2,0,5,2,0,2,14.8,10,2.4,7.6,0,TRUE,+27,27,0,0,1,1,0,2
2026-07-15,132956,Sora Shimizu,JPN,Japan,0,4,0,4,1,0,1,3,0,0,0,0,0,0,18,9,2.2,6.8,1,FALSE,+27,27,0,0,0,0,0,0
2026-07-15,132956,Momoka Kaji,JPN,Japan,14,1,0,1,0,0,1,1,4,6,12,3,2,2,22.9,12,2.9,9.1,1,FALSE,+27,27,1,1,1,0,0,0
2026-07-15,132956,Nene Gondo,JPN,Japan,5,4,0,4,3,1,0,3,2,1,7,2,0,3,24.9,11,2.7,8.3,1,FALSE,+27,27,0,0,2,0,0,0
2026-07-15,132956,Kako Otsuki,JPN,Japan,19,7,1,6,4,1,0,1,4,6,13,6,1,2,20.1,31,7.5,23.5,1,TRUE,+27,27,0,1,3,0,2,2
2026-07-15,132956,Miya Takeuchi,JPN,Japan,18,3,0,3,3,0,0,2,2,4,7,6,2,0,16.5,19,4.6,14.4,0,TRUE,+27,27,0,2,2,2,2,0
2026-07-15,132956,Rei Ando,JPN,Japan,9,3,1,2,0,3,0,1,1,0,6,4,1,0,17.7,18,4.4,13.6,3,FALSE,+27,27,0,1,2,0,2,0
2026-07-15,132956,Kiino Nakazawa,JPN,Japan,0,2,1,1,0,2,0,1,0,0,1,0,0,0,15.5,11,2.7,8.3,2,TRUE,+27,27,0,0,0,0,0,0
2026-07-15,132956,Kohse Hosozawa,JPN,Japan,6,6,1,5,2,1,0,2,2,2,6,2,0,2,17.3,22,5.3,16.7,1,TRUE,+27,27,0,0,1,1,0,0
2026-07-15,132956,Chihiro Ito,JPN,Japan,2,5,2,3,0,0,0,3,1,0,3,1,0,0,20.7,-2,-0.5,-1.5,0,FALSE,+27,27,0,0,1,0,2,0
2026-07-15,132956,Aya Ishiwata,JPN,Japan,3,2,1,1,0,0,0,2,0,0,3,1,1,0,11.4,-6,-1.5,-4.5,0,FALSE,+27,27,0,1,0,0,0,0
2026-07-15,132956,Hania  Hassabelnaby,EGY,Egypt,11,7,4,3,0,0,0,1,2,1,15,5,0,3,27.2,-18,-13.6,-4.4,0,TRUE,-27,-27,0,0,3,0,4,0
2026-07-15,132956,Fatma Abdella,EGY,Egypt,2,4,0,4,3,2,0,4,3,0,10,1,0,3,24.9,-8,-6.1,-1.9,2,TRUE,-27,-27,0,0,1,0,0,0
2026-07-15,132956,Jodi  Abdalla,EGY,Egypt,0,0,0,0,0,0,0,0,1,0,4,0,0,0,15.8,-32,-24.3,-7.7,0,FALSE,-27,-27,0,0,0,0,0,0
2026-07-15,132956,Mariam Elshenawy,EGY,Egypt,9,3,1,2,0,0,0,4,4,5,8,2,0,0,20.6,-19,-14.4,-4.6,0,TRUE,-27,-27,0,0,2,0,0,0
2026-07-15,132956,Hala Fetet,EGY,Egypt,2,3,1,2,1,0,0,3,1,0,2,1,0,1,14.5,-13,-9.9,-3.1,0,FALSE,-27,-27,0,0,1,0,0,2
2026-07-15,132956,Joudi Elsayed,EGY,Egypt,2,5,1,4,4,2,0,0,4,2,8,0,0,1,25,-26,-19.7,-6.3,2,FALSE,-27,-27,0,0,0,0,0,0
2026-07-15,132956,Habiba Gamal Rizk,EGY,Egypt,3,3,1,2,0,0,0,0,0,0,1,1,1,1,7.9,2,1.5,0.5,0,FALSE,-27,-27,0,1,0,0,0,0
2026-07-15,132956,Leila  Eissa,EGY,Egypt,11,1,0,1,2,1,0,1,1,1,11,4,2,0,28,-17,-12.9,-4.1,1,TRUE,-27,-27,1,1,2,0,2,0
2026-07-15,132956,Habiba Soliman,EGY,Egypt,0,0,0,0,0,0,0,0,1,0,2,0,0,1,11.8,-9,-6.8,-2.2,0,FALSE,-27,-27,0,0,0,0,0,0
2026-07-15,132956,Zeina Amin,EGY,Egypt,11,11,5,6,0,1,1,5,4,3,7,4,0,0,14.2,11,8.3,2.7,2,TRUE,-27,-27,0,0,4,0,0,6
2026-07-15,132956,Sedra   Elshafey,EGY,Egypt,2,3,3,0,0,0,0,0,1,0,5,1,0,1,10,-6,-4.5,-1.5,0,FALSE,-27,-27,0,0,1,0,0,0
2026-07-17,132963,Salimata Kone,CIV,Côte d'Ivoire,6,5,0,5,2,3,0,2,4,4,8,1,0,5,34,-11,-7.4,-3.6,3,TRUE,-15,-15,0,0,1,0,0,0
2026-07-17,132963,Fatima Diouf,CIV,Côte d'Ivoire,20,1,0,1,2,1,0,2,4,2,22,7,4,6,34.4,-18,-12.2,-5.8,1,TRUE,-15,-15,0,4,3,0,0,0
2026-07-17,132963,Sarah Keita,CIV,Côte d'Ivoire,0,3,2,1,0,0,0,3,0,0,1,0,0,0,5.3,-6,-4.1,-1.9,0,TRUE,-15,-15,0,0,0,0,0,0
2026-07-17,132963,Ella Kone,CIV,Côte d'Ivoire,0,2,0,2,1,0,0,2,0,0,2,0,0,0,7.5,3,2,1,0,FALSE,-15,-15,0,0,0,0,0,0
2026-07-17,132963,Fatima  Konate,CIV,Côte d'Ivoire,1,2,1,1,4,2,0,2,2,1,2,0,0,1,28,-11,-7.4,-3.6,2,FALSE,-15,-15,0,0,0,0,0,0
2026-07-17,132963,Adja Traore,CIV,Côte d'Ivoire,0,2,2,0,0,1,0,1,1,0,0,0,0,0,5.9,4,2.7,1.3,1,FALSE,-15,-15,0,0,0,0,0,0
2026-07-17,132963,Jane Mary Diomande,CIV,Côte d'Ivoire,10,7,3,4,0,1,2,3,8,2,12,4,0,3,28.4,-14,-9.5,-4.5,3,TRUE,-15,-15,0,0,4,0,0,0
2026-07-17,132963,Maelhys N'dri,CIV,Côte d'Ivoire,5,2,1,1,1,3,0,2,1,1,4,2,0,2,18.7,-13,-8.8,-4.2,3,TRUE,-15,-15,0,0,1,0,2,0
2026-07-17,132963,Lalya  Diarisso,CIV,Côte d'Ivoire,0,4,2,2,2,2,0,1,0,0,1,0,0,0,18,-10,-6.8,-3.2,2,FALSE,-15,-15,0,0,0,0,0,0
2026-07-17,132963,Aichata Mambone,CIV,Côte d'Ivoire,0,1,0,1,0,1,0,0,0,0,1,0,0,0,2.7,3,2,1,1,FALSE,-15,-15,0,0,0,0,0,0
2026-07-17,132963,Aminata  Kone,CIV,Côte d'Ivoire,9,3,1,2,0,0,1,2,4,2,8,3,1,1,17.2,-2,-1.4,-0.6,1,FALSE,-15,-15,0,1,2,0,3,2
2026-07-17,132963,Alisson Restrepo,COL,Colombia,6,1,1,0,3,1,0,2,2,0,8,2,2,2,18.5,17,5.5,11.5,1,TRUE,+15,15,1,1,0,0,0,0
2026-07-17,132963,Elba Escorcia,COL,Colombia,14,3,1,2,5,0,1,2,1,1,8,5,3,1,23.8,0,0,0,1,FALSE,+15,15,2,1,2,0,2,0
2026-07-17,132963,Keren Bertel,COL,Colombia,9,5,1,4,3,2,2,2,4,4,8,2,1,4,27,21,6.8,14.2,4,TRUE,+15,15,0,1,1,0,2,0
2026-07-17,132963,Hannah Sofia Florez Perez,COL,Colombia,0,2,0,2,0,0,0,5,0,0,0,0,0,2,7.7,-1,-0.3,-0.7,0,FALSE,+15,15,0,0,0,0,0,0
2026-07-17,132963,Diocelin Zuniga Hurtado,COL,Colombia,14,9,1,8,1,3,4,3,4,2,8,6,0,3,26,19,6.1,12.9,7,TRUE,+15,15,0,0,5,0,2,2
2026-07-17,132963,Sara Murillo,COL,Colombia,0,2,1,1,0,1,0,1,1,0,1,0,0,2,12.2,-2,-0.6,-1.4,1,FALSE,+15,15,0,0,0,0,0,0
2026-07-17,132963,Dayra Pedroza,COL,Colombia,2,2,0,2,0,2,0,5,0,0,5,1,0,0,11.3,-1,-0.3,-0.7,2,FALSE,+15,15,0,0,1,0,2,0
2026-07-17,132963,Mariangel Serna,COL,Colombia,2,0,0,0,7,2,0,0,1,2,2,0,0,4,23.9,8,2.6,5.4,2,TRUE,+15,15,0,0,0,0,0,0
2026-07-17,132963,Maria Mendez,COL,Colombia,5,1,0,1,0,3,0,1,1,2,3,1,1,4,16.1,-5,-1.6,-3.4,3,FALSE,+15,15,0,1,0,0,0,0
2026-07-17,132963,Maria Millan,COL,Colombia,5,1,1,0,0,2,0,2,1,2,3,1,1,0,10.6,4,1.3,2.7,2,FALSE,+15,15,1,0,0,0,0,0
2026-07-17,132963,Mariana Paz,COL,Colombia,9,14,2,12,0,0,1,1,5,6,3,1,1,3,22.9,15,4.8,10.2,1,TRUE,+15,15,0,1,0,0,0,0
2026-07-17,132965,Daisy Hocking,AUS,Australia,2,4,2,2,0,0,0,0,1,0,2,1,0,0,10.2,3,1.5,1.5,0,FALSE,+6,6,0,0,1,0,0,4
2026-07-17,132965,Isabel Smith,AUS,Australia,16,1,0,1,2,0,0,3,6,9,9,3,1,4,35.2,5,2.5,2.5,0,TRUE,+6,6,0,1,2,0,2,0
2026-07-17,132965,Olivia Olechnowicz,AUS,Australia,14,5,1,4,2,0,0,2,2,2,13,5,2,1,35.7,8,4,4,0,TRUE,+6,6,1,1,2,0,0,2
2026-07-17,132965,Jade Sherrington,AUS,Australia,3,0,0,0,2,0,0,1,0,0,2,1,1,1,12.2,1,0.5,0.5,0,FALSE,+6,6,1,0,0,0,0,0
2026-07-17,132965,Jasmine Jones,AUS,Australia,0,0,0,0,0,0,1,1,0,0,2,0,0,0,4.5,-4,-2,-2,1,FALSE,+6,6,0,0,0,0,0,0
2026-07-17,132965,Sophie Richardson,AUS,Australia,5,4,1,3,1,0,1,0,1,0,8,2,1,3,30.7,10,4.9,5.1,1,TRUE,+6,6,0,1,1,0,0,2
2026-07-17,132965,Madison Ryan,AUS,Australia,21,5,1,4,3,2,1,3,2,2,18,9,1,3,37,2,1,1,3,TRUE,+6,6,0,1,6,0,2,0
2026-07-17,132965,Matilda Trout,AUS,Australia,9,14,5,9,4,1,0,1,3,2,3,3,1,2,31,5,2.5,2.5,1,TRUE,+6,6,1,0,2,0,0,0
2026-07-17,132965,Jemyma Manyok,AUS,Australia,0,4,1,3,1,0,0,0,0,0,1,0,0,0,2.9,0,0,0,0,FALSE,+6,6,0,0,0,0,0,0
2026-07-17,132965,Ran Kobayashi,JPN,Japan,4,2,0,2,0,3,0,2,0,0,6,2,0,2,26.7,-8,-4,-4,3,TRUE,-6,-6,0,0,1,0,2,0
2026-07-17,132965,Sora Shimizu,JPN,Japan,2,1,0,1,0,0,0,2,0,0,2,1,0,3,20.1,-8,-4,-4,0,FALSE,-6,-6,0,0,1,0,0,0
2026-07-17,132965,Momoka Kaji,JPN,Japan,7,2,0,2,1,0,0,0,0,0,5,3,1,0,14.3,3,1.5,1.5,0,FALSE,-6,-6,1,0,1,1,0,0
2026-07-17,132965,Nene Gondo,JPN,Japan,0,0,0,0,1,0,0,0,0,0,2,0,0,0,5.6,-1,-0.5,-0.5,0,FALSE,-6,-6,0,0,0,0,0,0
2026-07-17,132965,Kako Otsuki,JPN,Japan,11,5,0,5,0,0,0,3,5,3,12,4,0,1,33.7,-13,-6.6,-6.4,0,TRUE,-6,-6,0,0,3,0,0,0
2026-07-17,132965,Miya Takeuchi,JPN,Japan,32,2,1,1,3,1,0,3,2,2,25,14,2,1,33.2,3,1.5,1.5,1,TRUE,-6,-6,0,2,9,1,0,0
2026-07-17,132965,Rei Ando,JPN,Japan,0,3,1,2,0,0,0,1,2,0,0,0,0,1,13,-16,-8.1,-7.9,0,FALSE,-6,-6,0,0,0,0,0,0
2026-07-17,132965,Kiino Nakazawa,JPN,Japan,2,1,0,1,1,0,0,2,0,0,2,1,0,1,19.2,3,1.5,1.5,0,TRUE,-6,-6,0,0,0,1,0,0
2026-07-17,132965,Kohse Hosozawa,JPN,Japan,6,6,2,4,0,1,0,2,2,0,7,2,2,0,27,10,5.1,4.9,1,TRUE,-6,-6,2,0,0,0,0,0
2026-07-17,132965,Chihiro Ito,JPN,Japan,0,3,1,2,0,2,0,0,0,0,1,0,0,0,6.5,-2,-1,-1,2,FALSE,-6,-6,0,0,0,0,0,0
2026-07-17,132961,Amelie Mbah,GER,Germany,6,4,1,3,0,0,1,1,1,0,3,3,0,1,17.8,-1,-0.5,-0.5,1,FALSE,-4,-4,0,0,2,0,0,0
2026-07-17,132961,Leonie Pfanzelt,GER,Germany,2,1,0,1,5,0,0,1,3,2,5,0,0,2,26.8,2,1.1,0.9,0,FALSE,-4,-4,0,0,0,0,0,0
2026-07-17,132961,Moescha Feunou Bakam,GER,Germany,0,4,0,4,1,0,0,4,1,0,1,0,0,0,8.2,-4,-2.2,-1.8,0,FALSE,-4,-4,0,0,0,0,0,0
2026-07-17,132961,Darina Zraychenko,GER,Germany,15,2,1,1,2,0,0,1,0,0,17,6,3,1,28.9,-7,-3.8,-3.2,0,TRUE,-4,-4,1,2,2,0,2,0
2026-07-17,132961,Leni Schramm-Bunning,GER,Germany,6,1,0,1,0,1,0,1,1,0,3,2,2,2,7.7,4,2.2,1.8,1,FALSE,-4,-4,1,1,0,0,0,0
2026-07-17,132961,Lara Gierlich,GER,Germany,7,4,1,3,0,2,0,1,1,1,11,2,2,1,27.9,-5,-2.7,-2.3,2,TRUE,-4,-4,2,0,0,0,0,0
2026-07-17,132961,Mia Wiegand,GER,Germany,9,7,2,5,4,2,1,1,2,4,14,2,1,8,31.4,0,0,0,3,TRUE,-4,-4,0,1,0,0,0,2
2026-07-17,132961,Frederike Askamp,GER,Germany,5,5,3,2,3,3,0,4,3,1,9,2,0,3,19.2,-4,-2.2,-1.8,3,TRUE,-4,-4,0,0,0,0,0,4
2026-07-17,132961,Mathilda Haensch,GER,Germany,4,4,1,3,0,2,1,3,1,2,2,1,0,0,16.8,3,1.6,1.4,3,TRUE,-4,-4,0,0,0,0,2,0
2026-07-17,132961,Nele Prowaznik,GER,Germany,0,1,0,1,0,0,0,1,1,0,1,0,0,0,5.4,-6,-3.3,-2.7,0,FALSE,-4,-4,0,0,0,0,0,0
2026-07-17,132961,Silvia Heide,GER,Germany,0,3,0,3,0,0,0,3,1,0,1,0,0,0,9.9,-2,-1.1,-0.9,0,FALSE,-4,-4,0,0,0,0,0,0
2026-07-17,132961,Hania  Hassabelnaby,EGY,Egypt,8,3,1,2,0,0,0,2,3,2,10,3,0,1,24.4,-3,-1.4,-1.6,0,TRUE,+4,4,0,0,2,0,0,0
2026-07-17,132961,Fatma Abdella,EGY,Egypt,12,5,0,5,4,2,0,2,2,3,11,4,1,2,35.5,5,2.3,2.7,2,TRUE,+4,4,0,1,1,1,2,0
2026-07-17,132961,Jodi  Abdalla,EGY,Egypt,4,5,2,3,0,1,0,0,1,0,4,2,0,0,12.9,-6,-2.7,-3.3,1,FALSE,+4,4,0,0,1,0,0,0
2026-07-17,132961,Mariam Elshenawy,EGY,Egypt,2,5,0,5,3,0,0,3,1,0,2,1,0,2,29.7,9,4.1,4.9,0,TRUE,+4,4,0,0,0,0,0,0
2026-07-17,132961,Hala Fetet,EGY,Egypt,1,0,0,0,0,0,0,0,1,1,1,0,0,0,3.7,-2,-0.9,-1.1,0,FALSE,+4,4,0,0,0,0,0,0
2026-07-17,132961,Joudi Elsayed,EGY,Egypt,7,3,0,3,1,4,1,3,5,3,8,2,0,4,27.1,4,1.8,2.2,5,FALSE,+4,4,0,0,0,0,0,0
2026-07-17,132961,Habiba Gamal Rizk,EGY,Egypt,0,0,0,0,1,0,0,1,1,0,1,0,0,0,2.5,0,0,0,0,FALSE,+4,4,0,0,0,0,0,0
2026-07-17,132961,Leila  Eissa,EGY,Egypt,12,6,0,6,4,1,0,1,1,2,9,4,2,2,31,12,5.4,6.6,1,TRUE,+4,4,2,0,2,0,4,0
2026-07-17,132961,Habiba Soliman,EGY,Egypt,0,0,0,0,0,1,0,1,0,0,0,0,0,1,2.9,-5,-2.3,-2.7,1,FALSE,+4,4,0,0,0,0,0,0
2026-07-17,132961,Zeina Amin,EGY,Egypt,12,9,4,5,3,0,4,2,6,6,7,3,0,2,30.3,6,2.7,3.3,4,TRUE,+4,4,0,0,2,0,2,4
2026-07-17,132967,Sandra Davila,ESP,Spain,0,2,1,1,1,3,1,5,2,0,5,0,0,1,16.1,4,0.2,3.8,4,TRUE,+29,29,0,0,0,0,0,0
2026-07-17,132967,Ana Maria Hernanz,ESP,Spain,4,0,0,0,1,2,0,5,0,0,7,2,0,0,13.3,4,0.2,3.8,2,FALSE,+29,29,0,0,0,1,0,0
2026-07-17,132967,Amelia Alonso,ESP,Spain,19,13,8,5,1,2,1,3,5,7,20,6,0,2,27.1,23,1.2,21.8,3,FALSE,+29,29,0,0,4,0,6,4
2026-07-17,132967,Elizabeth Abubakar,ESP,Spain,0,2,1,1,0,0,0,0,0,0,1,0,0,0,5.7,-8,-0.4,-7.6,0,FALSE,+29,29,0,0,0,0,0,0
2026-07-17,132967,Trinity Ezeanatogu,ESP,Spain,2,6,2,4,3,3,0,4,1,0,6,1,0,2,18,19,1,18,3,TRUE,+29,29,0,0,1,0,0,0
2026-07-17,132967,Elia Pérez,ESP,Spain,0,1,0,1,0,0,0,0,0,0,3,0,0,0,4.3,8,0.4,7.6,0,FALSE,+29,29,0,0,0,0,0,0
2026-07-17,132967,Sarai Teijeira,ESP,Spain,6,7,1,6,1,0,0,1,1,0,7,3,0,0,14.8,17,0.9,16.1,0,FALSE,+29,29,0,0,2,0,2,2
2026-07-17,132967,Ona Balleste,ESP,Spain,5,1,0,1,4,1,1,2,1,0,4,2,1,0,16,14,0.7,13.3,2,TRUE,+29,29,0,1,1,0,2,0
2026-07-17,132967,Carla Cherry,ESP,Spain,3,2,1,1,3,0,1,1,1,0,7,1,1,1,16.3,0,0,0,1,FALSE,+29,29,1,0,0,0,0,0
2026-07-17,132967,Isabel Hernandez,ESP,Spain,25,3,1,2,3,5,0,2,3,2,18,9,5,0,30.7,35,1.8,33.2,5,TRUE,+29,29,0,5,4,0,6,0
2026-07-17,132967,Paula Valenzuela,ESP,Spain,12,3,0,3,4,1,0,2,2,2,8,4,2,2,23.4,14,0.7,13.3,1,FALSE,+29,29,1,1,0,0,0,0
2026-07-17,132967,Anna Smykovskaia,ESP,Spain,8,11,8,3,1,0,0,2,0,0,7,4,0,0,14.4,15,0.8,14.2,0,TRUE,+29,29,0,0,3,0,0,8
2026-07-17,132967,Areta Kahura,NZL,New Zealand,0,0,0,0,0,0,0,0,1,0,1,0,0,0,5.8,-11,-10.4,-0.6,0,FALSE,-29,-29,0,0,0,0,0,0
2026-07-17,132967,Charis Broughton,NZL,New Zealand,10,2,1,1,3,0,0,3,3,1,8,3,3,2,24.9,-15,-14.2,-0.8,0,TRUE,-29,-29,1,2,0,0,3,0
2026-07-17,132967,Imani Rasmussen,NZL,New Zealand,4,7,2,5,3,0,0,3,6,4,5,0,0,5,24.5,-24,-22.8,-1.2,0,TRUE,-29,-29,0,0,0,0,0,0
2026-07-17,132967,Sinai Foai,NZL,New Zealand,4,2,0,2,0,1,0,1,5,2,2,1,0,2,9.6,-20,-19,-1,1,FALSE,-29,-29,0,0,1,0,0,0
2026-07-17,132967,Shamar Broughton,NZL,New Zealand,6,3,0,3,2,0,0,3,1,2,4,2,0,3,17.6,-6,-5.7,-0.3,0,FALSE,-29,-29,0,0,1,1,0,0
2026-07-17,132967,Ava Jones,NZL,New Zealand,8,3,2,1,0,0,0,0,2,2,10,2,2,0,25.5,-3,-2.8,-0.2,0,TRUE,-29,-29,0,2,0,0,0,0
2026-07-17,132967,Elisa Brown,NZL,New Zealand,0,0,0,0,0,0,0,0,0,0,3,0,0,0,6,-18,-17.1,-0.9,0,FALSE,-29,-29,0,0,0,0,0,0
2026-07-17,132967,Emilia Ainley,NZL,New Zealand,13,10,1,9,1,1,2,1,3,3,12,5,0,3,30.2,-14,-13.3,-0.7,3,TRUE,-29,-29,0,0,5,0,0,2
2026-07-17,132967,Katie Moors,NZL,New Zealand,3,8,1,7,0,2,0,2,1,1,1,1,0,1,14.7,-3,-2.8,-0.2,2,FALSE,-29,-29,0,0,1,0,0,0
2026-07-17,132967,Sienna Maurice,NZL,New Zealand,4,5,1,4,7,1,0,1,1,0,4,2,0,3,23.4,-7,-6.6,-0.4,1,TRUE,-29,-29,0,0,2,0,2,0
2026-07-17,132967,Madelin Eliadis,NZL,New Zealand,2,1,1,0,0,0,0,1,1,2,1,0,0,3,6.4,-15,-14.2,-0.8,0,FALSE,-29,-29,0,0,0,0,0,0
2026-07-17,132967,Nahala Toeleiu,NZL,New Zealand,1,2,0,2,2,0,0,1,3,1,3,0,0,1,11.3,-9,-8.5,-0.5,0,FALSE,-29,-29,0,0,0,0,0,0
2026-07-17,132962,Sarlote Skrebele,LAT,Latvia,12,4,1,3,3,0,2,2,4,4,13,3,2,2,28.2,11,2.7,8.3,2,TRUE,+13,13,0,2,1,0,2,0
2026-07-17,132962,Madara Sakalova,LAT,Latvia,4,5,2,3,1,0,0,2,0,0,3,2,0,1,13.5,1,0.2,0.8,0,FALSE,+13,13,0,0,2,0,0,2
2026-07-17,132962,Evelina Sirsnina,LAT,Latvia,20,4,1,3,0,1,0,4,11,13,6,3,1,2,21,18,4.5,13.5,1,TRUE,+13,13,1,0,2,0,0,0
2026-07-17,132962,Darina Ivanova,LAT,Latvia,0,2,0,2,1,0,0,0,1,0,0,0,0,0,8.8,-10,-2.5,-7.5,0,FALSE,+13,13,0,0,0,0,0,0
2026-07-17,132962,Patricija Tikmere,LAT,Latvia,8,5,2,3,1,3,0,4,5,4,7,2,0,3,30.6,25,6.2,18.8,3,TRUE,+13,13,0,0,2,0,2,0
2026-07-17,132962,Marta Arsentjeva,LAT,Latvia,14,8,2,6,2,1,1,2,5,7,4,3,1,4,25.9,10,2.5,7.5,2,TRUE,+13,13,0,1,2,0,4,0
2026-07-17,132962,Melanija Reicela Lagunovica,LAT,Latvia,3,3,1,2,1,1,0,3,1,0,2,1,1,1,20.5,-9,-2.2,-6.8,1,FALSE,+13,13,1,0,0,0,0,0
2026-07-17,132962,Monta Culkstena,LAT,Latvia,4,2,0,2,0,1,0,1,2,4,0,0,0,1,8.6,2,0.5,1.5,1,FALSE,+13,13,0,0,0,0,0,0
2026-07-17,132962,Enija Brokane,LAT,Latvia,2,1,0,1,2,1,0,2,0,0,7,1,0,5,23.5,8,2,6,1,TRUE,+13,13,0,0,1,0,0,0
2026-07-17,132962,Jelizaveta Naidjonova,LAT,Latvia,5,2,0,2,2,1,0,2,2,3,6,1,0,3,18.2,9,2.2,6.8,1,FALSE,+13,13,0,0,1,0,2,0
2026-07-17,132962,Anezka Misikova,CZE,Czechia,5,2,0,2,1,1,0,1,2,1,2,2,0,1,8.2,-1,-0.8,-0.2,1,FALSE,-13,-13,0,0,1,0,0,0
2026-07-17,132962,Ema Bartosova,CZE,Czechia,5,4,3,1,2,3,1,4,0,0,8,2,1,2,16.6,-4,-3,-1,4,TRUE,-13,-13,0,1,1,0,0,2
2026-07-17,132962,Ema Novakova,CZE,Czechia,4,4,2,2,1,0,1,3,1,0,6,2,0,0,20.3,-6,-4.5,-1.5,1,TRUE,-13,-13,0,0,0,1,2,0
2026-07-17,132962,Dominika Pencakova,CZE,Czechia,6,1,0,1,1,2,0,5,0,0,10,3,0,1,27.4,-11,-8.3,-2.7,2,TRUE,-13,-13,0,0,1,1,2,0
2026-07-17,132962,Sofia Robson,CZE,Czechia,6,8,1,7,2,2,1,3,3,1,11,2,1,4,31.8,-6,-4.5,-1.5,3,TRUE,-13,-13,0,1,1,0,2,0
2026-07-17,132962,Tereza Sykorova,CZE,Czechia,9,1,1,0,0,0,1,1,4,1,5,4,0,1,20.2,-15,-11.3,-3.7,1,FALSE,-13,-13,0,0,3,0,0,0
2026-07-17,132962,Linda Kotrcova,CZE,Czechia,7,0,0,0,2,2,0,3,5,3,9,2,0,5,17.8,-17,-12.8,-4.2,2,TRUE,-13,-13,0,0,2,0,2,0
2026-07-17,132962,Martina Parizkova,CZE,Czechia,0,1,1,0,1,1,0,2,1,0,0,0,0,0,5.1,3,2.3,0.7,1,FALSE,-13,-13,0,0,0,0,0,0
2026-07-17,132962,Vendula Salakova,CZE,Czechia,2,2,0,2,3,1,0,0,2,0,8,1,0,2,23.3,2,1.5,0.5,1,FALSE,-13,-13,0,0,1,0,0,0
2026-07-17,132962,Laura Marcolova,CZE,Czechia,3,3,2,1,1,1,0,3,2,1,3,1,0,2,11.3,-6,-4.5,-1.5,1,FALSE,-13,-13,0,0,1,0,0,0
2026-07-17,132962,Adela Ruzickova,CZE,Czechia,5,0,0,0,0,0,1,2,1,1,2,2,0,0,3.9,4,3,1,1,FALSE,-13,-13,0,0,2,0,0,0
2026-07-17,132962,Julie Prichystalova,CZE,Czechia,7,5,3,2,0,2,0,4,1,1,6,3,0,0,14,-8,-6,-2,2,FALSE,-13,-13,0,0,3,0,0,2
2026-07-17,132966,Xuan Sun,CHN,People 's Republic of China,4,4,1,3,10,0,0,2,3,1,6,1,1,1,35.9,2,1,1,0,TRUE,-1,-1,0,1,0,0,0,0
2026-07-17,132966,Yu Jia,CHN,People 's Republic of China,8,3,3,0,1,1,0,0,1,0,12,4,0,0,24.8,0,0,0,1,TRUE,-1,-1,0,0,3,1,4,2
2026-07-17,132966,Ying Feng,CHN,People 's Republic of China,2,3,0,3,1,0,0,1,1,0,7,1,0,0,11.6,-2,-1,-1,0,FALSE,-1,-1,0,0,1,0,2,0
2026-07-17,132966,Mengjie Wu,CHN,People 's Republic of China,5,7,3,4,1,1,0,2,0,0,3,2,1,3,16.8,-2,-1,-1,1,TRUE,-1,-1,0,1,1,0,0,0
2026-07-17,132966,Yuanshan Li,CHN,People 's Republic of China,17,4,1,3,3,4,2,1,4,1,19,7,2,3,36,-2,-1,-1,6,FALSE,-1,-1,0,2,4,1,4,2
2026-07-17,132966,Hanyun Sun,CHN,People 's Republic of China,16,4,2,2,1,1,0,4,3,0,21,8,0,3,32.8,6,3.1,2.9,1,TRUE,-1,-1,0,0,6,0,2,2
2026-07-17,132966,Yunshu Pang,CHN,People 's Republic of China,16,10,4,6,2,5,0,3,2,3,11,6,1,4,33.6,4,2.1,1.9,5,TRUE,-1,-1,0,1,4,1,0,4
2026-07-17,132966,Yatong Tang,CHN,People 's Republic of China,0,0,0,0,0,0,0,1,0,0,0,0,0,0,3,-5,-2.6,-2.4,0,FALSE,-1,-1,0,0,0,0,0,0
2026-07-17,132966,Yiming Wang,CHN,People 's Republic of China,0,3,1,2,0,0,0,1,0,0,0,0,0,0,3.4,0,0,0,0,FALSE,-1,-1,0,0,0,0,0,0
2026-07-17,132966,Lexi Wee,CAN,Canada,5,4,0,4,3,1,0,1,3,3,6,1,0,1,19.2,-4,-1.9,-2.1,1,FALSE,+1,1,0,0,0,0,0,0
2026-07-17,132966,Jordyn Nohr,CAN,Canada,2,1,1,0,1,0,0,2,0,0,1,1,0,0,7.4,-1,-0.5,-0.5,0,FALSE,+1,1,0,0,1,0,0,2
2026-07-17,132966,Portia Reisen,CAN,Canada,10,0,0,0,3,0,0,1,4,2,15,3,2,5,36.3,-4,-1.9,-2.1,0,TRUE,+1,1,0,2,1,0,0,0
2026-07-17,132966,Ashley Vande Ven,CAN,Canada,6,10,2,8,1,0,3,2,0,0,7,2,2,2,23.4,6,2.9,3.1,3,TRUE,+1,1,1,1,0,0,0,0
2026-07-17,132966,Pippa Gibb,CAN,Canada,0,0,0,0,0,1,0,0,0,0,1,0,0,0,9.1,-1,-0.5,-0.5,1,FALSE,+1,1,0,0,0,0,0,0
2026-07-17,132966,Avery Arije,CAN,Canada,11,4,3,1,4,1,0,3,3,3,9,4,0,3,19.3,9,4.3,4.7,1,TRUE,+1,1,0,0,2,2,2,4
2026-07-17,132966,Grace Pongang,CAN,Canada,2,4,1,3,0,1,0,1,0,0,1,1,0,1,12.9,-7,-3.3,-3.7,1,FALSE,+1,1,0,0,1,0,0,0
2026-07-17,132966,Emerald Nnani,CAN,Canada,14,10,3,7,3,0,0,3,5,4,11,5,0,2,31.9,7,3.3,3.7,0,TRUE,+1,1,0,0,5,0,2,2
2026-07-17,132966,Frances Vollett,CAN,Canada,19,9,3,6,1,4,1,1,1,0,13,9,1,5,38.8,0,0,0,5,TRUE,+1,1,1,0,8,0,4,4
2026-07-17,132960,Jordan Martin,MEX,Mexico,6,2,1,1,0,0,0,3,3,0,10,3,0,0,16.4,-6,-4.4,-1.6,0,FALSE,-10,-10,0,0,3,0,0,0
2026-07-17,132960,Mariana Diaz,MEX,Mexico,5,4,0,4,1,0,1,1,1,2,6,1,1,4,38.9,-8,-5.8,-2.2,1,TRUE,-10,-10,0,1,0,0,0,0
2026-07-17,132960,Jimena Velazquez,MEX,Mexico,28,8,0,8,4,5,0,2,6,8,18,9,2,4,39.8,-7,-5.1,-1.9,5,TRUE,-10,-10,1,1,7,0,6,0
2026-07-17,132960,Meredith Jaime,MEX,Mexico,2,0,0,0,0,1,0,2,1,2,4,0,0,1,19.1,1,0.7,0.3,1,FALSE,-10,-10,0,0,0,0,0,0
2026-07-17,132960,Ivanna Olalde,MEX,Mexico,4,4,3,1,4,1,0,0,3,2,4,1,0,0,20.4,-3,-2.2,-0.8,1,FALSE,-10,-10,0,0,1,0,2,0
2026-07-17,132960,Yania Valverde,MEX,Mexico,12,5,1,4,1,1,1,5,2,2,10,5,0,2,22.6,1,0.7,0.3,2,TRUE,-10,-10,0,0,2,1,4,0
2026-07-17,132960,Isamar Rumbo,MEX,Mexico,3,5,3,2,4,1,0,5,2,0,3,1,1,0,20.5,-8,-5.8,-2.2,1,TRUE,-10,-10,0,1,0,0,0,0
2026-07-17,132960,Marisol Gomez,MEX,Mexico,2,5,1,4,0,0,0,2,0,0,8,1,0,1,19.9,-10,-7.3,-2.7,0,TRUE,-10,-10,0,0,1,0,0,0
2026-07-17,132960,Olivia Lelli,ITA,Italy,14,4,1,3,2,0,0,1,3,4,8,4,2,2,22.8,-1,-0.3,-0.7,0,TRUE,+10,10,2,0,2,0,4,0
2026-07-17,132960,Alessandra Padulo,ITA,Italy,0,0,0,0,1,0,1,3,0,0,4,0,0,0,13.6,-1,-0.3,-0.7,1,FALSE,+10,10,0,0,0,0,0,0
2026-07-17,132960,Emilia Magni,ITA,Italy,16,7,2,5,3,0,0,2,2,1,15,6,3,3,33.2,19,5.2,13.8,0,TRUE,+10,10,0,3,2,0,4,0
2026-07-17,132960,Isabel Hassan,ITA,Italy,1,6,3,3,1,1,1,0,3,1,4,0,0,2,14.3,-1,-0.3,-0.7,2,TRUE,+10,10,0,0,0,0,0,0
2026-07-17,132960,Sofia Zuccon,ITA,Italy,16,21,8,13,2,1,2,1,5,3,9,6,1,2,31.4,13,3.6,9.4,3,TRUE,+10,10,1,0,4,0,0,0
2026-07-17,132960,Anna Sablich,ITA,Italy,9,2,0,2,8,2,0,1,0,0,13,3,3,0,32.8,19,5.2,13.8,2,TRUE,+10,10,1,2,0,0,0,0
2026-07-17,132960,Aisha Diagne,ITA,Italy,11,2,0,2,4,2,0,4,6,8,5,1,1,4,23.6,9,2.5,6.5,2,FALSE,+10,10,1,0,0,0,0,0
2026-07-17,132960,Martina Pasqualetti,ITA,Italy,0,1,0,1,0,0,0,2,0,0,1,0,0,1,3.7,4,1.1,2.9,0,FALSE,+10,10,0,0,0,0,0,0
2026-07-17,132960,Mariana Nako Moni,ITA,Italy,5,9,6,3,0,1,1,1,1,1,3,2,0,6,20.8,-5,-1.4,-3.6,2,FALSE,+10,10,0,0,2,0,0,2
2026-07-17,132960,Amelia Bianco Rossignoli,ITA,Italy,0,0,0,0,0,0,0,3,0,0,0,0,0,0,3.7,-6,-1.6,-4.4,0,FALSE,+10,10,0,0,0,0,0,0
2026-07-17,132964,Morghan Reckley,USA,USA,6,3,0,3,6,3,0,0,4,0,8,3,0,1,23.5,11,3.8,7.2,3,TRUE,+20,20,0,0,3,0,2,0
2026-07-17,132964,Jazman Bailey,USA,USA,2,1,0,1,3,0,0,2,2,2,1,0,0,0,13.7,7,2.4,4.6,0,FALSE,+20,20,0,0,0,0,0,0
2026-07-17,132964,Nation Williams,USA,USA,0,3,1,2,0,0,1,3,0,0,3,0,0,1,11.5,7,2.4,4.6,1,FALSE,+20,20,0,0,0,0,0,0
2026-07-17,132964,Tatianna Griffin,USA,USA,14,6,2,4,3,0,0,0,2,1,8,6,1,3,20.4,15,5.2,9.8,0,FALSE,+20,20,0,1,5,0,4,2
2026-07-17,132964,Ivanna Wilson Manyacka,USA,USA,14,6,3,3,0,3,2,1,1,1,15,6,1,1,24.4,10,3.4,6.6,5,TRUE,+20,20,0,1,4,1,4,0
2026-07-17,132964,Micah Ojo,USA,USA,14,9,6,3,3,4,1,1,1,1,9,6,1,1,23.9,6,2.1,3.9,5,TRUE,+20,20,0,1,3,1,2,4
2026-07-17,132964,Maliya Hunter,USA,USA,0,0,0,0,0,0,0,1,0,0,1,0,0,0,8.8,4,1.4,2.6,0,FALSE,+20,20,0,0,0,0,0,0
2026-07-17,132964,Arianna Robinson,USA,USA,9,3,2,1,1,1,0,3,2,1,9,4,0,0,17,20,6.9,13.1,1,FALSE,+20,20,0,0,3,1,0,0
2026-07-17,132964,Olivia Jones,USA,USA,2,1,1,0,1,1,0,1,3,0,8,1,0,0,20.3,13,4.5,8.5,1,TRUE,+20,20,0,0,1,0,2,0
2026-07-17,132964,Eve Long,USA,USA,13,1,1,0,2,1,1,1,3,3,6,5,0,1,21.2,5,1.7,3.3,2,TRUE,+20,20,0,0,5,0,4,0
2026-07-17,132964,Nya Riak,USA,USA,0,2,0,2,0,0,0,0,0,0,0,0,0,0,5.4,-2,-0.7,-1.3,0,FALSE,+20,20,0,0,0,0,0,0
2026-07-17,132964,Caroline Bradley,USA,USA,3,2,1,1,0,0,0,1,2,1,4,1,0,1,9.9,4,1.4,2.6,0,FALSE,+20,20,0,0,1,0,0,0
2026-07-17,132964,Julija Bukovec,SLO,Slovenia,0,0,0,0,1,0,0,3,0,0,0,0,0,0,3.4,-9,-5.9,-3.1,0,FALSE,-20,-20,0,0,0,0,0,0
2026-07-17,132964,Ines Fritz,SLO,Slovenia,11,3,2,1,6,0,0,3,2,0,7,5,1,1,32.5,-9,-5.9,-3.1,0,TRUE,-20,-20,0,1,2,1,2,0
2026-07-17,132964,Anais Gobec,SLO,Slovenia,12,6,1,5,1,2,0,0,4,4,7,4,0,5,29.8,-12,-7.9,-4.1,2,TRUE,-20,-20,0,0,3,1,2,0
2026-07-17,132964,Ota Pozin,SLO,Slovenia,8,6,2,4,1,0,0,1,0,0,8,3,2,3,35.8,-23,-15.1,-7.9,0,TRUE,-20,-20,1,1,0,1,0,0
2026-07-17,132964,Ema Stavrov,SLO,Slovenia,4,7,2,5,0,0,0,3,3,2,3,1,0,5,19.2,-9,-5.9,-3.1,0,FALSE,-20,-20,0,0,1,0,0,0
2026-07-17,132964,Marina Josipovic,SLO,Slovenia,5,0,0,0,0,0,0,1,1,1,4,2,0,0,6.5,-2,-1.3,-0.7,0,FALSE,-20,-20,0,0,1,0,0,0
2026-07-17,132964,Ema Lorbek,SLO,Slovenia,6,2,0,2,0,0,0,4,1,0,6,3,0,1,16,-12,-7.9,-4.1,0,FALSE,-20,-20,0,0,3,0,0,0
2026-07-17,132964,Hana Jerkovic,SLO,Slovenia,4,0,0,0,3,0,1,2,0,0,5,2,0,0,14.8,-6,-3.9,-2.1,1,FALSE,-20,-20,0,0,0,1,0,0
2026-07-17,132964,Veronika Ferjancic,SLO,Slovenia,4,7,3,4,4,3,5,1,2,0,9,2,0,6,29,-12,-7.9,-4.1,8,TRUE,-20,-20,0,0,2,0,2,0
2026-07-17,132964,Zala Mali,SLO,Slovenia,3,0,0,0,2,0,0,2,1,0,3,1,1,1,11.3,-6,-3.9,-2.1,0,TRUE,-20,-20,1,0,0,0,0,0
2026-07-18,132969,Amelie Mbah,GER,Germany,4,4,1,3,0,0,0,1,0,0,3,2,0,0,13.9,6,1.2,4.8,0,FALSE,+33,33,0,0,2,0,0,0
2026-07-18,132969,Leonie Pfanzelt,GER,Germany,2,5,2,3,3,2,1,0,0,0,7,1,0,1,21.3,11,2.2,8.8,3,FALSE,+33,33,0,0,1,0,0,0
2026-07-18,132969,Linda Thimm,GER,Germany,0,2,0,2,1,0,0,2,0,0,1,0,0,7,12,-19,-3.8,-15.2,0,FALSE,+33,33,0,0,0,0,0,0
2026-07-18,132969,Moescha Feunou Bakam,GER,Germany,8,9,3,6,2,3,1,4,3,4,3,2,0,3,16.8,17,3.4,13.6,4,FALSE,+33,33,0,0,1,1,2,0
2026-07-18,132969,Darina Zraychenko,GER,Germany,9,3,1,2,4,2,1,0,2,2,11,3,1,3,22.8,28,5.6,22.4,3,TRUE,+33,33,0,1,2,0,5,0
2026-07-18,132969,Leni Schramm-Bunning,GER,Germany,2,2,0,2,2,0,0,0,1,2,8,0,0,1,13.2,5,1,4,0,FALSE,+33,33,0,0,0,0,0,0
2026-07-18,132969,Lara Gierlich,GER,Germany,12,4,1,3,1,1,1,1,1,0,10,4,4,2,18.7,37,7.4,29.6,2,TRUE,+33,33,2,2,0,0,0,0
2026-07-18,132969,Mia Wiegand,GER,Germany,20,3,0,3,5,4,0,2,1,1,12,8,3,2,19.9,36,7.2,28.8,4,TRUE,+33,33,0,3,4,1,6,0
2026-07-18,132969,Frederike Askamp,GER,Germany,19,5,0,5,0,3,0,3,4,7,8,5,2,8,21.4,28,5.6,22.4,3,TRUE,+33,33,1,1,2,0,4,0
2026-07-18,132969,Mathilda Haensch,GER,Germany,2,3,2,1,2,0,1,4,0,0,2,1,0,2,14.3,33,6.6,26.4,1,TRUE,+33,33,0,0,0,0,0,0
2026-07-18,132969,Nele Prowaznik,GER,Germany,2,4,1,3,1,1,1,3,0,0,2,1,0,2,11.8,-6,-1.2,-4.8,2,FALSE,+33,33,0,0,0,0,0,0
2026-07-18,132969,Silvia Heide,GER,Germany,0,5,3,2,2,0,0,1,1,0,1,0,0,0,13.8,-11,-2.2,-8.8,0,FALSE,+33,33,0,0,0,0,0,0
2026-07-18,132969,Salimata Kone,CIV,Côte d'Ivoire,2,5,1,4,1,1,0,1,2,0,7,1,0,7,21.4,-45,-35.9,-9.1,1,TRUE,-33,-33,0,0,1,0,0,2
2026-07-18,132969,Fatima Diouf,CIV,Côte d'Ivoire,11,1,1,0,2,5,0,1,5,2,18,4,1,4,27.6,-20,-16,-4,5,TRUE,-33,-33,0,1,3,0,5,0
2026-07-18,132969,Sarah Keita,CIV,Côte d'Ivoire,0,4,3,1,0,0,0,1,0,0,3,0,0,1,12.2,-6,-4.8,-1.2,0,FALSE,-33,-33,0,0,0,0,0,0
2026-07-18,132969,Ella Kone,CIV,Côte d'Ivoire,1,3,0,3,3,5,0,1,3,1,3,0,0,2,18,11,8.8,2.2,5,FALSE,-33,-33,0,0,0,0,0,0
2026-07-18,132969,Fatima  Konate,CIV,Côte d'Ivoire,1,4,1,3,3,2,0,2,2,1,5,0,0,4,23.4,-29,-23.2,-5.8,2,TRUE,-33,-33,0,0,0,0,0,0
2026-07-18,132969,Adja Traore,CIV,Côte d'Ivoire,0,1,1,0,0,0,0,0,0,0,2,0,0,0,6.4,-10,-8,-2,0,FALSE,-33,-33,0,0,0,0,0,0
2026-07-18,132969,Jane Mary Diomande,CIV,Côte d'Ivoire,19,6,2,4,0,4,0,4,8,9,12,5,0,2,27.4,-12,-9.6,-2.4,4,TRUE,-33,-33,0,0,5,0,0,0
2026-07-18,132969,Maelhys N'dri,CIV,Côte d'Ivoire,4,5,3,2,1,1,2,2,0,0,8,2,0,3,25.7,-15,-12,-3,3,FALSE,-33,-33,0,0,2,0,4,0
2026-07-18,132969,Lalya  Diarisso,CIV,Côte d'Ivoire,6,3,1,2,0,0,0,0,0,0,5,3,0,0,16.7,-26,-20.8,-5.2,0,TRUE,-33,-33,0,0,0,2,2,0
2026-07-18,132969,Aichata Mambone,CIV,Côte d'Ivoire,0,1,1,0,1,0,0,0,0,0,1,0,0,0,3.6,-6,-4.8,-1.2,0,FALSE,-33,-33,0,0,0,0,0,0
2026-07-18,132969,Aminata  Kone,CIV,Côte d'Ivoire,3,3,0,3,1,1,0,2,0,0,8,1,1,0,17.6,-7,-5.6,-1.4,1,FALSE,-33,-33,0,1,0,0,0,0
2026-07-18,132971,Ran Kobayashi,JPN,Japan,7,5,4,1,1,0,0,2,1,2,8,2,1,1,26.6,-20,-17.2,-2.8,0,TRUE,-25,-25,1,0,1,0,0,0
2026-07-18,132971,Sora Shimizu,JPN,Japan,1,4,2,2,0,1,0,2,1,1,3,0,0,0,16.4,-7,-6,-1,1,FALSE,-25,-25,0,0,0,0,0,0
2026-07-18,132971,Momoka Kaji,JPN,Japan,0,1,0,1,0,0,0,4,0,0,5,0,0,0,13.8,-5,-4.3,-0.7,0,FALSE,-25,-25,0,0,0,0,0,0
2026-07-18,132971,Nene Gondo,JPN,Japan,3,1,0,1,0,0,0,1,0,0,3,1,1,0,7.8,6,5.2,0.8,0,FALSE,-25,-25,0,1,0,0,0,0
2026-07-18,132971,Kako Otsuki,JPN,Japan,14,3,1,2,2,2,0,2,4,1,17,5,3,1,30.1,-24,-20.6,-3.4,2,TRUE,-25,-25,1,2,2,0,5,0
2026-07-18,132971,Miya Takeuchi,JPN,Japan,12,3,1,2,7,6,0,0,1,0,12,5,2,5,34.2,-27,-23.2,-3.8,6,TRUE,-25,-25,0,2,2,0,2,0
2026-07-18,132971,Rei Ando,JPN,Japan,1,3,0,3,1,0,0,0,1,1,2,0,0,1,10.2,-9,-7.7,-1.3,0,FALSE,-25,-25,0,0,0,0,0,0
2026-07-18,132971,Kiino Nakazawa,JPN,Japan,3,4,1,3,1,1,0,3,0,0,6,1,1,0,17.5,-7,-6,-1,1,TRUE,-25,-25,1,0,0,0,0,0
2026-07-18,132971,Kohse Hosozawa,JPN,Japan,11,2,2,0,1,5,1,4,3,3,14,3,2,1,33,-26,-22.3,-3.7,6,TRUE,-25,-25,0,2,0,1,0,0
2026-07-18,132971,Chihiro Ito,JPN,Japan,0,0,0,0,0,0,0,1,0,0,3,0,0,0,7.4,-5,-4.3,-0.7,0,FALSE,-25,-25,0,0,0,0,0,0
2026-07-18,132971,Aya Ishiwata,JPN,Japan,0,2,0,2,0,0,0,1,0,0,1,0,0,0,2.8,-1,-0.9,-0.1,0,FALSE,-25,-25,0,0,0,0,0,0
2026-07-18,132971,Areta Kahura,NZL,New Zealand,2,2,0,2,0,0,0,0,1,2,3,0,0,0,10.8,-8,-1.1,-6.9,0,FALSE,+25,25,0,0,0,0,0,0
2026-07-18,132971,Charis Broughton,NZL,New Zealand,19,5,1,4,6,0,0,1,3,2,12,6,5,3,27.2,29,4.1,24.9,0,TRUE,+25,25,2,3,1,0,3,0
2026-07-18,132971,Imani Rasmussen,NZL,New Zealand,11,10,3,7,2,0,1,1,4,3,8,4,0,5,17,14,2,12,1,TRUE,+25,25,0,0,2,1,2,0
2026-07-18,132971,Sinai Foai,NZL,New Zealand,1,1,1,0,0,0,0,2,1,1,1,0,0,2,7.9,-8,-1.1,-6.9,0,FALSE,+25,25,0,0,0,0,0,0
2026-07-18,132971,Shamar Broughton,NZL,New Zealand,6,3,2,1,2,1,0,1,2,1,8,2,1,3,19.1,13,1.8,11.2,1,FALSE,+25,25,0,1,1,0,0,2
2026-07-18,132971,Ava Jones,NZL,New Zealand,12,5,2,3,2,1,0,2,3,0,4,4,4,1,19.4,22,3.1,18.9,1,TRUE,+25,25,2,2,0,0,0,3
2026-07-18,132971,Elisa Brown,NZL,New Zealand,4,4,0,4,1,0,0,0,1,2,3,1,0,3,11.8,6,0.8,5.2,0,FALSE,+25,25,0,0,0,1,0,0
2026-07-18,132971,Emilia Ainley,NZL,New Zealand,14,9,2,7,2,0,1,1,2,2,8,6,0,0,25.5,20,2.8,17.2,1,TRUE,+25,25,0,0,6,0,2,2
2026-07-18,132971,Katie Moors,NZL,New Zealand,0,8,1,7,2,0,2,2,1,0,2,0,0,0,18.1,8,1.1,6.9,2,FALSE,+25,25,0,0,0,0,0,0
2026-07-18,132971,Sienna Maurice,NZL,New Zealand,2,4,1,3,6,1,0,0,2,2,3,0,0,3,22.4,28,4,24,1,TRUE,+25,25,0,0,0,0,0,0
2026-07-18,132971,Nahala Toeleiu,NZL,New Zealand,6,5,2,3,1,2,0,1,0,0,7,3,0,3,20.8,1,0.1,0.9,2,FALSE,+25,25,0,0,1,0,0,0
2026-07-18,132982,Olivia Lelli,ITA,Italy,0,2,1,1,2,0,0,1,0,0,6,0,0,0,10.4,7,2.4,4.6,0,FALSE,+4,4,0,0,0,0,0,0
2026-07-18,132982,Alessandra Padulo,ITA,Italy,0,1,1,0,1,0,0,3,0,0,2,0,0,1,5.8,-6,-2.1,-3.9,0,FALSE,+4,4,0,0,0,0,0,0
2026-07-18,132982,Emilia Magni,ITA,Italy,18,3,1,2,1,1,0,3,3,3,16,7,1,1,29,0,0,0,1,TRUE,+4,4,1,0,0,3,0,2
2026-07-18,132982,Isabel Hassan,ITA,Italy,3,4,0,4,3,2,0,3,2,1,10,1,0,2,24.2,-2,-0.7,-1.3,2,TRUE,+4,4,0,0,0,1,0,0
2026-07-18,132982,Sofia Zuccon,ITA,Italy,8,17,8,9,2,0,0,3,1,0,10,4,0,0,29.1,3,1,2,0,TRUE,+4,4,0,0,2,0,0,2
2026-07-18,132982,Anna Sablich,ITA,Italy,12,2,0,2,2,1,0,2,2,1,13,5,1,2,33,-1,-0.3,-0.7,1,TRUE,+4,4,1,0,1,2,0,0
2026-07-18,132982,Aisha Diagne,ITA,Italy,12,5,3,2,3,1,1,0,2,3,10,4,1,0,33,5,1.7,3.3,2,TRUE,+4,4,0,1,1,1,2,2
2026-07-18,132982,Martina Pasqualetti,ITA,Italy,0,0,0,0,0,0,0,0,0,0,0,0,0,0,2.7,4,1.4,2.6,0,FALSE,+4,4,0,0,0,0,0,0
2026-07-18,132982,Mariana Nako Moni,ITA,Italy,10,13,6,7,0,1,0,2,4,4,7,3,0,0,32.8,10,3.4,6.6,1,FALSE,+4,4,0,0,0,0,0,6
2026-07-18,132982,Jelizaveta Naidjonova,LAT,Latvia,8,5,1,4,5,1,0,3,3,3,8,2,1,0,18.8,1,0.7,0.3,1,FALSE,-4,-4,1,0,0,0,0,0
2026-07-18,132982,Enija Brokane,LAT,Latvia,0,3,0,3,0,0,0,1,0,0,4,0,0,1,19.7,-2,-1.3,-0.7,0,TRUE,-4,-4,0,0,0,0,0,0
2026-07-18,132982,Adele Priedite,LAT,Latvia,4,2,1,1,0,0,0,1,0,0,3,2,0,1,7,1,0.7,0.3,0,FALSE,-4,-4,0,0,1,0,0,2
2026-07-18,132982,Monta Culkstena,LAT,Latvia,0,0,0,0,0,0,0,0,0,0,1,0,0,1,4.7,-5,-3.3,-1.7,0,FALSE,-4,-4,0,0,0,0,0,0
2026-07-18,132982,Melanija Reicela Lagunovica,LAT,Latvia,5,4,1,3,2,0,0,0,0,0,3,2,1,0,17,7,4.6,2.4,0,FALSE,-4,-4,0,1,1,0,0,2
2026-07-18,132982,Marta Arsentjeva,LAT,Latvia,11,8,2,6,0,0,1,3,1,2,11,3,3,0,29.4,0,0,0,1,TRUE,-4,-4,0,3,0,0,0,0
2026-07-18,132982,Patricija Tikmere,LAT,Latvia,8,5,2,3,1,0,0,1,6,4,4,2,0,1,34.2,-1,-0.7,-0.3,0,TRUE,-4,-4,0,0,2,0,2,0
2026-07-18,132982,Darina Ivanova,LAT,Latvia,3,0,0,0,0,1,0,0,1,1,2,1,0,0,7.6,-5,-3.3,-1.7,1,FALSE,-4,-4,0,0,0,0,0,0
2026-07-18,132982,Evelina Sirsnina,LAT,Latvia,10,2,1,1,2,0,0,1,3,0,12,5,0,2,30.5,-7,-4.6,-2.4,0,TRUE,-4,-4,0,0,2,0,0,0
2026-07-18,132982,Sarlote Skrebele,LAT,Latvia,10,4,0,4,1,0,0,2,3,3,10,3,1,2,29.4,-6,-3.9,-2.1,0,TRUE,-4,-4,0,1,2,0,4,0
2026-07-18,132970,Ines Fritz,SLO,Slovenia,4,0,0,0,0,1,0,5,0,0,2,2,0,1,17.1,4,1.4,2.6,1,TRUE,-2,-2,0,0,2,0,0,0
2026-07-18,132970,Anais Gobec,SLO,Slovenia,17,8,3,5,3,2,1,2,6,5,13,6,0,3,39.1,1,0.4,0.6,3,TRUE,-2,-2,0,0,5,0,0,4
2026-07-18,132970,Ota Pozin,SLO,Slovenia,2,1,0,1,5,0,0,2,2,0,3,1,0,2,32.5,-4,-1.4,-2.6,0,TRUE,-2,-2,0,0,1,0,2,0
2026-07-18,132970,Ema Stavrov,SLO,Slovenia,4,4,1,3,0,0,0,2,0,0,3,2,0,2,15.4,-4,-1.4,-2.6,0,FALSE,-2,-2,0,0,0,1,0,0
2026-07-18,132970,Marina Josipovic,SLO,Slovenia,0,0,0,0,0,0,0,0,0,0,1,0,0,0,3,-2,-0.7,-1.3,0,FALSE,-2,-2,0,0,0,0,0,0
2026-07-18,132970,Ema Lorbek,SLO,Slovenia,15,2,1,1,0,0,0,4,3,4,8,5,1,0,23,-2,-0.7,-1.3,0,FALSE,-2,-2,0,1,2,0,0,0
2026-07-18,132970,Hana Jerkovic,SLO,Slovenia,21,2,0,2,4,0,0,2,2,0,15,9,3,1,30.5,5,1.8,3.2,0,FALSE,-2,-2,1,2,1,1,2,0
2026-07-18,132970,Veronika Ferjancic,SLO,Slovenia,8,13,2,11,3,0,4,2,3,0,11,4,0,4,32.4,-5,-1.8,-3.2,4,TRUE,-2,-2,0,0,3,1,0,2
2026-07-18,132970,Zala Mali,SLO,Slovenia,0,0,0,0,0,1,1,0,0,0,1,0,0,0,6,-3,-1.1,-1.9,2,TRUE,-2,-2,0,0,0,0,0,0
2026-07-18,132970,Xuan Sun,CHN,People 's Republic of China,3,2,2,0,6,1,0,2,4,0,5,1,1,2,31.8,-3,-1.9,-1.1,1,TRUE,+2,2,0,1,0,0,0,0
2026-07-18,132970,Xinyue Wang,CHN,People 's Republic of China,0,0,0,0,0,0,0,0,0,0,1,0,0,0,2.1,3,1.9,1.1,0,FALSE,+2,2,0,0,0,0,0,0
2026-07-18,132970,Yu Jia,CHN,People 's Republic of China,9,0,0,0,2,0,0,2,1,1,7,4,0,0,28.7,5,3.2,1.8,0,TRUE,+2,2,0,0,2,2,2,0
2026-07-18,132970,Ying Feng,CHN,People 's Republic of China,9,2,1,1,1,0,0,0,2,1,3,3,2,1,9.2,3,1.9,1.1,0,FALSE,+2,2,0,2,1,0,0,3
2026-07-18,132970,Mengjie Wu,CHN,People 's Republic of China,0,1,0,1,0,1,0,2,0,0,0,0,0,0,13.3,-3,-1.9,-1.1,1,TRUE,+2,2,0,0,0,0,0,0
2026-07-18,132970,Yuanshan Li,CHN,People 's Republic of China,30,2,0,2,1,2,0,1,5,5,21,10,5,1,35.8,-1,-0.6,-0.4,2,FALSE,+2,2,2,3,3,1,4,0
2026-07-18,132970,Hanyun Sun,CHN,People 's Republic of China,10,7,2,5,4,0,0,1,5,5,18,2,1,2,34.1,0,0,0,0,TRUE,+2,2,0,1,0,0,0,0
2026-07-18,132970,Yunshu Pang,CHN,People 's Republic of China,4,7,1,6,0,1,0,5,0,0,4,2,0,1,19.3,-1,-0.6,-0.4,1,TRUE,+2,2,0,0,2,0,0,2
2026-07-18,132970,Yatong Tang,CHN,People 's Republic of China,3,2,0,2,1,1,0,3,1,1,2,1,0,0,17.7,0,0,0,1,FALSE,+2,2,0,0,1,0,0,0
2026-07-18,132970,Jiayi Wan,CHN,People 's Republic of China,5,2,0,2,1,0,0,0,1,1,3,2,0,0,7.9,7,4.5,2.5,0,FALSE,+2,2,0,0,1,0,0,0
2026-07-18,132968,Jordan Martin,MEX,Mexico,6,1,0,1,2,0,1,1,3,4,2,1,0,0,14.9,0,0,0,1,FALSE,-8,-8,0,0,1,0,0,0
2026-07-18,132968,Mariana Diaz,MEX,Mexico,11,6,0,6,0,1,0,0,2,0,12,5,1,5,35.9,-10,-7,-3,1,TRUE,-8,-8,0,1,3,1,2,0
2026-07-18,132968,Jimena Velazquez,MEX,Mexico,15,4,0,4,9,4,2,4,6,3,16,6,0,3,40,-8,-5.6,-2.4,6,TRUE,-8,-8,0,0,6,0,12,0
2026-07-18,132968,Meredith Jaime,MEX,Mexico,0,1,0,1,1,1,0,0,0,0,0,0,0,1,9.7,-2,-1.4,-0.6,1,FALSE,-8,-8,0,0,0,0,0,0
2026-07-18,132968,Ivanna Olalde,MEX,Mexico,7,2,1,1,2,0,0,1,2,1,6,3,0,3,13.1,-6,-4.2,-1.8,0,FALSE,-8,-8,0,0,2,0,2,0
2026-07-18,132968,Andrea Lopez,MEX,Mexico,0,1,1,0,0,0,0,0,0,0,1,0,0,0,3.8,-5,-3.5,-1.5,0,FALSE,-8,-8,0,0,0,0,0,0
2026-07-18,132968,Yania Valverde,MEX,Mexico,13,6,2,4,0,3,0,3,2,1,17,6,0,1,25.4,-7,-4.9,-2.1,3,TRUE,-8,-8,0,0,0,1,0,2
2026-07-18,132968,Isamar Rumbo,MEX,Mexico,8,4,1,3,5,3,0,2,2,0,7,3,2,4,30.7,1,0.7,0.3,3,TRUE,-8,-8,0,2,1,0,2,0
2026-07-18,132968,Marisol Gomez,MEX,Mexico,6,5,2,3,0,1,1,2,1,1,6,2,1,1,22.1,-10,-7,-3,2,TRUE,-8,-8,0,1,0,0,0,0
2026-07-18,132968,Samantha Patino,MEX,Mexico,0,3,0,3,0,0,0,0,0,0,1,0,0,0,4.4,7,4.9,2.1,0,FALSE,-8,-8,0,0,0,0,0,0
2026-07-18,132968,Sofia Robson,CZE,Czechia,2,3,1,2,4,3,0,2,1,0,8,1,0,3,28.1,-4,-1.2,-2.8,3,TRUE,+8,8,0,0,1,0,0,0
2026-07-18,132968,Dominika Pencakova,CZE,Czechia,24,7,1,6,1,3,1,3,3,1,26,10,3,2,35.2,4,1.2,2.8,4,TRUE,+8,8,1,2,7,0,8,0
2026-07-18,132968,Ema Novakova,CZE,Czechia,11,7,1,6,1,0,1,2,1,0,10,5,1,2,23.9,-5,-1.5,-3.5,1,TRUE,+8,8,0,1,4,0,2,0
2026-07-18,132968,Ema Bartosova,CZE,Czechia,8,7,4,3,0,2,2,3,1,0,4,4,0,5,19.4,-2,-0.6,-1.4,4,TRUE,+8,8,0,0,3,0,0,4
2026-07-18,132968,Tereza Sykorova,CZE,Czechia,5,2,0,2,5,3,0,1,1,1,2,2,0,1,16.9,15,4.5,10.5,3,FALSE,+8,8,0,0,2,0,4,0
2026-07-18,132968,Linda Kotrcova,CZE,Czechia,10,4,1,3,1,0,1,4,4,5,7,2,1,2,25.3,11,3.3,7.7,1,TRUE,+8,8,0,1,1,0,2,0
2026-07-18,132968,Vendula Salakova,CZE,Czechia,0,1,0,1,3,2,2,0,0,0,5,0,0,3,18.8,1,0.3,0.7,4,FALSE,+8,8,0,0,0,0,0,0
2026-07-18,132968,Laura Marcolova,CZE,Czechia,6,0,0,0,3,0,0,0,0,0,5,2,2,0,12.7,12,3.6,8.4,0,FALSE,+8,8,1,1,0,0,0,0
2026-07-18,132968,Julie Prichystalova,CZE,Czechia,8,7,4,3,2,1,2,3,2,2,6,3,0,0,19.9,8,2.4,5.6,3,FALSE,+8,8,0,0,3,0,0,2
2026-07-18,132973,Isabel Smith,AUS,Australia,5,3,1,2,1,1,1,0,2,1,7,2,0,2,28.6,-9,-6,-3,2,TRUE,-7,-7,0,0,1,0,0,0
2026-07-18,132973,Olivia Olechnowicz,AUS,Australia,8,8,4,4,0,2,0,1,5,4,5,2,0,3,31.9,-9,-6,-3,2,TRUE,-7,-7,0,0,2,0,0,0
2026-07-18,132973,Jade Sherrington,AUS,Australia,0,2,1,1,0,0,0,0,0,0,2,0,0,0,8.3,-2,-1.3,-0.7,0,FALSE,-7,-7,0,0,0,0,0,0
2026-07-18,132973,Jasmine Jones,AUS,Australia,5,5,0,5,4,0,0,1,1,0,8,2,1,2,22,3,2,1,0,FALSE,-7,-7,1,0,1,0,0,0
2026-07-18,132973,Sophie Richardson,AUS,Australia,10,7,0,7,0,1,1,2,2,1,11,3,3,5,27.4,3,2,1,2,FALSE,-7,-7,1,2,0,0,0,0
2026-07-18,132973,Madison Ryan,AUS,Australia,12,9,2,7,4,0,2,2,5,0,15,6,0,3,40,-7,-4.6,-2.4,2,TRUE,-7,-7,0,0,5,1,0,2
2026-07-18,132973,Lily Mapp,AUS,Australia,2,1,1,0,2,1,0,2,0,0,1,1,0,0,3.1,3,2,1,1,FALSE,-7,-7,0,0,1,0,0,2
2026-07-18,132973,Matilda Trout,AUS,Australia,5,5,3,2,1,0,0,3,4,3,2,1,0,6,27.8,-15,-9.9,-5.1,0,TRUE,-7,-7,0,0,1,0,0,0
2026-07-18,132973,Jemyma Manyok,AUS,Australia,4,2,1,1,0,0,2,3,0,0,3,2,0,0,11,-2,-1.3,-0.7,2,TRUE,-7,-7,0,0,2,0,0,0
2026-07-18,132973,Paula Valenzuela,ESP,Spain,4,5,2,3,1,1,0,1,3,2,7,1,0,0,28.4,5,1.7,3.3,1,TRUE,+7,7,0,0,1,0,2,0
2026-07-18,132973,Isabel Hernandez,ESP,Spain,13,1,0,1,5,4,0,2,3,1,17,5,2,1,27,1,0.3,0.7,4,TRUE,+7,7,0,2,3,0,4,0
2026-07-18,132973,Carla Cherry,ESP,Spain,0,0,0,0,3,1,0,1,0,0,1,0,0,0,10.8,7,2.4,4.6,1,FALSE,+7,7,0,0,0,0,0,0
2026-07-18,132973,Ona Balleste,ESP,Spain,9,3,1,2,3,2,0,2,2,0,10,3,3,2,18,5,1.7,3.3,2,FALSE,+7,7,1,2,0,0,0,0
2026-07-18,132973,Sarai Teijeira,ESP,Spain,2,0,0,0,0,0,0,0,0,0,2,1,0,1,6.7,-1,-0.3,-0.7,0,FALSE,+7,7,0,0,1,0,0,0
2026-07-18,132973,Trinity Ezeanatogu,ESP,Spain,4,6,2,4,3,4,2,1,3,2,10,1,0,1,36.3,8,2.7,5.3,6,TRUE,+7,7,0,0,1,0,2,0
2026-07-18,132973,Amelia Alonso,ESP,Spain,5,2,1,1,0,1,0,5,0,0,4,2,1,1,8.8,-1,-0.3,-0.7,1,TRUE,+7,7,0,1,1,0,0,0
2026-07-18,132973,Ana Maria Hernanz,ESP,Spain,11,9,7,2,2,2,0,4,1,2,9,4,1,1,21.4,6,2,4,2,FALSE,+7,7,1,0,2,1,0,4
2026-07-18,132973,Sandra Davila,ESP,Spain,8,6,4,2,1,0,0,2,0,0,8,3,2,3,29.4,10,3.4,6.6,0,TRUE,+7,7,1,1,1,0,0,5
2026-07-18,132973,Anna Smykovskaia,ESP,Spain,2,6,2,4,0,0,0,1,2,0,2,1,0,1,13.2,-5,-1.7,-3.3,0,FALSE,+7,7,0,0,1,0,0,2
2026-07-18,132983,Hania  Hassabelnaby,EGY,Egypt,13,5,1,4,1,2,0,2,2,3,10,5,0,1,19.6,22,3.2,18.8,2,TRUE,+36,36,0,0,5,0,2,2
2026-07-18,132983,Fatma Abdella,EGY,Egypt,2,4,1,3,3,2,0,4,1,0,3,1,0,6,20,19,2.8,16.2,2,TRUE,+36,36,0,0,1,0,0,0
2026-07-18,132983,Jodi  Abdalla,EGY,Egypt,2,5,1,4,0,0,0,1,2,0,6,1,0,1,16.3,14,2.1,11.9,0,FALSE,+36,36,0,0,1,0,0,0
2026-07-18,132983,Mariam Elshenawy,EGY,Egypt,8,6,3,3,1,0,1,1,4,2,5,3,0,0,15.2,16,2.3,13.7,1,TRUE,+36,36,0,0,2,0,0,0
2026-07-18,132983,Hala Fetet,EGY,Egypt,7,3,1,2,0,0,1,2,0,0,4,3,1,0,14.7,2,0.3,1.7,1,FALSE,+36,36,1,0,2,0,0,2
2026-07-18,132983,Joudi Elsayed,EGY,Egypt,9,4,0,4,2,1,1,3,2,1,11,3,2,0,22.5,20,2.9,17.1,2,FALSE,+36,36,0,2,1,0,2,0
2026-07-18,132983,Habiba Gamal Rizk,EGY,Egypt,4,8,1,7,1,1,0,0,3,2,3,1,0,3,17,6,0.9,5.1,1,FALSE,+36,36,0,0,1,0,2,0
2026-07-18,132983,Leila  Eissa,EGY,Egypt,10,3,2,1,8,2,0,1,0,0,10,4,2,2,19.6,28,4.1,23.9,2,TRUE,+36,36,1,1,1,0,5,0
2026-07-18,132983,Habiba Soliman,EGY,Egypt,4,1,0,1,2,1,0,0,0,0,7,2,0,1,21.2,13,1.9,11.1,1,FALSE,+36,36,0,0,1,0,4,0
2026-07-18,132983,Zeina Amin,EGY,Egypt,6,4,0,4,2,1,3,1,2,2,5,2,0,1,20,19,2.8,16.2,4,TRUE,+36,36,0,0,1,0,0,0
2026-07-18,132983,Sedra   Elshafey,EGY,Egypt,7,5,0,5,1,0,0,1,1,1,4,3,0,0,13.8,21,3.1,17.9,0,FALSE,+36,36,0,0,3,0,2,0
2026-07-18,132983,Alisson Restrepo,COL,Colombia,4,3,0,3,0,0,0,2,1,0,7,2,0,4,18.4,-10,-8.5,-1.5,0,TRUE,-36,-36,0,0,2,0,2,0
2026-07-18,132983,Elba Escorcia,COL,Colombia,5,1,1,0,1,1,0,0,1,1,5,2,0,2,18.4,-15,-12.8,-2.2,1,FALSE,-36,-36,0,0,2,0,2,0
2026-07-18,132983,Keren Bertel,COL,Colombia,8,2,2,0,0,4,0,2,6,4,13,2,0,2,25.2,-24,-20.5,-3.5,4,TRUE,-36,-36,0,0,2,0,0,0
2026-07-18,132983,Maria Superlano,COL,Colombia,0,0,0,0,0,0,0,0,1,0,0,0,0,0,2,-5,-4.3,-0.7,0,FALSE,-36,-36,0,0,0,0,0,0
2026-07-18,132983,Hannah Sofia Florez Perez,COL,Colombia,4,4,1,3,1,0,2,1,0,0,4,2,0,1,12.2,-5,-4.3,-0.7,2,FALSE,-36,-36,0,0,2,0,0,0
2026-07-18,132983,Diocelin Zuniga Hurtado,COL,Colombia,5,9,1,8,0,2,0,2,3,1,6,2,0,3,24.7,-23,-19.6,-3.4,2,TRUE,-36,-36,0,0,2,0,0,0
2026-07-18,132983,Sara Murillo,COL,Colombia,3,1,0,1,0,2,0,0,1,0,4,1,1,0,15,-14,-11.9,-2.1,2,FALSE,-36,-36,1,0,0,0,0,0
2026-07-18,132983,Dayra Pedroza,COL,Colombia,2,0,0,0,0,0,0,0,1,0,3,1,0,1,15.6,-22,-18.8,-3.2,0,FALSE,-36,-36,0,0,0,1,0,0
2026-07-18,132983,Mariangel Serna,COL,Colombia,2,2,0,2,3,0,1,3,1,0,5,1,0,5,24.9,-26,-22.2,-3.8,1,TRUE,-36,-36,0,0,1,0,0,0
2026-07-18,132983,Maria Mendez,COL,Colombia,2,4,0,4,2,1,0,3,0,0,10,1,0,2,20,-14,-11.9,-2.1,1,FALSE,-36,-36,0,0,1,0,0,0
2026-07-18,132983,Maria Millan,COL,Colombia,1,1,1,0,0,1,0,0,1,1,3,0,0,1,11.2,-14,-11.9,-2.1,1,FALSE,-36,-36,0,0,0,0,0,0
2026-07-18,132983,Mariana Paz,COL,Colombia,0,5,1,4,1,1,0,4,0,0,1,0,0,0,12.3,-8,-6.8,-1.2,1,TRUE,-36,-36,0,0,0,0,0,0
2026-07-18,132972,Morghan Reckley,USA,USA,9,0,0,0,7,1,0,3,6,5,3,2,0,6,18.9,31,9.5,21.5,1,TRUE,+26,26,0,0,2,0,2,0
2026-07-18,132972,Jazman Bailey,USA,USA,0,1,0,1,5,2,0,3,1,0,0,0,0,1,17.4,3,0.9,2.1,2,FALSE,+26,26,0,0,0,0,0,0
2026-07-18,132972,Nation Williams,USA,USA,14,11,6,5,3,6,1,3,4,4,12,5,0,1,18.8,24,7.4,16.6,7,FALSE,+26,26,0,0,3,1,2,2
2026-07-18,132972,Tatianna Griffin,USA,USA,10,1,0,1,1,0,1,3,0,0,7,4,2,1,14.9,20,6.1,13.9,1,FALSE,+26,26,0,2,0,1,0,0
2026-07-18,132972,Ivanna Wilson Manyacka,USA,USA,14,8,5,3,1,2,0,2,2,1,11,6,1,1,24.3,10,3.1,6.9,2,TRUE,+26,26,1,0,3,2,0,6
2026-07-18,132972,Micah Ojo,USA,USA,5,6,2,4,1,0,1,2,1,0,10,2,1,0,18.7,1,0.3,0.7,1,TRUE,+26,26,0,1,1,0,0,0
2026-07-18,132972,Maliya Hunter,USA,USA,7,2,1,1,0,0,0,0,2,3,2,2,0,0,12.1,15,4.6,10.4,0,FALSE,+26,26,0,0,2,0,0,0
2026-07-18,132972,Arianna Robinson,USA,USA,3,1,1,0,0,0,0,1,1,1,5,1,0,2,10.9,18,5.5,12.5,0,FALSE,+26,26,0,0,1,0,0,0
2026-07-18,132972,Olivia Jones,USA,USA,5,2,1,1,2,0,1,2,0,0,7,2,1,1,20.3,0,0,0,1,TRUE,+26,26,1,0,0,0,0,2
2026-07-18,132972,Eve Long,USA,USA,15,6,5,1,1,2,2,1,4,7,11,4,0,1,22.1,4,1.2,2.8,4,TRUE,+26,26,0,0,3,1,0,4
2026-07-18,132972,Nya Riak,USA,USA,2,4,0,4,0,0,0,0,0,0,2,1,0,2,9.1,-5,-1.5,-3.5,0,FALSE,+26,26,0,0,1,0,0,0
2026-07-18,132972,Caroline Bradley,USA,USA,2,4,2,2,2,0,1,2,0,0,3,1,0,1,12.5,9,2.8,6.2,1,FALSE,+26,26,0,0,1,0,0,2
2026-07-18,132972,Lexi Wee,CAN,Canada,4,3,2,1,4,0,0,2,2,2,7,1,0,5,22.2,-27,-18.7,-8.3,0,FALSE,-26,-26,0,0,1,0,0,0
2026-07-18,132972,Jordyn Nohr,CAN,Canada,5,0,0,0,2,0,0,2,0,0,2,2,1,0,11.4,-3,-2.1,-0.9,0,FALSE,-26,-26,1,0,0,1,0,0
2026-07-18,132972,Portia Reisen,CAN,Canada,10,2,1,1,1,1,0,3,5,4,9,2,2,6,24.2,-17,-11.8,-5.2,1,TRUE,-26,-26,0,2,0,0,0,3
2026-07-18,132972,Ashley Vande Ven,CAN,Canada,9,7,1,6,2,1,1,3,1,1,4,3,2,2,30.4,-28,-19.4,-8.6,2,TRUE,-26,-26,1,1,0,1,0,0
2026-07-18,132972,Pippa Gibb,CAN,Canada,0,1,0,1,1,0,0,0,1,0,3,0,0,4,7.5,-6,-4.2,-1.8,0,FALSE,-26,-26,0,0,0,0,0,0
2026-07-18,132972,Avery Arije,CAN,Canada,12,4,2,2,3,1,0,2,3,4,13,4,0,2,25.2,-9,-6.2,-2.8,1,TRUE,-26,-26,0,0,3,1,0,0
2026-07-18,132972,Grace Pongang,CAN,Canada,0,3,0,3,1,0,1,2,2,0,0,0,0,2,12.2,-8,-5.5,-2.5,1,FALSE,-26,-26,0,0,0,0,0,0
2026-07-18,132972,Emerald Nnani,CAN,Canada,6,3,2,1,2,2,0,3,4,2,7,2,0,0,22,-5,-3.5,-1.5,2,TRUE,-26,-26,0,0,2,0,2,0
2026-07-18,132972,Frances Vollett,CAN,Canada,12,5,2,3,0,0,2,1,4,6,9,3,0,2,29.4,-16,-11.1,-4.9,2,TRUE,-26,-26,0,0,3,0,2,0
2026-07-18,132972,Sienna Morris,CAN,Canada,2,1,1,0,0,2,1,2,0,0,2,1,0,1,8.8,-5,-3.5,-1.5,3,FALSE,-26,-26,0,0,0,1,0,0
2026-07-18,132972,Gabrielle Fajemirokun,CAN,Canada,0,0,0,0,0,0,1,1,0,0,0,0,0,0,6.5,-6,-4.2,-1.8,1,FALSE,-26,-26,0,0,0,0,0,0
2026-07-19,132974,Jordan Martin,MEX,Mexico,9,5,4,1,2,1,0,4,2,3,6,3,0,1,15.7,11,1,10,1,FALSE,+16,16,0,0,3,0,2,0
2026-07-19,132974,Mariana Diaz,MEX,Mexico,19,8,3,5,2,2,1,1,6,7,13,5,2,7,36.7,11,1,10,3,TRUE,+16,16,1,1,1,1,0,0
2026-07-19,132974,Jimena Velazquez,MEX,Mexico,14,4,0,4,6,3,0,3,5,4,7,5,0,5,34.8,19,1.7,17.3,3,TRUE,+16,16,0,0,4,0,8,0
2026-07-19,132974,Meredith Jaime,MEX,Mexico,0,3,2,1,1,0,0,1,0,0,2,0,0,1,8.5,-8,-0.7,-7.3,0,FALSE,+16,16,0,0,0,0,0,0
2026-07-19,132974,Ivanna Olalde,MEX,Mexico,5,7,0,7,6,3,0,5,4,1,8,2,0,4,19.9,12,1.1,10.9,3,FALSE,+16,16,0,0,2,0,0,0
2026-07-19,132974,Andrea Lopez,MEX,Mexico,0,1,1,0,0,0,0,1,0,0,2,0,0,0,3.4,-1,-0.1,-0.9,0,FALSE,+16,16,0,0,0,0,0,0
2026-07-19,132974,Yania Valverde,MEX,Mexico,11,5,2,3,7,1,3,2,2,1,9,5,0,2,25.4,10,0.9,9.1,4,TRUE,+16,16,0,0,3,0,4,0
2026-07-19,132974,Isamar Rumbo,MEX,Mexico,2,3,0,3,4,4,0,1,3,0,4,1,0,3,14.9,5,0.5,4.5,4,TRUE,+16,16,0,0,1,0,0,0
2026-07-19,132974,Isabella Martinez,MEX,Mexico,19,1,0,1,2,1,0,3,3,6,7,6,1,1,21.7,22,2,20,1,FALSE,+16,16,0,1,4,0,6,0
2026-07-19,132974,Marisol Gomez,MEX,Mexico,8,7,0,7,1,1,0,4,1,1,5,3,1,1,15.2,-1,-0.1,-0.9,1,TRUE,+16,16,0,1,1,1,0,0
2026-07-19,132974,Samantha Patino,MEX,Mexico,1,1,0,1,1,0,0,1,1,1,0,0,0,0,3.8,0,0,0,0,FALSE,+16,16,0,0,0,0,0,0
2026-07-19,132974,Salimata Kone,CIV,Côte d'Ivoire,6,4,2,2,5,3,0,3,3,2,9,2,0,3,29,-14,-12.7,-1.3,3,TRUE,-16,-16,0,0,2,0,4,0
2026-07-19,132974,Fatima Diouf,CIV,Côte d'Ivoire,29,4,1,3,3,3,0,3,9,8,15,8,5,3,31,-5,-4.5,-0.5,3,TRUE,-16,-16,1,4,2,1,0,0
2026-07-19,132974,Sarah Keita,CIV,Côte d'Ivoire,0,0,0,0,0,1,3,4,1,0,1,0,0,1,6,4,3.6,0.4,4,TRUE,-16,-16,0,0,0,0,0,0
2026-07-19,132974,Ella Kone,CIV,Côte d'Ivoire,5,0,0,0,1,0,0,1,0,0,5,2,1,2,18.2,-5,-4.5,-0.5,0,FALSE,-16,-16,0,1,1,0,2,0
2026-07-19,132974,Fatima  Konate,CIV,Côte d'Ivoire,5,4,1,3,2,0,0,4,1,2,6,1,1,0,17.8,-12,-10.9,-1.1,0,TRUE,-16,-16,0,1,0,0,0,0
2026-07-19,132974,Adja Traore,CIV,Côte d'Ivoire,2,2,1,1,0,1,0,1,0,0,2,1,0,1,8.6,-4,-3.6,-0.4,1,FALSE,-16,-16,0,0,1,0,0,2
2026-07-19,132974,Jane Mary Diomande,CIV,Côte d'Ivoire,6,4,0,4,3,1,1,4,7,4,4,1,0,4,19.3,-1,-0.9,-0.1,2,TRUE,-16,-16,0,0,0,0,0,0
2026-07-19,132974,Maelhys N'dri,CIV,Côte d'Ivoire,4,3,2,1,1,2,0,1,0,0,7,2,0,0,17.4,-7,-6.4,-0.6,2,FALSE,-16,-16,0,0,1,1,0,0
2026-07-19,132974,Lalya  Diarisso,CIV,Côte d'Ivoire,8,2,0,2,1,1,0,1,1,0,9,3,2,2,25.6,-14,-12.7,-1.3,1,FALSE,-16,-16,0,2,0,1,2,0
2026-07-19,132974,Aichata Mambone,CIV,Côte d'Ivoire,0,2,0,2,0,0,0,2,0,0,2,0,0,1,11.5,-14,-12.7,-1.3,0,FALSE,-16,-16,0,0,0,0,0,0
2026-07-19,132974,Aminata  Kone,CIV,Côte d'Ivoire,7,5,0,5,1,3,0,3,3,3,4,2,0,2,15.8,-8,-7.3,-0.7,3,FALSE,-16,-16,0,0,0,1,2,0
2026-07-19,132975,Sofia Robson,CZE,Czechia,6,7,2,5,2,1,0,2,2,2,6,2,0,2,25,-16,-11.3,-4.7,1,TRUE,-26,-26,0,0,1,0,2,0
2026-07-19,132975,Dominika Pencakova,CZE,Czechia,8,4,2,2,3,4,1,2,3,4,11,2,0,2,25.5,-18,-12.7,-5.3,5,TRUE,-26,-26,0,0,2,0,4,0
2026-07-19,132975,Ema Novakova,CZE,Czechia,2,9,4,5,0,0,0,1,0,0,8,1,0,1,21.2,-12,-8.5,-3.5,0,TRUE,-26,-26,0,0,1,0,2,0
2026-07-19,132975,Ema Bartosova,CZE,Czechia,2,5,4,1,2,2,0,4,1,0,9,1,0,3,20.6,-6,-4.2,-1.8,2,TRUE,-26,-26,0,0,1,0,2,0
2026-07-19,132975,Anezka Misikova,CZE,Czechia,1,1,0,1,2,1,0,0,1,1,3,0,0,2,10.1,2,1.4,0.6,1,FALSE,-26,-26,0,0,0,0,0,0
2026-07-19,132975,Tereza Sykorova,CZE,Czechia,7,1,0,1,1,1,1,1,1,1,5,3,0,5,15.2,-14,-9.9,-4.1,2,FALSE,-26,-26,0,0,3,0,2,0
2026-07-19,132975,Linda Kotrcova,CZE,Czechia,10,3,1,2,0,1,0,2,7,3,13,3,1,3,23.9,-19,-13.4,-5.6,1,TRUE,-26,-26,0,1,2,0,2,0
2026-07-19,132975,Martina Parizkova,CZE,Czechia,1,1,1,0,0,2,0,5,1,1,1,0,0,0,8.9,0,0,0,2,FALSE,-26,-26,0,0,0,0,0,0
2026-07-19,132975,Vendula Salakova,CZE,Czechia,0,2,1,1,1,0,1,1,0,0,3,0,0,3,17,-15,-10.6,-4.4,1,FALSE,-26,-26,0,0,0,0,0,0
2026-07-19,132975,Laura Marcolova,CZE,Czechia,0,3,2,1,0,3,0,0,1,0,3,0,0,2,11.7,-15,-10.6,-4.4,3,FALSE,-26,-26,0,0,0,0,0,0
2026-07-19,132975,Adela Ruzickova,CZE,Czechia,0,3,1,2,1,2,0,0,0,0,1,0,0,1,8.2,-1,-0.7,-0.3,2,FALSE,-26,-26,0,0,0,0,0,0
2026-07-19,132975,Julie Prichystalova,CZE,Czechia,0,0,0,0,1,0,0,4,1,0,2,0,0,2,12.8,-16,-11.3,-4.7,0,FALSE,-26,-26,0,0,0,0,0,0
2026-07-19,132975,Amelie Mbah,GER,Germany,2,4,2,2,1,0,3,1,0,0,1,1,0,0,11.1,20,5.9,14.1,3,FALSE,+26,26,0,0,1,0,0,2
2026-07-19,132975,Leonie Pfanzelt,GER,Germany,9,3,0,3,1,3,0,3,5,2,5,3,1,6,20.6,21,6.2,14.8,3,FALSE,+26,26,0,1,1,0,0,0
2026-07-19,132975,Moescha Feunou Bakam,GER,Germany,5,1,0,1,0,0,1,2,4,3,1,1,0,2,12.6,16,4.7,11.3,1,FALSE,+26,26,0,0,1,0,2,0
2026-07-19,132975,Darina Zraychenko,GER,Germany,4,5,4,1,0,2,0,4,6,2,12,1,0,4,27.9,8,2.3,5.7,2,TRUE,+26,26,0,0,1,0,2,0
2026-07-19,132975,Leni Schramm-Bunning,GER,Germany,0,4,1,3,2,0,0,1,0,0,2,0,0,2,9.6,0,0,0,0,FALSE,+26,26,0,0,0,0,0,0
2026-07-19,132975,Lara Gierlich,GER,Germany,11,7,2,5,1,1,2,0,0,0,13,4,3,0,25.3,21,6.2,14.8,3,TRUE,+26,26,1,2,0,0,0,3
2026-07-19,132975,Mia Wiegand,GER,Germany,23,5,2,3,6,1,1,2,2,2,15,9,3,8,30.1,23,6.7,16.3,2,TRUE,+26,26,0,3,6,0,0,2
2026-07-19,132975,Frederike Askamp,GER,Germany,9,11,2,9,3,6,0,3,4,2,7,3,1,1,27.4,15,4.4,10.6,6,TRUE,+26,26,1,0,2,0,2,2
2026-07-19,132975,Mathilda Haensch,GER,Germany,0,0,0,0,4,1,1,0,0,0,0,0,0,0,19,8,2.3,5.7,2,TRUE,+26,26,0,0,0,0,0,0
2026-07-19,132975,Nele Prowaznik,GER,Germany,0,0,0,0,1,0,0,1,0,0,1,0,0,3,9.9,-2,-0.6,-1.4,0,FALSE,+26,26,0,0,0,0,0,0
2026-07-19,132975,Silvia Heide,GER,Germany,0,1,1,0,1,1,0,1,0,0,2,0,0,0,6.6,0,0,0,1,FALSE,+26,26,0,0,0,0,0,0
2026-07-19,132976,Jelizaveta Naidjonova,LAT,Latvia,2,1,1,0,2,1,0,3,2,2,7,0,0,0,14.9,-4,-1.4,-2.6,1,FALSE,+14,14,0,0,0,0,0,0
2026-07-19,132976,Enija Brokane,LAT,Latvia,0,5,1,4,4,0,0,0,1,0,3,0,0,1,14.7,21,7.2,13.8,0,FALSE,+14,14,0,0,0,0,0,0
2026-07-19,132976,Adele Priedite,LAT,Latvia,4,2,0,2,0,1,2,1,0,0,3,2,0,0,17,12,4.1,7.9,3,TRUE,+14,14,0,0,1,0,0,0
2026-07-19,132976,Monta Culkstena,LAT,Latvia,0,6,1,5,2,2,0,1,0,0,2,0,0,1,18.4,1,0.3,0.7,2,TRUE,+14,14,0,0,0,0,0,0
2026-07-19,132976,Melanija Reicela Lagunovica,LAT,Latvia,4,7,1,6,3,0,0,1,2,1,4,1,1,2,19.5,6,2,4,0,FALSE,+14,14,1,0,0,0,0,0
2026-07-19,132976,Marta Arsentjeva,LAT,Latvia,5,5,3,2,0,0,1,1,2,1,2,2,0,0,20.2,0,0,0,1,FALSE,+14,14,0,0,1,1,0,2
2026-07-19,132976,Patricija Tikmere,LAT,Latvia,16,4,2,2,1,0,1,1,5,6,14,5,0,4,30.1,6,2,4,1,TRUE,+14,14,0,0,4,0,2,0
2026-07-19,132976,Darina Ivanova,LAT,Latvia,1,2,1,1,0,1,0,1,2,1,1,0,0,0,9.9,8,2.7,5.3,1,FALSE,+14,14,0,0,0,0,0,0
2026-07-19,132976,Laura Kikuste,LAT,Latvia,0,1,1,0,0,0,0,0,0,0,0,0,0,0,2,2,0.7,1.3,0,FALSE,+14,14,0,0,0,0,0,0
2026-07-19,132976,Evelina Sirsnina,LAT,Latvia,17,5,0,5,4,2,0,4,2,0,20,7,3,2,23.9,9,3.1,5.9,2,TRUE,+14,14,0,3,3,0,2,0
2026-07-19,132976,Madara Sakalova,LAT,Latvia,2,2,1,1,1,1,0,0,1,2,1,0,0,0,2.7,2,0.7,1.3,1,FALSE,+14,14,0,0,0,0,0,0
2026-07-19,132976,Sarlote Skrebele,LAT,Latvia,9,3,0,3,5,1,1,2,2,0,12,3,3,4,26.6,7,2.4,4.6,2,TRUE,+14,14,1,2,0,0,0,0
2026-07-19,132976,Alisson Restrepo,COL,Colombia,8,7,1,6,1,0,1,3,1,1,12,3,1,5,25.9,-9,-5.9,-3.1,1,TRUE,-14,-14,0,1,0,0,0,0
2026-07-19,132976,Elba Escorcia,COL,Colombia,8,2,2,0,2,2,2,2,4,2,7,3,0,1,28.2,0,0,0,4,FALSE,-14,-14,0,0,1,0,0,0
2026-07-19,132976,Keren Bertel,COL,Colombia,12,2,0,2,5,4,1,2,5,5,18,3,1,7,33.1,-20,-13.2,-6.8,5,TRUE,-14,-14,1,0,2,0,0,0
2026-07-19,132976,Diocelin Zuniga Hurtado,COL,Colombia,3,4,1,3,1,0,2,2,1,1,3,1,0,0,12.3,-11,-7.2,-3.8,2,TRUE,-14,-14,0,0,0,0,0,0
2026-07-19,132976,Sara Murillo,COL,Colombia,6,8,3,5,1,3,1,3,1,0,6,3,0,0,28.5,-4,-2.6,-1.4,4,FALSE,-14,-14,0,0,2,0,0,2
2026-07-19,132976,Dayra Pedroza,COL,Colombia,0,1,1,0,0,0,1,0,0,0,2,0,0,0,6,-4,-2.6,-1.4,1,FALSE,-14,-14,0,0,0,0,0,0
2026-07-19,132976,Mariangel Serna,COL,Colombia,0,3,0,3,2,0,0,1,0,0,3,0,0,4,11.4,-3,-2,-1,0,TRUE,-14,-14,0,0,0,0,0,0
2026-07-19,132976,Maria Mendez,COL,Colombia,2,1,0,1,1,2,0,2,1,0,4,1,0,0,14.6,-18,-11.9,-6.1,2,FALSE,-14,-14,0,0,0,0,0,0
2026-07-19,132976,Maria Millan,COL,Colombia,0,0,0,0,0,0,0,0,0,0,0,0,0,0,6.7,8,5.3,2.7,0,FALSE,-14,-14,0,0,0,0,0,0
2026-07-19,132976,Mariana Paz,COL,Colombia,7,7,1,6,1,0,1,4,2,1,6,3,0,1,33.2,-9,-5.9,-3.1,1,TRUE,-14,-14,0,0,0,2,0,0
2026-07-19,132977,Olivia Lelli,ITA,Italy,9,1,1,0,0,0,0,0,0,0,9,4,1,1,17.8,8,5.8,2.2,0,FALSE,-17,-17,1,0,1,2,5,0
2026-07-19,132977,Alessandra Padulo,ITA,Italy,0,1,0,1,0,0,0,1,1,0,2,0,0,0,9.1,-8,-5.8,-2.2,0,FALSE,-17,-17,0,0,0,0,0,0
2026-07-19,132977,Emilia Magni,ITA,Italy,7,6,4,2,2,0,0,2,1,0,10,3,1,2,27.2,-13,-9.4,-3.6,0,TRUE,-17,-17,0,1,1,1,0,2
2026-07-19,132977,Isabel Hassan,ITA,Italy,4,9,0,9,5,1,1,3,1,0,11,2,0,2,26,-3,-2.2,-0.8,2,TRUE,-17,-17,0,0,2,0,0,0
2026-07-19,132977,Sofia Zuccon,ITA,Italy,5,3,1,2,0,0,0,3,2,3,4,1,0,1,14.1,-5,-3.6,-1.4,0,TRUE,-17,-17,0,0,1,0,2,0
2026-07-19,132977,Anna Sablich,ITA,Italy,4,1,1,0,2,0,0,0,2,2,4,1,0,1,21.3,-19,-13.7,-5.3,0,TRUE,-17,-17,0,0,0,0,0,0
2026-07-19,132977,Aisha Diagne,ITA,Italy,11,3,0,3,5,3,0,3,0,0,8,5,1,2,29.5,-12,-8.7,-3.3,3,TRUE,-17,-17,0,1,3,1,4,0
2026-07-19,132977,Martina Pasqualetti,ITA,Italy,5,3,0,3,0,0,0,0,0,0,3,2,1,2,10.2,-13,-9.4,-3.6,0,FALSE,-17,-17,1,0,0,1,0,0
2026-07-19,132977,Mariana Nako Moni,ITA,Italy,14,6,2,4,2,2,1,4,4,6,6,4,0,2,31.4,-10,-7.2,-2.8,3,FALSE,-17,-17,0,0,4,0,0,0
2026-07-19,132977,Amelia Bianco Rossignoli,ITA,Italy,4,1,1,0,0,2,0,1,1,0,7,2,0,1,11.6,-8,-5.8,-2.2,2,FALSE,-17,-17,0,0,2,0,4,0
2026-07-19,132977,Hania  Hassabelnaby,EGY,Egypt,25,3,2,1,2,2,0,0,5,1,18,11,2,2,30.5,12,3.3,8.7,2,TRUE,+17,17,0,2,9,0,4,2
2026-07-19,132977,Fatma Abdella,EGY,Egypt,4,3,0,3,4,2,0,0,2,2,9,1,0,2,28,22,6.1,15.9,2,TRUE,+17,17,0,0,1,0,0,0
2026-07-19,132977,Jodi  Abdalla,EGY,Egypt,9,3,2,1,1,0,0,0,2,1,5,4,0,0,16.3,-3,-0.8,-2.2,0,FALSE,+17,17,0,0,4,0,0,2
2026-07-19,132977,Mariam Elshenawy,EGY,Egypt,5,7,2,5,1,0,3,3,0,0,4,2,1,2,22.4,4,1.1,2.9,3,TRUE,+17,17,1,0,1,0,0,0
2026-07-19,132977,Hala Fetet,EGY,Egypt,1,2,2,0,0,0,0,1,1,1,2,0,0,0,3.4,-2,-0.6,-1.4,0,FALSE,+17,17,0,0,0,0,0,0
2026-07-19,132977,Joudi Elsayed,EGY,Egypt,9,6,0,6,0,2,0,2,3,4,8,2,1,3,29.5,12,3.3,8.7,2,FALSE,+17,17,0,1,1,0,0,0
2026-07-19,132977,Habiba Gamal Rizk,EGY,Egypt,0,0,0,0,0,0,0,1,0,0,1,0,0,0,3.8,-2,-0.6,-1.4,0,FALSE,+17,17,0,0,0,0,0,0
2026-07-19,132977,Leila  Eissa,EGY,Egypt,9,6,1,5,6,1,0,1,1,0,13,4,1,1,34,19,5.3,13.7,1,TRUE,+17,17,0,1,2,0,0,0
2026-07-19,132977,Habiba Soliman,EGY,Egypt,0,0,0,0,0,0,0,0,0,0,1,0,0,1,3.6,0,0,0,0,FALSE,+17,17,0,0,0,0,0,0
2026-07-19,132977,Zeina Amin,EGY,Egypt,16,8,4,4,2,1,1,3,3,2,9,7,0,0,23.7,20,5.6,14.4,2,TRUE,+17,17,0,0,7,0,4,8
2026-07-19,132977,Sedra   Elshafey,EGY,Egypt,2,1,1,0,1,0,0,1,0,0,2,1,0,0,4.8,3,0.8,2.2,0,FALSE,+17,17,0,0,1,0,0,2
2026-07-19,132978,Julija Bukovec,SLO,Slovenia,0,0,0,0,0,0,0,1,1,0,1,0,0,0,5.1,-2,-1.3,-0.7,0,FALSE,-9,-9,0,0,0,0,0,0
2026-07-19,132978,Ines Fritz,SLO,Slovenia,3,3,1,2,1,2,0,4,1,0,3,1,1,0,27.1,-6,-3.9,-2.1,2,TRUE,-9,-9,1,0,0,0,0,0
2026-07-19,132978,Anais Gobec,SLO,Slovenia,12,8,1,7,4,1,1,3,3,2,13,5,0,4,33.8,-9,-5.9,-3.1,2,TRUE,-9,-9,0,0,3,1,2,0
2026-07-19,132978,Ota Pozin,SLO,Slovenia,0,0,0,0,0,0,1,2,3,0,1,0,0,1,24.9,-4,-2.6,-1.4,1,TRUE,-9,-9,0,0,0,0,0,0
2026-07-19,132978,Ema Stavrov,SLO,Slovenia,0,1,0,1,0,0,0,2,0,0,3,0,0,0,12.9,-5,-3.3,-1.7,0,FALSE,-9,-9,0,0,0,0,0,0
2026-07-19,132978,Marina Josipovic,SLO,Slovenia,8,6,5,1,1,0,0,4,3,3,4,2,1,2,12.5,-1,-0.7,-0.3,0,FALSE,-9,-9,0,1,1,0,0,2
2026-07-19,132978,Ema Lorbek,SLO,Slovenia,2,3,0,3,0,0,1,0,0,0,4,1,0,2,10.9,-6,-3.9,-2.1,1,FALSE,-9,-9,0,0,0,0,0,0
2026-07-19,132978,Hana Jerkovic,SLO,Slovenia,6,0,0,0,3,0,1,1,2,0,14,2,2,4,29,-6,-3.9,-2.1,1,TRUE,-9,-9,0,2,0,0,0,0
2026-07-19,132978,Veronika Ferjancic,SLO,Slovenia,10,10,5,5,3,0,1,1,1,0,12,5,0,1,29.2,-8,-5.3,-2.7,1,TRUE,-9,-9,0,0,4,0,4,2
2026-07-19,132978,Zala Mali,SLO,Slovenia,4,3,1,2,1,1,0,1,2,1,6,1,1,0,13.7,1,0.7,0.3,1,FALSE,-9,-9,1,0,0,0,0,0
2026-07-19,132978,Ran Kobayashi,JPN,Japan,6,6,2,4,0,2,0,3,1,2,3,2,0,0,26.2,5,1.7,3.3,2,TRUE,+9,9,0,0,2,0,0,0
2026-07-19,132978,Sora Shimizu,JPN,Japan,0,7,2,5,0,1,0,2,0,0,0,0,0,1,26.6,9,3.1,5.9,1,TRUE,+9,9,0,0,0,0,0,0
2026-07-19,132978,Momoka Kaji,JPN,Japan,9,3,0,3,0,1,0,0,1,0,6,4,1,0,19.2,-4,-1.4,-2.6,1,FALSE,+9,9,1,0,2,0,2,0
2026-07-19,132978,Nene Gondo,JPN,Japan,0,0,0,0,0,0,0,2,0,0,1,0,0,1,7.7,1,0.3,0.7,0,FALSE,+9,9,0,0,0,0,0,0
2026-07-19,132978,Kako Otsuki,JPN,Japan,13,8,2,6,1,1,0,1,4,3,20,4,2,2,32.6,4,1.4,2.6,1,TRUE,+9,9,0,2,1,0,2,0
2026-07-19,132978,Miya Takeuchi,JPN,Japan,19,3,2,1,5,4,0,1,8,7,20,6,0,1,31.3,18,6.2,11.8,4,TRUE,+9,9,0,0,4,2,0,4
2026-07-19,132978,Rei Ando,JPN,Japan,0,2,0,2,0,1,0,1,2,0,0,0,0,2,9.8,-8,-2.7,-5.3,1,FALSE,+9,9,0,0,0,0,0,0
2026-07-19,132978,Kiino Nakazawa,JPN,Japan,0,4,2,2,0,1,0,2,0,0,1,0,0,0,10,-4,-1.4,-2.6,1,FALSE,+9,9,0,0,0,0,0,0
2026-07-19,132978,Kohse Hosozawa,JPN,Japan,7,3,1,2,0,1,0,2,3,0,11,3,1,1,32,19,6.5,12.5,1,TRUE,+9,9,0,1,1,1,0,0
2026-07-19,132978,Chihiro Ito,JPN,Japan,0,0,0,0,0,0,0,2,0,0,0,0,0,0,3,3,1,2,0,FALSE,+9,9,0,0,0,0,0,0
2026-07-19,132979,Xuan Sun,CHN,People 's Republic of China,6,6,3,3,10,1,0,1,0,0,10,3,0,1,36.4,-14,-11.8,-2.2,1,TRUE,-15,-15,0,0,1,1,0,2
2026-07-19,132979,Xinyue Wang,CHN,People 's Republic of China,4,0,0,0,0,0,1,0,0,0,6,2,0,0,8.8,2,1.7,0.3,1,FALSE,-15,-15,0,0,2,0,2,0
2026-07-19,132979,Yu Jia,CHN,People 's Republic of China,0,3,0,3,0,0,0,2,0,0,2,0,0,1,18,-10,-8.4,-1.6,0,TRUE,-15,-15,0,0,0,0,0,0
2026-07-19,132979,Ruoyan Sun,CHN,People 's Republic of China,0,0,0,0,1,0,0,0,0,0,0,0,0,0,2.5,-2,-1.7,-0.3,0,FALSE,-15,-15,0,0,0,0,0,0
2026-07-19,132979,Ying Feng,CHN,People 's Republic of China,0,0,0,0,2,1,0,0,0,0,2,0,0,0,4.8,-1,-0.8,-0.2,1,FALSE,-15,-15,0,0,0,0,0,0
2026-07-19,132979,Mengjie Wu,CHN,People 's Republic of China,11,8,5,3,1,1,0,5,3,3,7,4,0,4,23.9,-7,-5.9,-1.1,1,FALSE,-15,-15,0,0,4,0,2,2
2026-07-19,132979,Yuanshan Li,CHN,People 's Republic of China,13,2,1,1,1,2,0,1,2,3,21,5,0,1,36.2,-11,-9.3,-1.7,2,TRUE,-15,-15,0,0,1,1,4,2
2026-07-19,132979,Hanyun Sun,CHN,People 's Republic of China,14,4,2,2,3,0,0,1,1,0,19,6,2,4,26.5,-14,-11.8,-2.2,0,FALSE,-15,-15,1,1,3,0,0,2
2026-07-19,132979,Yunshu Pang,CHN,People 's Republic of China,10,9,3,6,1,5,0,4,4,2,8,4,0,1,30.3,-1,-0.8,-0.2,5,FALSE,-15,-15,0,0,2,0,2,4
2026-07-19,132979,Yatong Tang,CHN,People 's Republic of China,3,2,1,1,0,0,0,4,0,0,1,1,1,0,8.8,-12,-10.1,-1.9,0,TRUE,-15,-15,0,1,0,0,0,0
2026-07-19,132979,Jiayi Wan,CHN,People 's Republic of China,0,0,0,0,0,0,0,0,0,0,1,0,0,0,3,-3,-2.5,-0.5,0,TRUE,-15,-15,0,0,0,0,0,0
2026-07-19,132979,Areta Kahura,NZL,New Zealand,0,0,0,0,1,0,0,0,0,0,3,0,0,0,11,-4,-0.6,-3.4,0,FALSE,+15,15,0,0,0,0,0,0
2026-07-19,132979,Charis Broughton,NZL,New Zealand,9,2,0,2,2,1,0,0,2,1,6,3,2,2,17.6,8,1.3,6.7,1,TRUE,+15,15,1,1,0,1,0,0
2026-07-19,132979,Imani Rasmussen,NZL,New Zealand,13,8,2,6,1,1,1,4,4,5,11,4,0,1,24,13,2,11,2,TRUE,+15,15,0,0,3,1,0,0
2026-07-19,132979,Sinai Foai,NZL,New Zealand,4,1,0,1,0,1,0,0,1,0,5,2,0,0,10.3,-3,-0.5,-2.5,1,FALSE,+15,15,0,0,1,1,0,0
2026-07-19,132979,Shamar Broughton,NZL,New Zealand,8,3,2,1,6,1,0,0,3,3,7,2,1,3,19.1,11,1.7,9.3,1,FALSE,+15,15,0,1,1,0,0,2
2026-07-19,132979,Ava Jones,NZL,New Zealand,5,5,3,2,3,0,0,1,1,0,3,2,1,0,20.4,16,2.5,13.5,0,TRUE,+15,15,1,0,1,0,0,0
2026-07-19,132979,Elisa Brown,NZL,New Zealand,4,0,0,0,3,0,0,1,1,0,4,2,0,3,10.2,3,0.5,2.5,0,FALSE,+15,15,0,0,2,0,2,0
2026-07-19,132979,Emilia Ainley,NZL,New Zealand,20,17,7,10,0,0,0,1,3,4,11,8,0,1,25.7,9,1.4,7.6,0,TRUE,+15,15,0,0,6,0,0,8
2026-07-19,132979,Katie Moors,NZL,New Zealand,2,3,0,3,1,1,1,0,0,0,3,1,0,2,13.7,9,1.4,7.6,2,FALSE,+15,15,0,0,0,0,0,0
2026-07-19,132979,Sienna Maurice,NZL,New Zealand,4,3,0,3,1,1,0,0,2,2,6,1,0,2,20.4,9,1.4,7.6,1,TRUE,+15,15,0,0,1,0,2,0
2026-07-19,132979,Madelin Eliadis,NZL,New Zealand,3,2,1,1,0,0,0,1,0,0,1,1,1,1,10.2,3,0.5,2.5,0,FALSE,+15,15,1,0,0,0,0,0
2026-07-19,132979,Nahala Toeleiu,NZL,New Zealand,4,2,1,1,1,1,1,2,1,0,4,2,0,2,17.4,1,0.2,0.8,2,FALSE,+15,15,0,0,2,0,0,2
2026-07-19,132980,Lexi Wee,CAN,Canada,3,2,1,1,1,1,0,1,2,0,5,1,1,0,16.8,-3,-2.2,-0.8,1,FALSE,-7,-7,1,0,0,0,0,0
2026-07-19,132980,Jordyn Nohr,CAN,Canada,2,1,1,0,2,0,0,1,0,0,2,1,0,0,10.9,4,3,1,0,FALSE,-7,-7,0,0,1,0,2,2
2026-07-19,132980,Portia Reisen,CAN,Canada,4,2,0,2,6,1,0,2,1,0,6,2,0,5,30.4,-8,-6,-2,1,TRUE,-7,-7,0,0,2,0,0,0
2026-07-19,132980,Ashley Vande Ven,CAN,Canada,20,4,0,4,0,0,1,3,3,1,15,8,3,1,32.4,-10,-7.5,-2.5,1,TRUE,-7,-7,0,3,4,0,0,0
2026-07-19,132980,Avery Arije,CAN,Canada,13,4,2,2,3,0,0,2,3,2,19,5,1,2,33.5,-11,-8.2,-2.8,0,TRUE,-7,-7,0,1,2,2,0,0
2026-07-19,132980,Grace Pongang,CAN,Canada,4,11,2,9,0,1,4,1,1,0,5,2,0,1,27.1,4,3,1,5,FALSE,-7,-7,0,0,2,0,0,2
2026-07-19,132980,Emerald Nnani,CAN,Canada,3,5,0,5,0,1,1,2,2,1,4,1,0,0,16.1,-7,-5.2,-1.8,2,TRUE,-7,-7,0,0,0,0,0,0
2026-07-19,132980,Frances Vollett,CAN,Canada,8,6,3,3,1,1,1,1,1,2,11,2,2,1,32.8,-4,-3,-1,2,TRUE,-7,-7,1,1,0,0,0,0
2026-07-19,132980,Jay Sebasio,AUS,Australia,8,2,2,0,1,0,0,0,1,0,5,4,0,0,10.2,-1,-0.3,-0.7,0,FALSE,+7,7,0,0,3,0,2,2
2026-07-19,132980,Daisy Hocking,AUS,Australia,0,3,0,3,0,0,0,1,0,0,0,0,0,0,8.8,-1,-0.3,-0.7,0,FALSE,+7,7,0,0,0,0,0,0
2026-07-19,132980,Isabel Smith,AUS,Australia,13,4,3,1,1,1,0,3,3,3,14,4,2,2,22.7,-2,-0.5,-1.5,1,TRUE,+7,7,0,2,1,0,0,0
2026-07-19,132980,Olivia Olechnowicz,AUS,Australia,14,7,3,4,1,3,0,2,4,3,12,4,3,1,30.6,6,1.5,4.5,3,TRUE,+7,7,1,2,1,0,0,0
2026-07-19,132980,Jade Sherrington,AUS,Australia,3,4,0,4,1,0,1,0,0,0,3,1,1,3,15.9,3,0.8,2.2,1,FALSE,+7,7,1,0,0,0,0,0
2026-07-19,132980,Jasmine Jones,AUS,Australia,0,2,0,2,1,1,0,0,0,0,5,0,0,0,13.1,11,2.8,8.2,1,FALSE,+7,7,0,0,0,0,0,0
2026-07-19,132980,Sophie Richardson,AUS,Australia,5,2,0,2,3,0,1,2,1,0,8,2,1,1,18.5,3,0.8,2.2,1,FALSE,+7,7,0,1,1,0,0,0
2026-07-19,132980,Madison Ryan,AUS,Australia,15,8,2,6,4,0,0,1,2,2,15,6,1,2,31.7,4,1,3,0,TRUE,+7,7,1,0,5,0,2,2
2026-07-19,132980,Lily Mapp,AUS,Australia,0,1,0,1,1,0,0,0,0,0,0,0,0,0,6.5,6,1.5,4.5,0,FALSE,+7,7,0,0,0,0,0,0
2026-07-19,132980,Matilda Trout,AUS,Australia,4,8,4,4,3,1,0,2,1,2,1,1,0,2,24.6,4,1,3,1,TRUE,+7,7,0,0,0,1,0,0
2026-07-19,132980,Jemyma Manyok,AUS,Australia,2,4,1,3,1,1,5,2,1,0,4,1,0,0,17.5,2,0.5,1.5,6,TRUE,+7,7,0,0,1,0,0,0
2026-07-19,132981,Morghan Reckley,USA,USA,9,0,0,0,5,0,0,2,5,4,2,2,1,5,23.8,5,1.8,3.2,0,TRUE,+9,9,1,0,0,1,0,0
2026-07-19,132981,Jazman Bailey,USA,USA,0,0,0,0,0,0,0,2,1,0,0,0,0,1,7.8,2,0.7,1.3,0,FALSE,+9,9,0,0,0,0,0,0
2026-07-19,132981,Nation Williams,USA,USA,10,10,4,6,0,2,3,2,2,2,10,4,0,3,18.6,4,1.4,2.6,5,FALSE,+9,9,0,0,3,1,0,2
2026-07-19,132981,Tatianna Griffin,USA,USA,0,2,1,1,0,0,1,1,1,0,3,0,0,0,9.4,-5,-1.8,-3.2,1,FALSE,+9,9,0,0,0,0,0,0
2026-07-19,132981,Ivanna Wilson Manyacka,USA,USA,9,10,1,9,3,1,1,5,3,4,7,2,1,3,21.8,13,4.6,8.4,2,TRUE,+9,9,0,1,0,1,0,0
2026-07-19,132981,Micah Ojo,USA,USA,20,4,3,1,2,2,2,2,2,1,10,8,3,2,32,16,5.6,10.4,4,TRUE,+9,9,2,1,3,1,2,2
2026-07-19,132981,Arianna Robinson,USA,USA,14,2,1,1,1,1,0,0,5,6,7,4,0,1,17.2,0,0,0,1,FALSE,+9,9,0,0,3,0,0,2
2026-07-19,132981,Olivia Jones,USA,USA,8,4,1,3,2,1,0,0,6,4,6,2,0,3,31.4,9,3.2,5.8,1,TRUE,+9,9,0,0,2,0,2,0
2026-07-19,132981,Eve Long,USA,USA,6,3,1,2,1,0,1,5,3,4,4,1,0,3,24,5,1.8,3.2,1,TRUE,+9,9,0,0,1,0,0,0
2026-07-19,132981,Caroline Bradley,USA,USA,6,9,2,7,0,0,1,0,1,2,4,2,0,0,13.9,-4,-1.4,-2.6,1,FALSE,+9,9,0,0,2,0,0,2
2026-07-19,132981,Paula Valenzuela,ESP,Spain,9,0,0,0,1,0,0,5,1,4,6,2,1,1,28.5,-11,-7.1,-3.9,0,TRUE,-9,-9,0,1,1,0,0,0
2026-07-19,132981,Isabel Hernandez,ESP,Spain,28,4,1,3,4,8,0,2,3,1,29,12,3,5,31,-9,-5.8,-3.2,8,TRUE,-9,-9,0,3,6,1,8,0
2026-07-19,132981,Carla Cherry,ESP,Spain,6,3,1,2,2,0,0,1,3,2,11,2,0,1,21.8,1,0.6,0.4,0,FALSE,-9,-9,0,0,2,0,0,0
2026-07-19,132981,Sarai Teijeira,ESP,Spain,0,2,1,1,0,0,1,2,1,0,2,0,0,0,6.7,-9,-5.8,-3.2,1,FALSE,-9,-9,0,0,0,0,0,0
2026-07-19,132981,Trinity Ezeanatogu,ESP,Spain,9,3,1,2,0,2,0,5,1,1,11,4,0,2,26.2,5,3.2,1.8,2,TRUE,-9,-9,0,0,4,0,2,0
2026-07-19,132981,Elizabeth Abubakar,ESP,Spain,0,2,2,0,1,0,1,4,2,0,1,0,0,2,19.2,-10,-6.5,-3.5,1,FALSE,-9,-9,0,0,0,0,0,0
2026-07-19,132981,Amelia Alonso,ESP,Spain,14,11,8,3,2,0,0,5,4,2,16,6,0,0,28.8,1,0.6,0.4,0,TRUE,-9,-9,0,0,4,0,2,0
2026-07-19,132981,Ana Maria Hernanz,ESP,Spain,5,5,1,4,1,0,0,3,4,0,6,2,1,2,28.1,-5,-3.2,-1.8,0,FALSE,-9,-9,0,1,1,0,2,0
2026-07-19,132981,Anna Smykovskaia,ESP,Spain,2,5,4,1,4,1,0,2,0,0,4,1,0,0,9.4,-6,-3.9,-2.1,1,TRUE,-9,-9,0,0,1,0,0,0
