gameId,nationality,teamId,name,pId,PM,Starter,AS,BS,DR,FD,FG2A,FG2M,FG2P,FG3A,FG3M,FG3P,FGA,FGM,FTA,FTM,FTP,OR,PF,PTS,REB,ST,TO,EFF,FGIA,FGIM,FGIP,TP,mins,secs,10+ ppg,FGP,MP
114387,Australia,16,Jay Sebasio,413854,-1,FALSE,1,0,0,0,2,0,0,0,0,NA,2,0,0,0,0,1,1,0,1,1,0,1,2,0,0,8:39,8,39,0,0,8.7
114387,Australia,16,Daisy Hocking,374917,0,FALSE,0,0,0,0,1,0,0,0,0,NA,1,0,0,0,0,0,1,0,0,2,0,1,1,0,0,3:3,3,3,0,0,3
114387,Australia,16,Isabel Smith,375151,-3,TRUE,1,2,2,3,12,2,0.167,3,0,0,15,2,2,2,0.133,0,4,6,2,7,1,4,11,2,18.2,28:23,28,23,0,0.133,28.4
114387,Australia,16,Olivia Olechnowicz,375153,11,TRUE,2,0,2,5,8,2,0.25,4,2,0.5,12,4,4,3,0.25,3,1,13,5,7,5,13,8,2,25,26:2,26,2,1,0.333,26
114387,Australia,16,Jade Sherrington,374416,4,FALSE,2,0,0,0,3,3,1,4,2,0.5,7,5,0,0,0,0,1,12,0,1,1,12,3,3,100,21:23,21,23,1,0.714,21.4
114387,Australia,16,Jasmine Jones,397715,5,FALSE,3,0,4,0,0,0,NA,4,0,0,4,0,0,0,0,0,0,0,4,1,0,4,0,0,0,16:9,16,9,0,0,16.1
114387,Australia,16,Sophie Richardson,374418,0,FALSE,1,1,0,4,5,4,0.8,3,1,0.333,8,5,3,3,0.375,1,5,14,1,1,0,15,5,4,80,16:41,16,41,1,0.625,16.7
114387,Australia,16,Madison Ryan,362696,18,TRUE,4,4,1,3,9,6,0.667,1,0,0,10,6,2,2,0.2,3,1,14,4,3,3,22,9,6,66.7,27:34,27,34,1,0.6,27.6
114387,Australia,16,Lily Mapp,376691,1,FALSE,0,1,2,0,5,2,0.4,0,0,NA,5,2,0,0,0,0,2,4,2,1,1,4,5,2,40,11:49,11,49,0,0.4,11.8
114387,Australia,16,Eliza Ashby,397713,0,FALSE,1,0,1,1,0,0,NA,0,0,NA,0,0,2,2,Inf,1,2,2,2,0,0,5,0,0,0,2:38,2,38,0,NA,2.6
114387,Australia,16,Matilda Trout,397396,20,TRUE,4,0,7,6,3,2,0.667,1,1,1,4,3,5,2,0.5,2,4,9,9,0,3,15,3,2,66.7,24:58,24,58,0,0.75,25
114387,Australia,16,Jemyma Manyok,378927,0,TRUE,0,1,2,1,8,1,0.125,0,0,NA,8,1,2,0,0,6,0,2,8,0,1,1,8,1,12.5,12:41,12,41,0,0.125,12.7
114387,Latvia,610,Jelizaveta Naidjonova,396485,-6,FALSE,2,0,1,4,7,2,0.286,2,2,1,9,4,4,2,0.222,0,2,12,1,1,3,6,5,2,40,21:15,21,15,1,0.444,21.2
114387,Latvia,610,Enija Brokane,372580,-17,TRUE,2,0,0,0,0,0,NA,2,1,0.5,2,1,0,0,0,1,2,3,1,1,4,2,0,0,0,13:25,13,25,0,0.5,13.4
114387,Latvia,610,Adele Priedite,396478,-2,FALSE,0,0,0,0,0,0,NA,0,0,NA,0,0,0,0,NA,0,2,0,0,0,1,-1,0,0,0,10:29,10,29,0,NA,10.5
114387,Latvia,610,Monta Culkstena,396459,6,FALSE,1,0,1,1,0,0,NA,0,0,NA,0,0,2,1,Inf,0,2,1,1,1,1,2,0,0,0,6:41,6,41,0,NA,6.7
114387,Latvia,610,Melanija Reicela Lagunovica,418628,2,FALSE,2,0,4,2,0,0,NA,1,0,0,1,0,4,2,2,0,0,2,4,0,6,-1,0,0,0,15:16,15,16,0,0,15.3
114387,Latvia,610,Marta Arsentjeva,418536,-10,TRUE,1,1,2,1,2,0,0,1,1,1,3,1,2,2,0.667,1,1,5,3,0,0,8,2,0,0,15:16,15,16,0,0.333,15.3
114387,Latvia,610,Patricija Tikmere,396482,0,TRUE,0,0,4,5,6,1,0.167,0,0,NA,6,1,4,4,0.667,0,4,6,4,1,1,5,5,0,0,19:56,19,56,0,0.167,19.9
114387,Latvia,610,Darina Ivanova,418540,-11,FALSE,1,2,4,2,2,1,0.5,1,0,0,3,1,4,1,0.333,2,2,3,6,1,2,6,2,1,50,20:4,20,4,0,0.333,20.1
114387,Latvia,610,Laura Kikuste,417640,-1,FALSE,0,0,2,0,0,0,NA,1,0,0,1,0,0,0,0,0,0,0,2,0,4,-3,0,0,0,7:11,7,11,0,0,7.2
114387,Latvia,610,Evelina Sirsnina,396481,-9,TRUE,1,0,0,2,9,2,0.222,4,2,0.5,13,4,4,4,0.308,3,4,14,3,1,3,7,7,2,28.6,26:52,26,52,1,0.308,26.9
114387,Latvia,610,Madara Sakalova,418538,1,FALSE,2,0,7,1,2,0,0,0,0,NA,2,0,2,1,0.5,1,2,1,8,0,1,7,2,0,0,14:15,14,15,0,0,14.2
114387,Latvia,610,Sarlote Skrebele,372649,-8,TRUE,2,0,3,4,5,3,0.6,10,3,0.3,15,6,5,3,0.2,0,2,18,3,2,3,11,5,3,60,29:20,29,20,1,0.4,29.3
114390,Côte d'Ivoire,44,Salimata Kone,419020,-53,TRUE,1,0,0,1,2,0,0,1,0,0,3,0,0,0,0,0,3,0,0,1,5,-6,1,0,0,22:27,22,27,0,0,22.4
114390,Côte d'Ivoire,44,Fatima Diouf,419017,-55,TRUE,0,0,2,0,7,1,0.143,7,3,0.429,14,4,0,0,0,0,3,11,2,1,6,-2,5,0,0,26:29,26,29,1,0.286,26.5
114390,Côte d'Ivoire,44,Sarah Keita,395745,-31,TRUE,0,0,1,2,1,0,0,0,0,NA,1,0,4,0,0,3,3,0,4,0,1,-2,1,0,0,13:9,13,9,0,0,13.2
114390,Côte d'Ivoire,44,Ella Kone,394525,-30,FALSE,0,0,1,1,1,1,1,1,0,0,2,1,2,1,0.5,0,2,3,1,1,5,-2,1,1,100,11:43,11,43,0,0.5,11.7
114390,Côte d'Ivoire,44,Fatima  Konate,394918,-13,FALSE,3,0,0,1,0,0,NA,0,0,NA,0,0,2,0,NA,0,1,0,0,0,2,-1,0,0,0,5:49,5,49,0,NA,5.8
114390,Côte d'Ivoire,44,Adja Traore,394532,-2,FALSE,0,0,0,0,0,0,NA,0,0,NA,0,0,0,0,NA,0,0,0,0,0,1,-1,0,0,0,0:59,0,59,0,NA,1
114390,Côte d'Ivoire,44,Jane Mary Diomande,395280,-61,TRUE,1,1,0,4,5,0,0,1,0,0,6,0,0,0,0,1,5,0,1,4,5,-4,5,0,0,28:4,28,4,0,0,28.1
114390,Côte d'Ivoire,44,Maelhys N'dri,395285,-65,TRUE,1,2,2,1,5,2,0.4,0,0,NA,5,2,0,0,0,2,1,4,4,0,8,0,3,2,66.7,29:11,29,11,0,0.4,29.2
114390,Côte d'Ivoire,44,Abigail Dia,419023,-55,FALSE,1,0,1,4,5,2,0.4,4,0,0,9,2,2,1,0.111,1,3,5,2,0,6,-6,4,2,50,21:19,21,19,0,0.222,21.3
114390,Côte d'Ivoire,44,Lalya  Diarisso,395274,-31,FALSE,0,0,2,0,2,0,0,0,0,NA,2,0,0,0,0,0,1,0,2,0,1,-1,1,0,0,11:20,11,20,0,0,11.3
114390,Côte d'Ivoire,44,Aichata Mambone,419320,-34,FALSE,0,0,0,1,0,0,NA,0,0,NA,0,0,0,0,NA,0,1,0,0,0,0,0,0,0,0,14:3,14,3,0,NA,14.1
114390,Côte d'Ivoire,44,Aminata  Kone,395317,-35,FALSE,1,1,3,1,4,0,0,1,0,0,5,0,2,1,0.2,0,3,1,3,0,3,-3,4,0,0,15:27,15,27,0,0,15.4
114390,USA,154,Morghan Reckley,393522,35,FALSE,3,0,2,2,5,2,0.4,2,0,0,7,2,4,2,0.286,0,2,6,2,4,0,8,3,1,33.3,19:10,19,10,0,0.286,19.2
114390,USA,154,Jazman Bailey,393401,0,FALSE,0,0,0,0,0,0,NA,0,0,NA,0,0,0,0,NA,0,0,0,0,0,0,0,0,0,0,0:0,0,0,0,NA,0
114390,USA,154,Nation Williams,368603,39,FALSE,2,2,6,7,9,3,0.333,0,0,NA,9,3,8,5,0.556,5,4,11,11,6,2,21,8,3,37.5,18:7,18,7,1,0.333,18.1
114390,USA,154,Tatianna Griffin,393461,41,FALSE,4,0,3,1,13,7,0.538,1,0,0,14,7,2,1,0.071,3,0,15,6,4,1,20,7,5,71.4,19:28,19,28,1,0.5,19.5
114390,USA,154,Ivanna Wilson Manyacka,368604,49,TRUE,4,2,2,0,10,9,0.9,2,1,0.5,12,10,0,0,0,1,2,21,3,6,1,33,7,7,100,15:52,15,52,1,0.833,15.9
114390,USA,154,Micah Ojo,393521,55,TRUE,2,1,2,3,6,2,0.333,1,0,0,7,2,6,5,0.714,3,1,9,5,5,1,15,5,2,40,17:22,17,22,0,0.286,17.4
114390,USA,154,Maliya Hunter,393535,42,FALSE,2,0,2,2,5,3,0.6,2,0,0,7,3,2,0,0,7,2,6,9,3,1,13,4,2,50,19:55,19,55,0,0.429,19.9
114390,USA,154,Arianna Robinson,393523,40,FALSE,3,0,1,1,6,5,0.833,1,0,0,7,5,2,1,0.143,3,0,11,4,3,2,16,5,5,100,18:27,18,27,1,0.714,18.4
114390,USA,154,Olivia Jones,393519,53,TRUE,5,0,3,2,2,1,0.5,3,1,0.333,5,2,4,4,0.8,0,0,9,3,0,1,13,2,1,50,19:11,19,11,0,0.4,19.2
114390,USA,154,Eve Long,393520,47,TRUE,2,2,3,2,10,5,0.5,2,0,0,12,5,4,4,0.333,2,2,14,5,0,0,16,9,5,55.6,18:26,18,26,1,0.417,18.4
114390,USA,154,Nya Riak,417253,25,FALSE,0,0,4,4,2,1,0.5,2,0,0,4,1,6,2,0.5,1,2,4,5,1,0,3,2,1,50,15:59,15,59,0,0.25,16
114390,USA,154,Caroline Bradley,393404,39,TRUE,0,1,4,2,5,3,0.6,1,1,1,6,4,2,2,0.333,6,1,11,10,1,2,19,5,3,60,18:3,18,3,1,0.667,18
114406,Egypt,53,Zeina Amin,398059,-6,TRUE,3,1,4,2,6,2,0.333,0,0,NA,6,2,4,2,0.333,4,4,6,8,2,3,11,4,2,50,24:24,24,24,0,0.333,24.4
114406,Egypt,53,Habiba Soliman,398065,-5,FALSE,0,0,0,0,1,0,0,0,0,NA,1,0,0,0,0,0,2,0,0,0,0,-1,1,0,0,7:14,7,14,0,0,7.2
114406,Egypt,53,Leila  Eissa,398078,-3,TRUE,0,0,2,1,6,5,0.833,7,1,0.143,13,6,1,1,0.077,0,1,14,2,2,0,11,6,5,83.3,27:18,27,18,1,0.462,27.3
114406,Egypt,53,Habiba Gamal Rizk,417067,0,FALSE,0,0,0,0,0,0,NA,0,0,NA,0,0,0,0,NA,0,0,0,0,0,0,0,0,0,0,0:0,0,0,0,NA,0
114406,Egypt,53,Joudi Elsayed,371623,-8,TRUE,2,1,2,0,7,1,0.143,4,2,0.5,11,3,0,0,0,1,2,8,3,1,5,2,7,1,14.3,26:31,26,31,0,0.273,26.5
114406,Egypt,53,Hala Fetet,398133,0,FALSE,0,0,1,0,1,0,0,0,0,NA,1,0,0,0,0,0,0,0,1,0,0,0,1,0,0,4:18,4,18,0,0,4.3
114406,Egypt,53,Mariam Elshenawy,371622,-12,TRUE,1,0,4,5,7,3,0.429,0,0,NA,7,3,4,1,0.143,3,4,7,7,1,2,7,7,3,42.9,24:24,24,24,0,0.429,24.4
114406,Egypt,53,Jodi  Abdalla,398080,-2,FALSE,1,0,2,3,8,3,0.375,0,0,NA,8,3,6,4,0.5,1,3,10,3,1,2,6,8,3,37.5,22:26,22,26,1,0.375,22.4
114406,Egypt,53,Fatma Abdella,398067,-3,TRUE,1,0,2,3,9,4,0.444,3,1,0.333,12,5,3,3,0.25,0,1,14,2,2,3,9,9,4,44.4,19:49,19,49,1,0.417,19.8
114406,Egypt,53,Dana Abdalaa,397558,-10,FALSE,3,0,2,0,1,1,1,2,0,0,3,1,0,0,0,0,0,2,2,1,2,4,0,0,0,17:40,17,40,0,0.333,17.7
114406,Egypt,53,Hania  Hassabelnaby,398079,-13,FALSE,1,1,3,2,7,2,0.286,3,0,0,10,2,0,0,0,2,1,4,5,4,2,5,7,2,28.6,21:28,21,28,0,0.2,21.5
114406,Egypt,53,Sedra   Elshafey,398076,-8,FALSE,0,0,0,1,1,0,0,0,0,NA,1,0,0,0,0,1,0,0,1,0,0,0,1,0,0,4:28,4,28,0,0,4.5
114406,New Zealand,113,Areta Kahura,373841,-5,FALSE,1,0,1,0,4,2,0.5,2,0,0,6,2,0,0,0,0,0,4,1,0,2,0,3,1,33.3,11:19,11,19,0,0.333,11.3
114406,New Zealand,113,Charis Broughton,372748,12,TRUE,1,0,1,2,3,2,0.667,6,4,0.667,9,6,3,2,0.222,0,1,18,1,0,3,13,3,2,66.7,18:31,18,31,1,0.667,18.5
114406,New Zealand,113,Imani Rasmussen,377527,9,TRUE,1,1,7,4,14,6,0.429,0,0,NA,14,6,4,2,0.143,4,4,14,11,1,4,14,12,6,50,22:5,22,5,1,0.429,22.1
114406,New Zealand,113,Sinai Foai,413148,-4,FALSE,1,0,0,1,0,0,NA,0,0,NA,0,0,0,0,NA,0,1,0,0,0,1,0,0,0,0,7:49,7,49,0,NA,7.8
114406,New Zealand,113,Shamar Broughton,372749,0,FALSE,3,0,2,1,4,2,0.5,3,2,0.667,7,4,0,0,0,1,2,10,3,1,4,10,3,2,66.7,21:16,21,16,1,0.571,21.3
114406,New Zealand,113,Ava Jones,373843,19,TRUE,1,0,2,3,2,1,0.5,6,4,0.667,8,5,0,0,0,1,0,14,3,6,2,19,2,1,50,20:15,20,15,1,0.625,20.2
114406,New Zealand,113,Elisa Brown,392990,1,FALSE,2,0,0,0,3,2,0.667,2,0,0,5,2,0,0,0,1,1,4,1,0,2,2,3,2,66.7,10:33,10,33,0,0.4,10.6
114406,New Zealand,113,Emilia Ainley,372891,9,TRUE,2,1,4,3,3,1,0.333,0,0,NA,3,1,6,2,0.667,3,2,4,7,1,2,7,2,1,50,25:50,25,50,0,0.333,25.8
114406,New Zealand,113,Katie Moors,402764,4,FALSE,2,0,5,0,0,0,NA,1,0,0,1,0,0,0,0,0,2,0,5,1,1,6,0,0,0,12:23,12,23,0,0,12.4
114406,New Zealand,113,Sienna Maurice,373648,18,TRUE,7,0,6,1,1,1,1,2,0,0,3,1,0,0,0,0,1,2,6,0,1,12,1,1,100,23:0,23,0,0,0.333,23
114406,New Zealand,113,Madelin Eliadis,393077,1,FALSE,1,0,3,2,6,2,0.333,3,1,0.333,9,3,3,2,0.222,1,2,9,4,0,1,6,5,2,40,10:33,10,33,0,0.333,10.6
114406,New Zealand,113,Nahala Toeleiu,330556,6,FALSE,1,0,1,1,1,0,0,0,0,NA,1,0,2,0,0,2,1,0,3,1,2,0,1,0,0,16:26,16,26,0,0,16.4
114405,Italy,83,Olivia Lelli,370347,-9,FALSE,2,0,0,0,6,3,0.5,2,0,0,8,3,0,0,0,3,5,6,3,0,1,5,5,3,60,14:40,14,40,0,0.375,14.7
114405,Italy,83,Alessandra Padulo,368530,1,FALSE,1,0,4,0,1,1,1,4,0,0,5,1,0,0,0,0,4,2,4,0,2,1,0,0,0,11:13,11,13,0,0.2,11.2
114405,Italy,83,Emilia Magni,342323,-10,FALSE,2,0,1,0,3,0,0,1,0,0,4,0,0,0,0,0,1,0,1,0,0,-1,1,0,0,12:30,12,30,0,0,12.5
114405,Italy,83,Isabel Hassan,342219,-7,TRUE,2,1,4,2,7,1,0.143,6,3,0.5,13,4,2,1,0.077,0,4,12,4,1,3,7,4,1,25,25:33,25,33,1,0.308,25.6
114405,Italy,83,Sofia Zuccon,342693,-3,TRUE,0,0,10,6,12,5,0.417,0,0,NA,12,5,2,1,0.083,4,2,11,14,3,1,19,9,5,55.6,25:15,25,15,1,0.417,25.2
114405,Italy,83,Anna Sablich,367475,-9,TRUE,1,1,1,2,1,0,0,6,2,0.333,7,2,2,2,0.286,1,2,8,2,0,1,6,0,0,0,21:23,21,23,0,0.286,21.4
114405,Italy,83,Aisha Diagne,370372,5,TRUE,3,1,0,1,1,0,0,2,2,1,3,2,0,0,0,0,1,6,0,2,0,11,0,0,0,14:52,14,52,0,0.667,14.9
114405,Italy,83,Eleonora Tavella,390984,-3,FALSE,2,0,1,0,3,0,0,0,0,NA,3,0,0,0,0,0,0,0,1,0,0,0,0,0,0,9:46,9,46,0,0,9.8
114405,Italy,83,Martina Pasqualetti,369310,-12,FALSE,2,0,0,0,2,0,0,0,0,NA,2,0,0,0,0,0,1,0,0,0,0,0,0,0,0,9:58,9,58,0,0,10
114405,Italy,83,Mariana Nako Moni,369207,-16,TRUE,0,1,2,1,1,0,0,0,0,NA,1,0,2,0,0,3,3,0,5,0,4,-1,1,0,0,22:29,22,29,0,0,22.5
114405,Italy,83,Amelia Bianco Rossignoli,393427,-4,FALSE,0,0,2,0,3,1,0.333,2,0,0,5,1,0,0,0,0,0,2,2,0,1,-1,3,1,33.3,12:59,12,59,0,0.2,13
114405,Italy,83,Susanna Perego,330440,-8,FALSE,1,0,3,1,4,2,0.5,3,1,0.333,7,3,2,0,0,0,2,7,3,0,0,5,3,2,66.7,19:21,19,21,0,0.429,19.4
114405,Canada,34,Lexi Wee,392597,2,FALSE,1,0,1,1,6,1,0.167,1,0,0,7,1,0,0,0,1,0,2,2,1,1,-1,4,1,25,12:20,12,20,0,0.143,12.3
114405,Canada,34,Jordyn Nohr,368220,9,FALSE,5,0,4,0,0,0,NA,2,1,0.5,2,1,0,0,0,0,0,3,4,0,2,9,0,0,0,16:0,16,0,0,0.5,16
114405,Canada,34,Samera Jeffers,416072,0,FALSE,0,0,0,0,0,0,NA,0,0,NA,0,0,0,0,NA,0,0,0,0,0,0,0,0,0,0,0:0,0,0,0,NA,0
114405,Canada,34,Portia Reisen,392599,2,TRUE,2,0,1,1,5,2,0.4,9,3,0.333,14,5,2,1,0.071,0,0,14,1,2,1,8,2,1,50,25:42,25,42,1,0.357,25.7
114405,Canada,34,Ashley Vande Ven,392595,12,TRUE,0,0,1,1,5,1,0.2,4,1,0.25,9,2,0,0,0,1,2,5,2,0,0,0,5,1,20,19:2,19,2,0,0.222,19
114405,Canada,34,Pippa Gibb,392593,3,FALSE,4,0,2,0,1,0,0,4,2,0.5,5,2,0,0,0,2,2,6,4,2,2,11,1,0,0,16:41,16,41,0,0.4,16.7
114405,Canada,34,Avery Arije,342484,11,TRUE,2,0,5,7,9,4,0.444,2,0,0,11,4,10,9,0.818,1,1,17,6,0,3,14,6,4,66.7,26:4,26,4,1,0.364,26.1
114405,Canada,34,Grace Pongang,392596,12,FALSE,0,2,3,5,5,3,0.6,0,0,NA,5,3,5,1,0.2,1,3,7,4,1,0,8,5,3,60,16:9,16,9,0,0.6,16.1
114405,Canada,34,Emerald Nnani,392588,9,TRUE,3,0,2,4,6,2,0.333,0,0,NA,6,2,4,2,0.333,4,1,6,6,0,2,7,5,2,40,22:19,22,19,0,0.333,22.3
114405,Canada,34,Frances Vollett,392584,18,TRUE,0,1,4,3,4,0,0,1,1,1,5,1,6,5,1,4,2,8,8,0,1,11,4,0,0,23:13,23,13,0,0.2,23.2
114405,Canada,34,Sienna Morris,392594,1,FALSE,0,0,0,1,0,0,NA,0,0,NA,0,0,0,0,NA,3,1,0,3,0,1,2,0,0,0,7:11,7,11,0,NA,7.2
114405,Canada,34,Gabrielle Fajemirokun,392589,-4,FALSE,0,2,3,2,2,0,0,0,0,NA,2,0,4,1,0.5,2,1,1,5,0,1,2,2,0,0,15:19,15,19,0,0,15.3
114399,Japan,85,Aya Ishiwata,398446,-5,FALSE,0,0,1,1,1,1,1,2,0,0,3,1,1,1,0.333,0,1,3,1,0,0,2,1,1,100,7:19,7,19,0,0.333,7.3
114399,Japan,85,Honoka Yasui,398441,-7,FALSE,1,0,3,2,1,1,1,3,1,0.333,4,2,3,2,0.5,0,3,7,3,0,1,7,1,1,100,11:2,11,2,0,0.5,11
114399,Japan,85,Chihiro Ito,418551,0,FALSE,0,0,1,1,2,1,0.5,2,0,0,4,1,0,0,0,1,0,2,2,0,1,0,1,0,0,12:52,12,52,0,0.25,12.9
114399,Japan,85,Kohse Hosozawa,398437,13,TRUE,3,1,7,2,5,2,0.4,6,1,0.167,11,3,4,1,0.091,0,3,8,7,3,0,11,3,1,33.3,28:36,28,36,0,0.273,28.6
114399,Japan,85,Kiino Nakazawa,398448,14,TRUE,0,0,5,0,0,0,NA,4,0,0,4,0,0,0,0,0,1,0,5,1,0,2,0,0,0,18:4,18,4,0,0,18.1
114399,Japan,85,Rei Ando,398433,9,FALSE,1,0,3,3,0,0,NA,2,0,0,2,0,2,1,0.5,0,1,1,3,1,1,2,0,0,0,11:24,11,24,0,0,11.4
114399,Japan,85,Miya Takeuchi,398432,25,TRUE,7,0,2,2,9,5,0.556,3,1,0.333,12,6,4,3,0.25,1,3,16,3,1,2,18,7,4,57.1,28:56,28,56,1,0.5,28.9
114399,Japan,85,Kako Otsuki,418549,17,TRUE,1,0,2,4,6,2,0.333,5,3,0.6,11,5,6,3,0.273,3,3,16,5,1,2,12,6,2,33.3,19:25,19,25,1,0.455,19.4
114399,Japan,85,Nene Gondo,398431,13,FALSE,1,0,0,0,2,1,0.5,3,0,0,5,1,0,0,0,2,2,2,2,1,0,2,2,1,50,12:26,12,26,0,0.2,12.4
114399,Japan,85,Momoka Kaji,398430,-5,FALSE,0,0,1,0,1,0,0,1,0,0,2,0,0,0,0,2,0,0,3,0,1,0,1,0,0,8:36,8,36,0,0,8.6
114399,Japan,85,Sora Shimizu,398429,13,FALSE,0,0,2,1,1,0,0,0,0,NA,1,0,2,1,1,0,2,1,2,0,0,1,1,0,0,14:37,14,37,0,0,14.6
114399,Japan,85,Ran Kobayashi,398428,23,TRUE,0,0,4,5,7,4,0.571,4,1,0.25,11,5,3,3,0.273,8,4,14,12,0,2,18,7,4,57.1,26:43,26,43,1,0.455,26.7
114399,Colombia,40,Diocelin Zuniga Hurtado,404768,-5,TRUE,1,0,7,4,14,6,0.429,0,0,NA,14,6,6,1,0.071,4,4,13,11,1,1,12,14,6,42.9,28:57,28,57,1,0.429,29
114399,Colombia,40,Hannah Sofia Florez Perez,393968,-1,FALSE,0,0,0,0,0,0,NA,0,0,NA,0,0,0,0,NA,0,0,0,0,0,0,0,0,0,0,1:26,1,26,0,NA,1.4
114399,Colombia,40,Maria Superlano,404766,-17,TRUE,0,0,2,5,7,3,0.429,2,0,0,9,3,9,3,0.333,0,4,9,2,1,4,-4,4,3,75,20:38,20,38,0,0.333,20.6
114399,Colombia,40,Keren Bertel,357693,-18,TRUE,2,0,4,7,5,1,0.2,0,0,NA,5,1,10,7,1.4,1,3,9,5,0,2,7,4,1,25,25:44,25,44,0,0.2,25.7
114399,Colombia,40,Elba Escorcia,381474,-3,FALSE,0,0,0,4,2,1,0.5,1,1,1,3,2,6,6,2,1,2,11,1,0,2,9,2,1,50,19:49,19,49,1,0.667,19.8
114399,Colombia,40,Alisson Restrepo,381472,-16,TRUE,0,1,4,1,2,0,0,7,1,0.143,9,1,2,0,0,0,2,3,4,2,1,-1,0,0,0,19:3,19,3,0,0.111,19
114399,Colombia,40,Sara Murillo,381662,-8,FALSE,0,0,0,0,1,0,0,0,0,NA,1,0,0,0,0,0,0,0,0,0,0,-1,0,0,0,4:36,4,36,0,0,4.6
114399,Colombia,40,Dayra Pedroza,404769,-15,FALSE,0,0,2,0,1,0,0,1,1,1,2,1,0,0,0,0,1,3,2,1,1,4,1,0,0,17:40,17,40,0,0.5,17.7
114399,Colombia,40,Mariangel Serna,393403,-2,FALSE,4,0,1,1,2,0,0,0,0,NA,2,0,0,0,0,2,1,0,3,0,3,2,2,0,0,17:34,17,34,0,0,17.6
114399,Colombia,40,Maria Mendez,381543,-7,FALSE,0,0,0,0,1,0,0,1,0,0,2,0,0,0,0,0,1,0,0,0,0,-2,1,0,0,12:50,12,50,0,0,12.8
114399,Colombia,40,Maria Millan,381530,-6,FALSE,0,0,1,0,0,0,NA,0,0,NA,0,0,0,0,NA,0,1,0,1,0,0,1,0,0,0,6:10,6,10,0,NA,6.2
114399,Colombia,40,Mariana Paz,393402,-12,TRUE,1,1,6,1,6,0,0,0,0,NA,6,0,0,0,0,4,2,0,10,0,1,5,5,0,0,25:33,25,33,0,0,25.6
114400,Czechia,886,Sofia Robson,372072,2,TRUE,3,0,3,6,5,1,0.2,4,0,0,9,1,8,3,0.333,3,5,5,6,1,1,1,5,1,20,33:10,33,10,0,0.111,33.2
114400,Czechia,886,Dominika Pencakova,396271,-1,TRUE,4,2,4,3,12,4,0.333,12,4,0.333,24,8,6,3,0.125,4,4,23,8,2,2,18,12,4,33.3,31:31,31,31,1,0.333,31.5
114400,Czechia,886,Ema Novakova,396274,-10,TRUE,0,3,2,2,4,0,0,0,0,NA,4,0,0,0,0,0,2,0,2,2,1,2,3,0,0,22:39,22,39,0,0,22.6
114400,Czechia,886,Ema Bartosova,396277,9,TRUE,1,0,4,6,9,4,0.444,0,0,NA,9,4,2,1,0.111,5,5,9,9,2,4,11,9,4,44.4,25:14,25,14,0,0.444,25.2
114400,Czechia,886,Anezka Misikova,372423,-3,FALSE,0,0,0,1,0,0,NA,0,0,NA,0,0,2,1,Inf,1,1,1,1,0,0,1,0,0,0,3:40,3,40,0,NA,3.7
114400,Czechia,886,Tereza Sykorova,397449,0,FALSE,0,0,2,2,1,1,1,1,1,1,2,2,2,1,0.5,0,1,6,2,0,1,6,1,1,100,15:6,15,6,0,1,15.1
114400,Czechia,886,Linda Kotrcova,396282,7,TRUE,3,0,1,1,3,0,0,5,1,0.2,8,1,0,0,0,0,3,3,1,1,1,0,2,0,0,24:38,24,38,0,0.125,24.6
114400,Czechia,886,Martina Parizkova,396273,-4,FALSE,0,0,0,0,3,2,0.667,0,0,NA,3,2,0,0,0,0,1,4,0,0,0,3,3,2,66.7,5:54,5,54,0,0.667,5.9
114400,Czechia,886,Vendula Salakova,396272,-15,FALSE,1,0,0,0,2,2,1,2,0,0,4,2,0,0,0,1,1,4,1,0,6,-2,2,2,100,17:19,17,19,0,0.5,17.3
114400,Czechia,886,Laura Marcolova,396279,-14,FALSE,0,0,0,0,2,0,0,2,0,0,4,0,0,0,0,2,2,0,2,0,0,-2,2,0,0,9:42,9,42,0,0,9.7
114400,Czechia,886,Adela Ruzickova,397348,-3,FALSE,0,0,1,0,1,0,0,0,0,NA,1,0,0,0,0,0,0,0,1,0,0,0,1,0,0,4:21,4,21,0,0,4.3
114400,Czechia,886,Julie Prichystalova,396123,-8,FALSE,0,0,3,0,0,0,NA,0,0,NA,0,0,0,0,NA,0,2,0,3,1,1,3,0,0,0,6:46,6,46,0,NA,6.8
114400,Slovenia,618,Zala Canzek,419440,-3,FALSE,1,0,0,0,2,1,0.5,0,0,NA,2,1,0,0,0,1,1,2,1,1,0,4,1,1,100,7:49,7,49,0,0.5,7.8
114400,Slovenia,618,Julija Bukovec,397655,-8,FALSE,0,0,0,0,0,0,NA,2,0,0,2,0,0,0,0,1,2,0,1,0,0,-1,0,0,0,5:36,5,36,0,0,5.6
114400,Slovenia,618,Ines Fritz,397657,3,TRUE,3,0,1,2,2,1,0.5,0,0,NA,2,1,2,2,1,0,5,4,1,3,2,8,2,1,50,19:29,19,29,0,0.5,19.5
114400,Slovenia,618,Anais Gobec,397658,5,FALSE,2,2,4,6,5,1,0.2,1,0,0,6,1,9,9,1.5,1,3,11,5,4,1,18,5,1,20,19:30,19,30,1,0.167,19.5
114400,Slovenia,618,Ota Pozin,372617,13,TRUE,4,0,4,2,4,1,0.25,2,1,0.5,6,2,2,1,0.167,1,0,6,5,2,3,9,2,1,50,30:8,30,8,0,0.333,30.1
114400,Slovenia,618,Ema Stavrov,372618,-3,FALSE,0,0,4,2,7,2,0.286,1,0,0,8,2,4,2,0.25,4,2,6,8,1,1,6,4,2,50,15:4,15,4,0,0.25,15.1
114400,Slovenia,618,Marina Josipovic,397659,2,FALSE,0,1,1,2,3,1,0.333,1,1,1,4,2,4,3,0.75,0,2,8,1,0,0,7,3,1,33.3,13:37,13,37,0,0.5,13.6
114400,Slovenia,618,Ema Krzisnik,372611,-2,FALSE,1,0,2,3,1,0,0,2,0,0,3,0,4,1,0.333,0,1,1,2,1,1,-2,1,0,0,15:29,15,29,0,0,15.5
114400,Slovenia,618,Ema Lorbek,309685,4,FALSE,1,1,1,1,1,0,0,1,0,0,2,0,2,2,1,0,3,2,1,0,2,1,1,0,0,12:10,12,10,0,0,12.2
114400,Slovenia,618,Hana Jerkovic,397662,10,TRUE,5,1,4,2,5,2,0.4,2,2,1,7,4,0,0,0,1,1,10,5,0,3,15,5,2,40,19:7,19,7,1,0.571,19.1
114400,Slovenia,618,Veronika Ferjancic,397656,13,TRUE,0,3,6,5,7,3,0.429,1,0,0,8,3,10,4,0.5,0,0,10,6,0,1,7,7,3,42.9,23:39,23,39,1,0.375,23.6
114400,Slovenia,618,Zala Mali,397661,6,TRUE,0,0,0,2,3,1,0.333,0,0,NA,3,1,4,1,0.333,4,1,3,4,2,1,3,3,1,33.3,18:22,18,22,0,0.333,18.4
114391,Mexico,104,Jordan Martin,372198,-5,FALSE,0,0,2,1,0,0,NA,0,0,NA,0,0,2,1,Inf,0,1,1,2,0,1,1,0,0,0,6:3,6,3,0,NA,6
114391,Mexico,104,Mariana Diaz,372202,-24,TRUE,5,1,4,2,4,1,0.25,6,0,0,10,1,2,2,0.2,0,4,4,4,1,3,3,2,1,50,33:8,33,8,0,0.1,33.1
114391,Mexico,104,Jimena Velazquez,372193,-22,TRUE,4,0,8,3,12,4,0.333,5,1,0.2,17,5,6,4,0.235,0,4,15,8,0,0,13,11,3,27.3,33:4,33,4,1,0.294,33.1
114391,Mexico,104,Meredith Jaime,372364,0,FALSE,0,0,0,0,0,0,NA,0,0,NA,0,0,0,0,NA,0,0,0,0,0,0,0,0,0,0,0:0,0,0,0,NA,0
114391,Mexico,104,Ivanna Olalde,393870,-19,FALSE,1,1,2,1,4,2,0.5,2,1,0.5,6,3,2,2,0.333,1,1,9,3,2,0,13,2,1,50,18:59,18,59,0,0.5,19
114391,Mexico,104,Aislin Tamez,372195,-15,TRUE,3,1,5,5,9,2,0.222,2,0,0,11,2,4,2,0.182,1,3,6,6,0,1,4,8,2,25,29:38,29,38,0,0.182,29.6
114391,Mexico,104,Andrea Lopez,393997,0,FALSE,0,0,0,0,0,0,NA,0,0,NA,0,0,0,0,NA,0,0,0,0,0,0,0,0,0,0,0:0,0,0,0,NA,0
114391,Mexico,104,Yania Valverde,372209,-14,TRUE,1,0,3,0,7,2,0.286,4,1,0.25,11,3,0,0,0,0,3,7,3,2,1,4,2,1,50,24:39,24,39,0,0.273,24.6
114391,Mexico,104,Isamar Rumbo,372250,-24,FALSE,1,0,1,1,0,0,NA,4,1,0.25,4,1,0,0,0,0,2,3,1,0,0,2,0,0,0,21:46,21,46,0,0.25,21.8
114391,Mexico,104,Isabella Martinez,393869,-2,FALSE,0,0,0,1,0,0,NA,0,0,NA,0,0,0,0,NA,0,0,0,0,0,0,0,0,0,0,2:13,2,13,0,NA,2.2
114391,Mexico,104,Marisol Gomez,372249,-12,TRUE,0,2,2,1,2,0,0,3,2,0.667,5,2,0,0,0,1,4,6,3,0,1,7,0,0,0,20:53,20,53,0,0.4,20.9
114391,Mexico,104,Samantha Patino,372191,-8,FALSE,0,0,0,0,2,0,0,1,0,0,3,0,0,0,0,0,2,0,0,0,0,-3,2,0,0,9:38,9,38,0,0,9.6
114391,People 's Republic of China,39,Xuan Sun,398033,20,TRUE,3,0,3,3,1,0,0,4,3,0.75,5,3,2,0,0,0,2,9,3,0,1,10,1,0,0,31:57,31,57,0,0.6,32
114391,People 's Republic of China,39,Xinyue Wang,417553,8,FALSE,0,0,1,0,4,3,0.75,0,0,NA,4,3,0,0,0,0,1,6,1,0,0,6,4,3,75,5:47,5,47,0,0.75,5.8
114391,People 's Republic of China,39,Yu Jia,417551,19,TRUE,2,0,5,1,2,1,0.5,3,2,0.667,5,3,0,0,0,0,0,8,5,0,0,13,1,1,100,12:5,12,5,0,0.6,12.1
114391,People 's Republic of China,39,Ruoyan Sun,398031,5,FALSE,2,0,0,1,1,0,0,0,0,NA,1,0,0,0,0,0,2,0,0,1,1,1,1,0,0,6:5,6,5,0,0,6.1
114391,People 's Republic of China,39,Ying Feng,417550,16,FALSE,2,0,1,3,2,0,0,1,0,0,3,0,4,2,0.667,1,1,2,2,0,0,1,2,0,0,10:22,10,22,0,0,10.4
114391,People 's Republic of China,39,Mengjie Wu,417555,-5,TRUE,1,1,1,1,1,0,0,2,0,0,3,0,2,2,0.667,2,1,2,3,0,2,2,1,0,0,18:39,18,39,0,0,18.6
114391,People 's Republic of China,39,Yuanshan Li,398035,19,FALSE,6,1,2,4,8,6,0.75,14,3,0.214,22,9,6,3,0.136,1,0,24,3,0,0,18,8,6,75,29:51,29,51,1,0.409,29.9
114391,People 's Republic of China,39,Hanyun Sun,397968,19,TRUE,5,1,10,5,9,2,0.222,6,2,0.333,15,4,4,2,0.133,1,4,12,11,0,2,14,8,2,25,33:16,33,16,1,0.267,33.3
114391,People 's Republic of China,39,Yunshu Pang,398029,5,TRUE,0,0,7,4,9,3,0.333,0,0,NA,9,3,6,5,0.556,7,2,11,14,1,1,18,9,3,33.3,26:9,26,9,1,0.333,26.1
114391,People 's Republic of China,39,Yatong Tang,398037,28,FALSE,1,1,5,1,3,2,0.667,0,0,NA,3,2,0,0,0,1,1,4,6,0,2,9,3,2,66.7,15:43,15,43,0,0.667,15.7
114391,People 's Republic of China,39,Jiayi Wan,417552,10,FALSE,1,1,2,1,2,1,0.5,0,0,NA,2,1,2,0,0,0,1,2,2,0,0,3,1,0,0,7:34,7,34,0,0.5,7.6
114391,People 's Republic of China,39,Yiming Wang,417554,1,FALSE,0,0,3,0,0,0,NA,0,0,NA,0,0,0,0,NA,1,0,0,4,0,1,3,0,0,0,2:32,2,32,0,NA,2.5
114394,Germany,64,Amelie Mbah,367121,-14,FALSE,1,1,2,0,0,0,NA,0,0,NA,0,0,0,0,NA,1,2,0,3,0,0,5,0,0,0,12:23,12,23,0,NA,12.4
114394,Germany,64,Leonie Pfanzelt,391671,-12,FALSE,3,0,3,2,3,2,0.667,3,1,0.333,6,3,0,0,0,0,2,7,3,0,6,4,1,1,100,23:17,23,17,0,0.5,23.3
114394,Germany,64,Linda Thimm,391674,-12,FALSE,0,0,1,0,2,0,0,2,0,0,4,0,0,0,0,0,1,0,1,0,4,-7,1,0,0,11:23,11,23,0,0,11.4
114394,Germany,64,Moescha Feunou Bakam,395180,-11,FALSE,0,0,4,3,1,1,1,0,0,NA,1,1,2,0,0,1,4,2,5,1,2,4,1,1,100,14:23,14,23,0,1,14.4
114394,Germany,64,Darina Zraychenko,365850,-17,TRUE,2,0,1,3,2,0,0,4,0,0,6,0,2,1,0.167,0,2,1,1,2,3,-4,2,0,0,22:17,22,17,0,0,22.3
114394,Germany,64,Leni Schramm-Bunning,393246,-1,FALSE,0,0,2,0,0,0,NA,6,3,0.5,6,3,0,0,0,0,2,9,2,0,1,7,0,0,0,8:11,8,11,0,0.5,8.2
114394,Germany,64,Lara Gierlich,364854,-13,TRUE,1,0,3,1,0,0,NA,4,2,0.5,4,2,2,2,0.5,0,2,8,3,0,2,8,0,0,0,23:12,23,12,0,0.5,23.2
114394,Germany,64,Mia Wiegand,364994,-22,TRUE,2,0,4,3,3,2,0.667,3,0,0,6,2,3,3,0.5,1,2,7,5,0,6,4,3,2,66.7,24:14,24,14,0,0.333,24.2
114394,Germany,64,Frederike Askamp,364851,-22,TRUE,2,0,4,4,1,0,0,5,0,0,6,0,7,3,0.5,1,2,3,5,1,4,-3,1,0,0,22:15,22,15,0,0,22.2
114394,Germany,64,Mathilda Haensch,391649,-9,TRUE,2,1,0,0,0,0,NA,0,0,NA,0,0,0,0,NA,0,2,0,0,0,1,2,0,0,0,16:27,16,27,0,NA,16.4
114394,Germany,64,Nele Prowaznik,391672,-3,FALSE,0,0,2,1,0,0,NA,0,0,NA,0,0,2,1,Inf,0,2,1,2,1,0,3,0,0,0,11:11,11,11,0,NA,11.2
114394,Germany,64,Silvia Heide,364856,6,FALSE,0,1,3,3,1,0,0,1,0,0,2,0,6,2,1,0,0,2,3,0,0,0,1,0,0,10:47,10,47,0,0,10.8
114394,Spain,138,Paula Valenzuela,395390,12,FALSE,2,0,1,2,7,3,0.429,1,1,1,8,4,2,0,0,0,2,9,1,1,0,7,7,3,42.9,21:38,21,38,0,0.5,21.6
114394,Spain,138,Isabel Hernandez,395391,20,TRUE,5,0,2,2,11,8,0.727,4,0,0,15,8,2,2,0.133,0,0,18,2,2,2,18,8,6,75,22:19,22,19,1,0.533,22.3
114394,Spain,138,Carla Cherry,392047,6,FALSE,2,0,1,4,8,2,0.25,0,0,NA,8,2,2,0,0,1,1,4,2,4,2,2,7,2,28.6,18:35,18,35,0,0.25,18.6
114394,Spain,138,Ona Balleste,395392,11,TRUE,0,1,0,1,3,1,0.333,2,1,0.5,5,2,0,0,0,0,1,5,0,1,3,1,3,1,33.3,10:20,10,20,0,0.4,10.3
114394,Spain,138,Sarai Teijeira,395401,8,FALSE,0,0,0,4,4,1,0.25,0,0,NA,4,1,8,5,1.25,4,0,7,4,0,1,4,3,1,33.3,8:53,8,53,0,0.25,8.9
114394,Spain,138,Elia Pérez,373071,1,FALSE,0,0,0,0,1,0,0,3,0,0,4,0,0,0,0,0,0,0,0,0,0,-4,1,0,0,8:56,8,56,0,0,8.9
114394,Spain,138,Trinity Ezeanatogu,370376,16,TRUE,2,2,7,5,5,1,0.2,1,0,0,6,1,7,4,0.667,3,5,6,10,4,2,14,5,1,20,21:17,21,17,0,0.167,21.3
114394,Spain,138,Elizabeth Abubakar,395799,4,TRUE,0,0,2,1,2,0,0,0,0,NA,2,0,0,0,0,3,4,0,5,1,1,3,2,0,0,12:41,12,41,0,0,12.7
114394,Spain,138,Amelia Alonso,370798,13,FALSE,2,0,5,1,3,1,0.333,5,0,0,8,1,2,1,0.125,2,3,3,7,0,0,4,3,1,33.3,17:59,17,59,0,0.125,18
114394,Spain,138,Ana Maria Hernanz,417696,21,FALSE,5,0,1,0,1,1,1,5,0,0,6,1,0,0,0,5,3,2,6,5,0,13,1,1,100,21:18,21,18,0,0.167,21.3
114394,Spain,138,Sandra Davila,373075,6,TRUE,1,1,3,2,7,3,0.429,3,0,0,10,3,4,0,0,4,1,6,7,1,2,3,7,3,42.9,19:57,19,57,0,0.3,20
114394,Spain,138,Anna Smykovskaia,417675,12,FALSE,2,0,2,1,5,3,0.6,0,0,NA,5,3,0,0,0,6,0,6,8,3,0,17,5,3,60,16:7,16,7,0,0.6,16.1
114403,New Zealand,113,Areta Kahura,373841,17,FALSE,0,0,1,0,0,0,NA,6,4,0.667,6,4,0,0,0,0,0,12,1,0,0,11,0,0,0,13:2,13,2,1,0.667,13
114403,New Zealand,113,Charis Broughton,372748,-5,TRUE,1,0,2,0,3,0,0,6,0,0,9,0,0,0,0,1,0,0,3,1,1,-5,2,0,0,21:43,21,43,0,0,21.7
114403,New Zealand,113,Imani Rasmussen,377527,2,TRUE,3,0,3,7,11,5,0.455,0,0,NA,11,5,7,6,0.545,2,1,16,5,1,1,17,11,5,45.5,28:48,28,48,1,0.455,28.8
114403,New Zealand,113,Sinai Foai,413148,6,FALSE,3,0,0,0,4,0,0,1,0,0,5,0,0,0,0,2,0,0,2,1,1,0,4,0,0,10:21,10,21,0,0,10.3
114403,New Zealand,113,Shamar Broughton,372749,17,FALSE,1,0,1,1,8,4,0.5,6,2,0.333,14,6,0,0,0,1,2,14,2,1,4,6,7,4,57.1,20:29,20,29,1,0.429,20.5
114403,New Zealand,113,Ava Jones,373843,-11,TRUE,0,0,1,2,1,0,0,3,0,0,4,0,2,0,0,0,1,0,1,0,2,-7,0,0,0,9:57,9,57,0,0,9.9
114403,New Zealand,113,Elisa Brown,392990,-7,FALSE,1,0,1,0,2,1,0.5,1,0,0,3,1,0,0,0,0,0,2,1,0,4,-2,2,1,50,9:4,9,4,0,0.333,9.1
114403,New Zealand,113,Emilia Ainley,372891,-1,TRUE,1,1,8,0,5,3,0.6,0,0,NA,5,3,0,0,0,3,2,6,11,0,3,14,4,3,75,24:12,24,12,0,0.6,24.2
114403,New Zealand,113,Katie Moors,402764,17,FALSE,4,0,5,2,3,1,0.333,0,0,NA,3,1,0,0,0,4,0,2,9,4,2,15,3,1,33.3,16:40,16,40,0,0.333,16.7
114403,New Zealand,113,Sienna Maurice,373648,-3,TRUE,4,0,3,1,3,2,0.667,1,1,1,4,3,0,0,0,1,1,7,4,0,0,14,3,2,66.7,23:53,23,53,0,0.75,23.9
114403,New Zealand,113,Madelin Eliadis,393077,9,FALSE,1,0,1,1,0,0,NA,1,0,0,1,0,3,3,3,1,0,3,2,0,0,5,0,0,0,6:37,6,37,0,0,6.6
114403,New Zealand,113,Nahala Toeleiu,330556,19,FALSE,2,0,2,0,4,3,0.75,0,0,NA,4,3,0,0,0,0,0,6,2,0,0,9,4,3,75,15:15,15,15,0,0.75,15.2
114403,Italy,83,Olivia Lelli,370347,-7,FALSE,0,0,2,2,5,4,0.8,3,1,0.333,8,5,0,0,0,0,0,11,2,1,0,11,4,3,75,16:2,16,2,1,0.625,16
114403,Italy,83,Alessandra Padulo,368530,1,FALSE,1,2,4,2,3,2,0.667,2,0,0,5,2,0,0,0,1,1,4,5,0,0,9,2,2,100,20:43,20,43,0,0.4,20.7
114403,Italy,83,Emilia Magni,342323,-1,TRUE,1,0,1,0,5,0,0,5,2,0.4,10,2,0,0,0,0,1,6,1,0,2,-2,3,0,0,22:19,22,19,0,0.2,22.3
114403,Italy,83,Isabel Hassan,342219,-3,TRUE,4,1,5,2,8,3,0.375,7,3,0.429,15,6,2,1,0.067,1,2,16,6,2,3,16,6,3,50,28:54,28,54,1,0.4,28.9
114403,Italy,83,Sofia Zuccon,342693,-14,TRUE,1,1,5,0,3,1,0.333,0,0,NA,3,1,0,0,0,1,4,2,6,1,2,7,2,1,50,13:5,13,5,0,0.333,13.1
114403,Italy,83,Anna Sablich,367475,-12,FALSE,2,1,0,1,3,2,0.667,6,1,0.167,9,3,0,0,0,0,0,7,0,2,2,4,0,0,0,21:9,21,9,0,0.333,21.1
114403,Italy,83,Aisha Diagne,370372,-11,TRUE,0,0,0,0,4,0,0,1,0,0,5,0,0,0,0,2,1,0,2,2,1,-2,2,0,0,17:26,17,26,0,0,17.4
114403,Italy,83,Eleonora Tavella,390984,8,FALSE,1,0,1,0,0,0,NA,0,0,NA,0,0,0,0,NA,1,0,0,2,0,0,3,0,0,0,7:57,7,57,0,NA,8
114403,Italy,83,Martina Pasqualetti,369310,-3,FALSE,2,0,1,0,1,1,1,1,1,1,2,2,0,0,0,0,1,5,1,0,0,8,0,0,0,12:38,12,38,0,1,12.6
114403,Italy,83,Mariana Nako Moni,369207,2,TRUE,0,0,1,0,0,0,NA,0,0,NA,0,0,0,0,NA,1,3,0,2,0,0,2,0,0,0,11:0,11,0,0,NA,11
114403,Italy,83,Amelia Bianco Rossignoli,393427,-4,FALSE,1,0,1,0,1,0,0,2,0,0,3,0,0,0,0,0,0,0,1,0,2,-3,1,0,0,15:21,15,21,0,0,15.3
114403,Italy,83,Susanna Perego,330440,-16,FALSE,0,0,2,0,3,1,0.333,4,1,0.25,7,2,0,0,0,1,1,5,3,0,3,0,2,1,50,13:26,13,26,0,0.286,13.4
114408,Canada,34,Lexi Wee,392597,8,FALSE,4,0,2,4,4,0,0,1,0,0,5,0,4,2,0.4,0,1,2,2,1,3,-1,2,0,0,19:11,19,11,0,0,19.2
114408,Canada,34,Jordyn Nohr,368220,9,FALSE,0,0,2,0,6,3,0.5,4,1,0.25,10,4,0,0,0,1,0,9,3,2,0,8,3,2,66.7,20:7,20,7,0,0.4,20.1
114408,Canada,34,Samera Jeffers,416072,8,FALSE,0,0,0,1,2,0,0,0,0,NA,2,0,2,1,0.5,0,0,1,0,1,1,-2,2,0,0,9:29,9,29,0,0,9.5
114408,Canada,34,Portia Reisen,392599,7,TRUE,2,0,2,3,4,2,0.5,0,0,NA,4,2,2,2,0.5,0,4,6,2,0,0,8,4,2,50,15:59,15,59,0,0.5,16
114408,Canada,34,Ashley Vande Ven,392595,14,TRUE,2,0,8,0,3,2,0.667,8,2,0.25,11,4,0,0,0,4,2,10,12,0,2,15,3,2,66.7,24:23,24,23,1,0.364,24.4
114408,Canada,34,Pippa Gibb,392593,-2,FALSE,3,0,1,1,0,0,NA,4,0,0,4,0,2,1,0.25,1,3,1,2,0,2,-1,0,0,0,10:13,10,13,0,0,10.2
114408,Canada,34,Avery Arije,342484,16,TRUE,4,0,2,2,10,6,0.6,4,1,0.25,14,7,1,1,0.071,1,1,16,3,0,3,13,7,3,42.9,20:58,20,58,1,0.5,21
114408,Canada,34,Grace Pongang,392596,-5,FALSE,0,0,1,0,2,1,0.5,0,0,NA,2,1,0,0,0,0,2,2,1,0,0,2,2,1,50,4:16,4,16,0,0.5,4.3
114408,Canada,34,Emerald Nnani,392588,22,TRUE,1,0,2,2,4,2,0.5,0,0,NA,4,2,4,4,1,4,1,8,6,0,0,13,4,2,50,20:36,20,36,0,0.5,20.6
114408,Canada,34,Frances Vollett,392584,14,TRUE,2,0,7,4,2,2,1,3,1,0.333,5,3,8,6,1.2,2,2,13,9,0,2,18,2,2,100,24:3,24,3,1,0.6,24
114408,Canada,34,Sienna Morris,392594,-1,FALSE,1,1,5,1,3,1,0.333,0,0,NA,3,1,2,2,0.667,2,1,4,7,0,1,10,2,1,50,15:5,15,5,0,0.333,15.1
114408,Canada,34,Gabrielle Fajemirokun,392589,10,FALSE,2,1,4,2,2,0,0,0,0,NA,2,0,4,4,2,3,2,4,7,0,0,12,2,0,0,15:40,15,40,0,0,15.7
114408,Egypt,53,Hania  Hassabelnaby,398079,-8,TRUE,0,0,0,2,4,2,0.5,2,0,0,6,2,2,1,0.167,1,2,5,1,0,1,0,4,2,50,11:10,11,10,0,0.333,11.2
114408,Egypt,53,Dana Abdalaa,397558,-5,FALSE,2,0,2,1,2,1,0.5,3,0,0,5,1,0,0,0,0,1,2,2,0,1,1,2,1,50,10:35,10,35,0,0.2,10.6
114408,Egypt,53,Fatma Abdella,398067,-17,TRUE,2,0,3,3,2,0,0,5,0,0,7,0,2,1,0.143,2,1,1,5,2,2,0,1,0,0,27:22,27,22,0,0,27.4
114408,Egypt,53,Jodi  Abdalla,398080,-23,TRUE,1,1,4,2,4,2,0.5,2,0,0,6,2,4,2,0.333,1,3,6,5,0,0,7,4,2,50,27:24,27,24,0,0.333,27.4
114408,Egypt,53,Mariam Elshenawy,371622,-12,FALSE,0,0,1,2,4,0,0,3,2,0.667,7,2,4,1,0.143,3,2,7,4,0,0,3,4,0,0,25:21,25,21,0,0.286,25.4
114408,Egypt,53,Hala Fetet,398133,2,FALSE,0,0,1,0,1,1,1,1,0,0,2,1,0,0,0,0,0,2,1,0,0,2,1,1,100,3:55,3,55,0,0.5,3.9
114408,Egypt,53,Joudi Elsayed,371623,-11,FALSE,2,1,4,4,9,4,0.444,4,1,0.25,13,5,7,2,0.154,0,5,13,4,4,5,6,8,4,50,26:45,26,45,1,0.385,26.8
114408,Egypt,53,Habiba Gamal Rizk,417067,4,FALSE,1,0,1,0,1,1,1,1,1,1,2,2,0,0,0,0,0,5,1,0,0,7,1,1,100,6:58,6,58,0,1,7
114408,Egypt,53,Leila  Eissa,398078,-18,TRUE,2,0,1,1,3,1,0.333,2,1,0.5,5,2,2,0,0,0,0,5,1,1,0,4,1,1,100,23:12,23,12,0,0.4,23.2
114408,Egypt,53,Habiba Soliman,398065,-5,FALSE,0,0,2,1,1,0,0,2,1,0.5,3,1,2,0,0,1,2,3,3,0,0,2,1,0,0,13:58,13,58,0,0.333,14
114408,Egypt,53,Zeina Amin,398059,-7,TRUE,1,0,1,2,7,2,0.286,0,0,NA,7,2,4,1,0.143,1,4,5,2,1,1,0,5,2,40,16:41,16,41,0,0.286,16.7
114408,Egypt,53,Sedra   Elshafey,398076,0,FALSE,2,0,0,1,0,0,NA,1,0,0,1,0,2,2,2,1,0,2,1,0,1,3,0,0,0,6:39,6,39,0,0,6.7
114396,People 's Republic of China,39,Xuan Sun,398033,27,TRUE,4,0,5,4,6,3,0.5,5,1,0.2,11,4,0,0,0,0,2,9,5,3,1,13,6,3,50,34:8,34,8,0,0.364,34.1
114396,People 's Republic of China,39,Xinyue Wang,417553,1,FALSE,1,0,1,0,2,0,0,0,0,NA,2,0,0,0,0,0,1,0,1,0,0,0,2,0,0,4:5,4,5,0,0,4.1
114396,People 's Republic of China,39,Yu Jia,417551,-3,FALSE,0,0,0,1,1,0,0,2,0,0,3,0,2,0,0,1,1,0,1,0,0,-4,1,0,0,8:8,8,8,0,0,8.1
114396,People 's Republic of China,39,Ruoyan Sun,398031,-1,FALSE,1,0,0,0,1,0,0,0,0,NA,1,0,0,0,0,0,0,0,0,0,0,0,1,0,0,2:49,2,49,0,0,2.8
114396,People 's Republic of China,39,Ying Feng,417550,-5,FALSE,1,0,0,0,3,2,0.667,0,0,NA,3,2,0,0,0,0,0,4,0,0,0,4,3,2,66.7,7:36,7,36,0,0.667,7.6
114396,People 's Republic of China,39,Mengjie Wu,417555,32,TRUE,4,1,2,2,3,2,0.667,1,0,0,4,2,0,0,0,6,2,4,8,3,1,17,3,2,66.7,26:0,26,0,0,0.5,26
114396,People 's Republic of China,39,Yuanshan Li,398035,28,TRUE,4,0,2,1,11,5,0.455,10,4,0.4,21,9,2,1,0.048,0,1,23,2,2,3,15,10,4,40,38:7,38,7,1,0.429,38.1
114396,People 's Republic of China,39,Hanyun Sun,397968,24,TRUE,4,0,6,8,16,8,0.5,5,2,0.4,21,10,9,4,0.19,2,0,26,8,3,2,23,16,8,50,36:17,36,17,1,0.476,36.3
114396,People 's Republic of China,39,Yunshu Pang,398029,36,TRUE,0,0,4,1,9,5,0.556,2,0,0,11,5,2,1,0.091,6,4,11,10,0,1,13,9,5,55.6,31:29,31,29,1,0.455,31.5
114396,People 's Republic of China,39,Yatong Tang,398037,-8,FALSE,0,0,0,0,0,0,NA,0,0,NA,0,0,0,0,NA,1,1,0,1,2,2,1,0,0,0,5:9,5,9,0,NA,5.2
114396,People 's Republic of China,39,Jiayi Wan,417552,-3,FALSE,0,0,0,0,1,1,1,0,0,NA,1,1,0,0,0,0,0,2,0,0,0,2,1,1,100,2:50,2,50,0,1,2.8
114396,People 's Republic of China,39,Yiming Wang,417554,-3,FALSE,0,0,0,0,0,0,NA,0,0,NA,0,0,0,0,NA,0,0,0,0,0,0,0,0,0,0,3:21,3,21,0,NA,3.4
114396,Germany,64,Amelie Mbah,367121,0,FALSE,0,0,1,0,2,1,0.5,0,0,NA,2,1,0,0,0,1,0,2,2,1,1,3,2,1,50,6:45,6,45,0,0.5,6.8
114396,Germany,64,Leonie Pfanzelt,391671,-2,FALSE,6,0,2,0,4,4,1,4,2,0.5,8,6,0,0,0,1,1,14,3,0,2,19,2,2,100,22:54,22,54,1,0.75,22.9
114396,Germany,64,Linda Thimm,391674,-8,FALSE,0,0,0,0,0,0,NA,0,0,NA,0,0,0,0,NA,0,0,0,0,0,0,0,0,0,0,9:27,9,27,0,NA,9.4
114396,Germany,64,Moescha Feunou Bakam,395180,4,FALSE,0,0,2,1,2,1,0.5,0,0,NA,2,1,2,2,1,1,2,4,3,0,1,5,0,0,0,11:15,11,15,0,0.5,11.2
114396,Germany,64,Darina Zraychenko,365850,-28,TRUE,1,1,2,4,4,1,0.25,7,1,0.143,11,2,2,2,0.182,1,3,7,3,0,6,-3,3,1,33.3,27:35,27,35,0,0.182,27.6
114396,Germany,64,Leni Schramm-Bunning,393246,2,FALSE,1,1,2,0,1,0,0,1,0,0,2,0,0,0,0,0,0,0,2,0,2,0,1,0,0,8:54,8,54,0,0,8.9
114396,Germany,64,Lara Gierlich,364854,-24,TRUE,1,1,1,1,3,0,0,6,2,0.333,9,2,0,0,0,2,0,6,3,1,0,5,1,0,0,24:19,24,19,0,0.222,24.3
114396,Germany,64,Mia Wiegand,364994,-21,TRUE,1,0,2,2,4,2,0.5,5,3,0.6,9,5,3,3,0.333,0,2,16,2,2,2,15,2,1,50,25:41,25,41,1,0.556,25.7
114396,Germany,64,Frederike Askamp,364851,-16,TRUE,3,3,2,1,5,0,0,4,0,0,9,0,0,0,0,1,2,0,3,0,3,-3,3,0,0,21:9,21,9,0,0,21.1
114396,Germany,64,Mathilda Haensch,391649,-18,TRUE,0,1,3,2,5,1,0.2,0,0,NA,5,1,4,3,0.6,1,3,5,4,1,2,4,5,1,20,21:35,21,35,0,0.2,21.6
114396,Germany,64,Nele Prowaznik,391672,-7,FALSE,0,0,3,1,0,0,NA,0,0,NA,0,0,0,0,NA,0,3,0,3,0,1,2,0,0,0,11:40,11,40,0,NA,11.7
114396,Germany,64,Silvia Heide,364856,-7,FALSE,0,0,1,0,1,0,0,1,0,0,2,0,0,0,0,1,1,0,2,0,0,0,1,0,0,8:46,8,46,0,0,8.8
114393,Spain,138,Paula Valenzuela,395390,14,FALSE,3,0,4,1,3,1,0.333,5,1,0.2,8,2,2,0,0,0,3,5,4,2,3,3,3,1,33.3,18:55,18,55,0,0.25,18.9
114393,Spain,138,Isabel Hernandez,395391,23,TRUE,5,0,3,3,7,4,0.571,7,0,0,14,4,5,4,0.286,1,2,12,4,1,4,7,6,3,50,25:0,25,0,1,0.286,25
114393,Spain,138,Carla Cherry,392047,12,TRUE,2,0,0,0,4,2,0.5,2,0,0,6,2,0,0,0,2,1,4,2,1,4,1,3,1,33.3,20:56,20,56,0,0.333,20.9
114393,Spain,138,Ona Balleste,395392,0,FALSE,0,0,0,0,0,0,NA,0,0,NA,0,0,0,0,NA,0,0,0,0,0,0,0,0,0,0,0:0,0,0,0,NA,0
114393,Spain,138,Sarai Teijeira,395401,12,FALSE,0,0,0,0,1,1,1,1,1,1,2,2,0,0,0,0,0,5,0,1,0,6,1,1,100,9:8,9,8,0,1,9.1
114393,Spain,138,Elia Pérez,373071,16,FALSE,1,0,2,0,2,1,0.5,7,3,0.429,9,4,0,0,0,1,0,11,3,1,0,11,2,1,50,12:37,12,37,1,0.444,12.6
114393,Spain,138,Trinity Ezeanatogu,370376,25,TRUE,5,0,2,3,6,2,0.333,1,0,0,7,2,0,0,0,7,1,4,9,2,2,13,5,2,40,19:19,19,19,0,0.286,19.3
114393,Spain,138,Elizabeth Abubakar,395799,9,FALSE,2,2,0,1,2,0,0,0,0,NA,2,0,2,1,0.5,3,2,1,3,0,1,4,2,0,0,14:28,14,28,0,0,14.5
114393,Spain,138,Amelia Alonso,370798,21,FALSE,4,1,4,1,7,4,0.571,6,1,0.167,13,5,2,2,0.154,1,1,13,5,1,0,16,7,4,57.1,20:57,20,57,1,0.385,21
114393,Spain,138,Ana Maria Hernanz,417696,10,FALSE,1,0,3,1,2,2,1,6,2,0.333,8,4,0,0,0,2,3,10,5,3,0,15,1,1,100,21:0,21,0,1,0.5,21
114393,Spain,138,Sandra Davila,373075,11,TRUE,0,0,3,0,4,2,0.5,4,1,0.25,8,3,0,0,0,2,1,7,5,0,2,5,3,1,33.3,18:38,18,38,0,0.375,18.6
114393,Spain,138,Anna Smykovskaia,417675,22,TRUE,1,2,3,3,4,1,0.25,0,0,NA,4,1,4,1,0.25,6,2,3,9,2,1,10,4,1,25,19:3,19,3,0,0.25,19
114393,Mexico,104,Jordan Martin,372198,-8,FALSE,1,0,2,2,2,1,0.5,1,1,1,3,2,2,1,0.333,1,3,6,3,0,1,7,1,1,100,14:51,14,51,0,0.667,14.8
114393,Mexico,104,Mariana Diaz,372202,-30,TRUE,2,0,4,1,3,1,0.333,4,0,0,7,1,0,0,0,0,1,2,4,0,3,-1,2,1,50,36:17,36,17,0,0.143,36.3
114393,Mexico,104,Jimena Velazquez,372193,-28,TRUE,4,0,3,4,9,5,0.556,4,0,0,13,5,3,2,0.154,0,2,12,3,0,5,5,9,5,55.6,33:11,33,11,1,0.385,33.2
114393,Mexico,104,Meredith Jaime,372364,-11,FALSE,0,0,0,1,1,0,0,3,1,0.333,4,1,0,0,0,1,0,3,1,0,1,0,1,0,0,16:21,16,21,0,0.25,16.4
114393,Mexico,104,Ivanna Olalde,393870,-10,FALSE,1,0,3,3,2,0,0,1,0,0,3,0,2,2,0.667,1,1,2,4,3,1,6,1,0,0,19:36,19,36,0,0,19.6
114393,Mexico,104,Aislin Tamez,372195,0,FALSE,0,0,0,0,0,0,NA,0,0,NA,0,0,0,0,NA,0,0,0,0,0,0,0,0,0,0,0:0,0,0,0,NA,0
114393,Mexico,104,Andrea Lopez,393997,-5,FALSE,1,0,1,0,0,0,NA,0,0,NA,0,0,0,0,NA,0,0,0,1,0,4,-2,0,0,0,4:40,4,40,0,NA,4.7
114393,Mexico,104,Yania Valverde,372209,-27,TRUE,2,1,5,2,7,3,0.429,2,0,0,9,3,2,0,0,0,2,6,5,0,1,5,2,2,100,23:35,23,35,0,0.333,23.6
114393,Mexico,104,Isamar Rumbo,372250,-25,TRUE,2,1,2,3,2,1,0.5,4,1,0.25,6,2,0,0,0,0,2,5,2,2,3,5,2,1,50,26:46,26,46,0,0.333,26.8
114393,Mexico,104,Isabella Martinez,393869,-6,FALSE,0,0,0,0,0,0,NA,0,0,NA,0,0,0,0,NA,0,0,0,0,0,1,-1,0,0,0,2:46,2,46,0,NA,2.8
114393,Mexico,104,Marisol Gomez,372249,-15,TRUE,0,1,0,0,5,2,0.4,0,0,NA,5,2,0,0,0,0,2,4,0,1,1,2,4,2,50,15:27,15,27,0,0.4,15.4
114393,Mexico,104,Samantha Patino,372191,-10,FALSE,0,0,0,0,1,0,0,1,0,0,2,0,0,0,0,1,0,0,1,0,1,-2,1,0,0,6:31,6,31,0,0,6.5
114398,Slovenia,618,Zala Canzek,419440,-16,FALSE,0,0,1,0,3,1,0.333,1,0,0,4,1,0,0,0,0,0,2,1,0,1,-1,1,1,100,10:56,10,56,0,0.25,10.9
114398,Slovenia,618,Julija Bukovec,397655,-11,FALSE,0,0,0,0,0,0,NA,0,0,NA,0,0,0,0,NA,0,4,0,0,0,0,0,0,0,0,5:11,5,11,0,NA,5.2
114398,Slovenia,618,Ines Fritz,397657,-21,TRUE,3,0,1,1,6,1,0.167,3,1,0.333,9,2,2,1,0.111,4,3,6,5,1,1,6,6,1,16.7,24:9,24,9,0,0.222,24.1
114398,Slovenia,618,Anais Gobec,397658,-8,TRUE,2,0,6,3,5,3,0.6,2,0,0,7,3,4,4,0.571,3,3,10,9,0,4,13,4,3,75,27:49,27,49,1,0.429,27.8
114398,Slovenia,618,Ota Pozin,372617,-21,TRUE,1,0,3,0,0,0,NA,1,0,0,1,0,0,0,0,0,3,0,3,0,2,1,0,0,0,24:49,24,49,0,0,24.8
114398,Slovenia,618,Ema Stavrov,372618,-8,FALSE,0,0,4,0,5,1,0.2,0,0,NA,5,1,0,0,0,3,3,2,7,0,3,2,3,1,33.3,12:50,12,50,0,0.2,12.8
114398,Slovenia,618,Marina Josipovic,397659,-11,TRUE,2,0,0,2,7,0,0,0,0,NA,7,0,3,2,0.286,2,1,2,2,1,0,-1,7,0,0,14:12,14,12,0,0,14.2
114398,Slovenia,618,Ema Krzisnik,372611,-5,FALSE,3,1,2,2,3,0,0,5,3,0.6,8,3,4,1,0.125,1,1,10,3,0,2,7,2,0,0,22:36,22,36,1,0.375,22.6
114398,Slovenia,618,Ema Lorbek,309685,-25,FALSE,1,1,1,8,1,1,1,0,0,NA,1,1,8,8,8,0,2,10,1,0,5,8,1,1,100,15:51,15,51,1,1,15.8
114398,Slovenia,618,Hana Jerkovic,397662,0,FALSE,0,0,0,0,0,0,NA,0,0,NA,0,0,0,0,NA,0,0,0,0,0,0,0,0,0,0,0:0,0,0,0,NA,0
114398,Slovenia,618,Veronika Ferjancic,397656,-11,TRUE,3,1,9,8,9,5,0.556,1,0,0,10,5,12,7,0.7,4,1,17,13,0,4,20,9,5,55.6,29:38,29,38,1,0.5,29.6
114398,Slovenia,618,Zala Mali,397661,-13,FALSE,2,0,1,0,2,0,0,0,0,NA,2,0,0,0,0,0,0,0,1,0,0,1,0,0,0,12:0,12,0,0,0,12
114398,Japan,85,Ran Kobayashi,398428,25,TRUE,1,0,4,1,6,5,0.833,0,0,NA,6,5,1,0,0,0,3,10,4,3,0,16,6,5,83.3,20:59,20,59,1,0.833,21
114398,Japan,85,Sora Shimizu,398429,5,FALSE,0,0,0,1,0,0,NA,0,0,NA,0,0,0,0,NA,1,2,0,1,0,0,1,0,0,0,14:8,14,8,0,NA,14.1
114398,Japan,85,Momoka Kaji,398430,6,FALSE,1,0,0,0,1,0,0,1,0,0,2,0,0,0,0,0,0,0,0,0,0,-1,1,0,0,13:38,13,38,0,0,13.6
114398,Japan,85,Nene Gondo,398431,1,FALSE,0,0,1,2,2,2,1,3,2,0.667,5,4,2,1,0.2,0,3,11,1,4,1,13,2,2,100,16:16,16,16,1,0.8,16.3
114398,Japan,85,Kako Otsuki,418549,30,TRUE,1,0,3,4,5,2,0.4,6,2,0.333,11,4,7,6,0.545,0,1,16,3,1,0,13,4,2,50,24:2,24,2,1,0.364,24
114398,Japan,85,Miya Takeuchi,398432,23,TRUE,5,0,3,8,6,3,0.5,2,0,0,8,3,11,11,1.375,0,1,17,3,2,3,19,4,3,75,23:20,23,20,1,0.375,23.3
114398,Japan,85,Rei Ando,398433,16,FALSE,0,0,2,0,1,0,0,5,2,0.4,6,2,0,0,0,1,2,6,3,1,1,5,1,0,0,18:53,18,53,0,0.333,18.9
114398,Japan,85,Kiino Nakazawa,398448,21,TRUE,1,0,1,0,2,2,1,2,0,0,4,2,0,0,0,1,4,4,2,0,0,5,2,2,100,13:26,13,26,0,0.5,13.4
114398,Japan,85,Kohse Hosozawa,398437,16,TRUE,0,0,4,3,4,2,0.5,3,1,0.333,7,3,4,3,0.429,1,3,10,5,2,0,12,4,2,50,21:42,21,42,1,0.429,21.7
114398,Japan,85,Chihiro Ito,418551,-3,FALSE,0,0,0,0,2,0,0,0,0,NA,2,0,0,0,0,1,4,0,1,0,0,-1,1,0,0,12:8,12,8,0,0,12.1
114398,Japan,85,Honoka Yasui,398441,5,FALSE,5,0,0,2,4,3,0.75,5,1,0.2,9,4,2,1,0.111,0,0,10,0,0,1,8,4,3,75,16:4,16,4,1,0.444,16.1
114398,Japan,85,Aya Ishiwata,398446,5,FALSE,0,0,1,0,1,1,1,1,1,1,2,2,0,0,0,0,1,5,1,0,0,6,1,1,100,5:24,5,24,0,1,5.4
114401,Colombia,40,Mariana Paz,393402,8,TRUE,0,4,7,2,3,1,0.333,0,0,NA,3,1,4,0,0,1,4,2,8,0,2,6,3,1,33.3,26:42,26,42,0,0.333,26.7
114401,Colombia,40,Maria Millan,381530,-8,FALSE,0,0,2,0,1,0,0,1,0,0,2,0,0,0,0,0,0,0,2,0,0,0,0,0,0,5:11,5,11,0,0,5.2
114401,Colombia,40,Maria Mendez,381543,4,FALSE,1,0,1,0,2,1,0.5,3,1,0.333,5,2,0,0,0,1,2,5,2,1,1,5,2,1,50,10:1,10,1,0,0.4,10
114401,Colombia,40,Mariangel Serna,393403,3,TRUE,4,0,2,4,5,1,0.2,1,0,0,6,1,4,4,0.667,0,1,6,2,0,7,0,4,1,25,25:49,25,49,0,0.167,25.8
114401,Colombia,40,Dayra Pedroza,404769,0,FALSE,0,0,3,1,4,3,0.75,0,0,NA,4,3,2,2,0.5,0,3,8,3,0,2,8,1,1,100,22:42,22,42,0,0.75,22.7
114401,Colombia,40,Sara Murillo,381662,0,FALSE,0,0,0,0,0,0,NA,0,0,NA,0,0,0,0,NA,0,0,0,0,0,0,0,0,0,0,0:0,0,0,0,NA,0
114401,Colombia,40,Diocelin Zuniga Hurtado,404768,3,TRUE,2,1,10,3,7,3,0.429,0,0,NA,7,3,2,1,0.143,3,4,7,13,3,1,20,7,3,42.9,29:25,29,25,0,0.429,29.4
114401,Colombia,40,Hannah Sofia Florez Perez,393968,1,FALSE,0,0,0,0,0,0,NA,0,0,NA,0,0,0,0,NA,0,1,0,0,0,0,0,0,0,0,1:5,1,5,0,NA,1.1
114401,Colombia,40,Maria Superlano,404766,3,FALSE,5,0,5,2,6,1,0.167,2,0,0,8,1,4,1,0.125,1,2,3,6,0,1,3,4,1,25,14:11,14,11,0,0.125,14.2
114401,Colombia,40,Keren Bertel,357693,8,TRUE,0,0,0,8,5,2,0.4,5,1,0.2,10,3,13,8,0.8,0,2,15,0,1,1,3,3,2,66.7,22:30,22,30,1,0.3,22.5
114401,Colombia,40,Elba Escorcia,381474,1,FALSE,1,1,6,2,2,0,0,4,0,0,6,0,4,2,0.333,3,2,2,9,1,4,2,2,0,0,22:39,22,39,0,0,22.6
114401,Colombia,40,Alisson Restrepo,381472,7,TRUE,2,0,3,3,2,0,0,5,1,0.2,7,1,2,1,0.143,0,1,4,3,1,2,1,1,0,0,19:45,19,45,0,0.143,19.8
114401,Czechia,886,Ema Bartosova,396277,-6,TRUE,0,0,0,4,7,1,0.143,0,0,NA,7,1,0,0,0,2,5,2,2,1,1,-2,7,1,14.3,12:21,12,21,0,0.143,12.3
114401,Czechia,886,Ema Novakova,396274,1,TRUE,2,3,11,0,11,2,0.182,0,0,NA,11,2,0,0,0,3,3,4,14,0,5,9,10,2,20,24:44,24,44,0,0.182,24.7
114401,Czechia,886,Dominika Pencakova,396271,10,TRUE,4,0,3,1,1,0,0,17,5,0.294,18,5,2,0,0,0,3,15,3,3,3,7,1,0,0,31:15,31,15,1,0.278,31.2
114401,Czechia,886,Sofia Robson,372072,-8,TRUE,0,1,2,0,6,0,0,1,0,0,7,0,0,0,0,0,3,0,2,0,1,-5,6,0,0,18:40,18,40,0,0,18.7
114401,Czechia,886,Anezka Misikova,372423,-5,FALSE,1,0,0,0,1,0,0,2,0,0,3,0,0,0,0,0,0,0,0,0,0,-2,1,0,0,7:12,7,12,0,0,7.2
114401,Czechia,886,Tereza Sykorova,397449,-7,FALSE,1,0,1,2,2,0,0,0,0,NA,2,0,4,1,0.5,4,1,1,5,0,1,1,1,0,0,12:14,12,14,0,0,12.2
114401,Czechia,886,Linda Kotrcova,396282,-12,TRUE,2,0,3,6,8,1,0.125,4,0,0,12,1,8,7,0.583,1,2,9,4,1,3,1,7,1,14.3,32:57,32,57,0,0.083,33
114401,Czechia,886,Martina Parizkova,396273,-1,FALSE,0,0,0,0,0,0,NA,0,0,NA,0,0,0,0,NA,0,1,0,0,1,0,1,0,0,0,5:28,5,28,0,NA,5.5
114401,Czechia,886,Vendula Salakova,396272,1,FALSE,1,1,1,2,1,1,1,3,0,0,4,1,2,1,0.25,4,3,3,5,2,1,7,1,1,100,19:34,19,34,0,0.25,19.6
114401,Czechia,886,Laura Marcolova,396279,-4,FALSE,1,0,2,1,2,0,0,2,0,0,4,0,2,1,0.25,0,1,1,2,0,1,-2,0,0,0,10:2,10,2,0,0,10
114401,Czechia,886,Adela Ruzickova,397348,-5,FALSE,0,0,2,0,1,0,0,0,0,NA,1,0,0,0,0,1,0,0,3,1,0,3,1,0,0,8:43,8,43,0,0,8.7
114401,Czechia,886,Julie Prichystalova,396123,6,FALSE,0,3,4,6,9,2,0.222,0,0,NA,9,2,8,7,0.778,6,3,11,10,3,1,18,9,2,22.2,16:50,16,50,1,0.222,16.8
114386,Latvia,610,Jelizaveta Naidjonova,396485,-3,FALSE,1,0,4,4,6,3,0.5,2,0,0,8,3,2,2,0.25,0,0,8,4,1,4,5,5,3,60,18:27,18,27,0,0.375,18.4
114386,Latvia,610,Enija Brokane,372580,28,TRUE,2,0,3,1,3,1,0.333,4,1,0.25,7,2,0,0,0,3,0,5,6,0,1,7,3,1,33.3,16:3,16,3,0,0.286,16
114386,Latvia,610,Adele Priedite,396478,-6,FALSE,1,1,2,0,1,0,0,0,0,NA,1,0,0,0,0,0,3,0,2,0,0,3,1,0,0,8:58,8,58,0,0,9
114386,Latvia,610,Monta Culkstena,396459,-6,FALSE,0,0,5,0,2,0,0,1,0,0,3,0,0,0,0,0,1,0,5,2,3,1,2,0,0,9:5,9,5,0,0,9.1
114386,Latvia,610,Melanija Reicela Lagunovica,418628,10,FALSE,7,0,5,1,1,1,1,5,2,0.4,6,3,0,0,0,0,0,8,5,0,6,11,1,1,100,21:37,21,37,0,0.5,21.6
114386,Latvia,610,Marta Arsentjeva,418536,11,TRUE,0,1,2,0,2,1,0.5,0,0,NA,2,1,0,0,0,0,1,2,2,0,3,1,2,1,50,11:57,11,57,0,0.5,11.9
114386,Latvia,610,Patricija Tikmere,396482,11,TRUE,3,1,3,4,7,1,0.143,0,0,NA,7,1,2,1,0.143,6,2,3,9,3,1,11,5,0,0,19:11,19,11,0,0.143,19.2
114386,Latvia,610,Darina Ivanova,418540,14,FALSE,1,0,8,0,3,1,0.333,1,0,0,4,1,0,0,0,0,4,2,8,1,2,7,3,1,33.3,20:49,20,49,0,0.25,20.8
114386,Latvia,610,Laura Kikuste,417640,-5,FALSE,0,0,0,0,1,0,0,1,1,1,2,1,0,0,0,0,1,3,0,1,1,2,1,0,0,5:31,5,31,0,0.5,5.5
114386,Latvia,610,Evelina Sirsnina,396481,19,TRUE,3,2,1,2,6,3,0.5,3,0,0,9,3,2,1,0.111,0,3,7,1,4,3,7,6,3,50,24:46,24,46,0,0.333,24.8
114386,Latvia,610,Madara Sakalova,418538,20,FALSE,1,1,7,2,3,2,0.667,0,0,NA,3,2,1,1,0.333,0,1,5,7,1,0,14,3,2,66.7,19:5,19,5,0,0.667,19.1
114386,Latvia,610,Sarlote Skrebele,372649,32,TRUE,1,1,0,4,3,0,0,12,6,0.5,15,6,9,8,0.533,0,2,26,0,2,1,19,2,0,0,24:31,24,31,1,0.4,24.5
114386,Côte d'Ivoire,44,Salimata Kone,419020,-14,TRUE,1,0,1,2,7,0,0,0,0,NA,7,0,2,2,0.286,0,2,2,1,4,3,-2,7,0,0,25:8,25,8,0,0,25.1
114386,Côte d'Ivoire,44,Fatima Diouf,419017,-2,FALSE,1,1,0,2,10,3,0.3,6,1,0.167,16,4,5,4,0.25,1,2,13,1,2,2,3,6,1,16.7,20:47,20,47,1,0.25,20.8
114386,Côte d'Ivoire,44,Sarah Keita,395745,-11,FALSE,1,3,4,2,5,1,0.2,0,0,NA,5,1,2,0,0,4,1,2,8,2,3,7,4,1,25,23:46,23,46,0,0.2,23.8
114386,Côte d'Ivoire,44,Ella Kone,394525,-10,FALSE,1,0,3,0,2,1,0.5,0,0,NA,2,1,0,0,0,0,2,2,3,1,2,4,1,1,100,11:10,11,10,0,0.5,11.2
114386,Côte d'Ivoire,44,Fatima  Konate,394918,-5,FALSE,0,0,0,0,0,0,NA,1,0,0,1,0,0,0,0,0,1,0,0,0,0,-1,0,0,0,5:47,5,47,0,0,5.8
114386,Côte d'Ivoire,44,Adja Traore,394532,-4,FALSE,0,0,1,1,0,0,NA,0,0,NA,0,0,0,0,NA,0,0,0,1,1,2,0,0,0,0,6:20,6,20,0,NA,6.3
114386,Côte d'Ivoire,44,Jane Mary Diomande,395280,-6,TRUE,0,1,6,9,8,5,0.625,0,0,NA,8,5,13,6,0.75,1,4,16,7,1,4,11,7,5,71.4,23:40,23,40,1,0.625,23.7
114386,Côte d'Ivoire,44,Maelhys N'dri,395285,-22,TRUE,2,0,2,0,10,3,0.3,0,0,NA,10,3,0,0,0,4,2,6,6,1,3,5,7,2,28.6,31:0,31,0,0,0.3,31
114386,Côte d'Ivoire,44,Abigail Dia,419023,-27,TRUE,0,1,3,2,6,1,0.167,3,0,0,9,1,2,1,0.111,2,2,3,5,2,1,1,3,1,33.3,21:46,21,46,0,0.111,21.8
114386,Côte d'Ivoire,44,Lalya  Diarisso,395274,-10,TRUE,0,0,2,0,2,0,0,0,0,NA,2,0,0,0,0,1,0,0,3,1,2,0,2,0,0,11:1,11,1,0,0,11
114386,Côte d'Ivoire,44,Aichata Mambone,419320,-13,FALSE,0,0,0,0,0,0,NA,0,0,NA,0,0,0,0,NA,0,1,0,0,1,1,0,0,0,0,7:20,7,20,0,NA,7.3
114386,Côte d'Ivoire,44,Aminata  Kone,395317,-1,FALSE,2,0,2,0,4,0,0,1,0,0,5,0,0,0,0,0,1,0,2,3,0,2,3,0,0,12:16,12,16,0,0,12.3
114389,USA,154,Morghan Reckley,393522,6,FALSE,0,0,1,2,4,3,0.75,2,1,0.5,6,4,2,2,0.333,1,4,11,2,1,1,11,1,1,100,14:0,14,0,1,0.667,14
114389,USA,154,Jazman Bailey,393401,-3,FALSE,0,0,1,0,1,0,0,0,0,NA,1,0,0,0,0,0,1,0,1,0,2,-2,1,0,0,9:38,9,38,0,0,9.6
114389,USA,154,Nation Williams,368603,0,FALSE,1,1,2,2,11,1,0.091,1,0,0,12,1,2,1,0.083,5,3,3,7,1,0,1,11,1,9.1,17:34,17,34,0,0.083,17.6
114389,USA,154,Tatianna Griffin,393461,6,FALSE,1,0,2,0,5,2,0.4,1,1,1,6,3,0,0,0,1,2,7,3,0,1,7,3,2,66.7,10:44,10,44,0,0.5,10.7
114389,USA,154,Ivanna Wilson Manyacka,368604,-5,TRUE,3,0,5,1,10,4,0.4,5,2,0.4,15,6,0,0,0,6,2,14,11,3,2,20,9,4,44.4,31:4,31,4,1,0.4,31.1
114389,USA,154,Micah Ojo,393521,4,TRUE,3,1,2,2,6,3,0.5,3,0,0,9,3,4,4,0.444,4,2,10,6,1,1,14,5,3,60,26:13,26,13,1,0.333,26.2
114389,USA,154,Maliya Hunter,393535,-2,FALSE,0,0,0,0,1,0,0,1,0,0,2,0,0,0,0,0,1,0,0,0,0,-2,1,0,0,5:59,5,59,0,0,6
114389,USA,154,Arianna Robinson,393523,7,FALSE,0,0,3,3,3,1,0.333,0,0,NA,3,1,4,4,1.333,0,1,6,3,2,1,8,2,1,50,14:43,14,43,0,0.333,14.7
114389,USA,154,Olivia Jones,393519,-4,TRUE,4,0,1,1,3,0,0,2,0,0,5,0,0,0,0,0,0,0,1,0,0,0,2,0,0,20:16,20,16,0,0,20.3
114389,USA,154,Eve Long,393520,-1,TRUE,2,0,2,3,8,4,0.5,1,0,0,9,4,2,1,0.111,2,5,9,4,0,1,8,6,3,50,22:6,22,6,0,0.444,22.1
114389,USA,154,Nya Riak,417253,1,FALSE,0,0,1,0,0,0,NA,2,0,0,2,0,0,0,0,0,1,0,1,0,1,-2,0,0,0,4:56,4,56,0,0,4.9
114389,USA,154,Caroline Bradley,393404,1,TRUE,0,1,4,6,12,4,0.333,0,0,NA,12,4,8,6,0.5,5,1,14,9,0,1,13,7,2,28.6,22:47,22,47,1,0.333,22.8
114389,Australia,16,Jay Sebasio,413854,2,FALSE,0,0,0,1,2,1,0.5,0,0,NA,2,1,2,1,0.5,0,0,3,0,0,0,1,2,1,50,6:15,6,15,0,0.5,6.2
114389,Australia,16,Daisy Hocking,374917,0,FALSE,0,0,0,0,0,0,NA,0,0,NA,0,0,0,0,NA,0,0,0,0,0,0,0,0,0,0,0:0,0,0,0,NA,0
114389,Australia,16,Isabel Smith,375151,-3,TRUE,1,0,4,5,11,4,0.364,3,2,0.667,14,6,8,6,0.429,0,2,20,4,0,4,11,11,4,36.4,32:57,32,57,1,0.429,33
114389,Australia,16,Olivia Olechnowicz,375153,-3,TRUE,0,0,4,4,6,5,0.833,5,1,0.2,11,6,4,2,0.182,1,3,15,5,2,1,14,6,5,83.3,32:48,32,48,1,0.545,32.8
114389,Australia,16,Jade Sherrington,374416,-3,FALSE,6,0,4,0,4,1,0.25,2,0,0,6,1,0,0,0,0,0,2,4,0,3,4,4,1,25,26:37,26,37,0,0.167,26.6
114389,Australia,16,Jasmine Jones,397715,-1,FALSE,0,0,1,0,1,0,0,0,0,NA,1,0,0,0,0,0,0,0,1,0,0,0,1,0,0,5:33,5,33,0,0,5.6
114389,Australia,16,Sophie Richardson,374418,-3,FALSE,1,0,1,1,0,0,NA,4,2,0.5,4,2,0,0,0,0,3,6,1,0,1,5,0,0,0,13:57,13,57,0,0.5,13.9
114389,Australia,16,Madison Ryan,362696,3,TRUE,1,0,8,4,12,4,0.333,3,0,0,15,4,2,1,0.067,2,4,9,10,3,3,8,11,4,36.4,35:32,35,32,0,0.267,35.5
114389,Australia,16,Lily Mapp,376691,-8,FALSE,0,1,2,2,3,1,0.333,0,0,NA,3,1,4,4,1.333,1,3,6,3,1,0,9,3,1,33.3,9:52,9,52,0,0.333,9.9
114389,Australia,16,Eliza Ashby,397713,0,FALSE,0,0,0,0,0,0,NA,0,0,NA,0,0,0,0,NA,0,0,0,0,0,0,0,0,0,0,0:0,0,0,0,NA,0
114389,Australia,16,Matilda Trout,397396,4,TRUE,6,1,1,6,4,3,0.75,0,0,NA,4,3,4,3,0.75,3,3,9,4,0,2,16,4,3,75,21:38,21,38,0,0.75,21.6
114389,Australia,16,Jemyma Manyok,378927,2,TRUE,0,2,0,0,1,1,1,0,0,NA,1,1,0,0,0,1,2,2,1,0,1,4,1,1,100,14:51,14,51,0,1,14.8
114395,Germany,64,Amelie Mbah,367121,12,FALSE,0,0,3,2,2,1,0.5,0,0,NA,2,1,2,0,0,2,1,2,5,0,0,4,2,1,50,13:32,13,32,0,0.5,13.5
114395,Germany,64,Leonie Pfanzelt,391671,14,FALSE,7,0,5,2,1,1,1,4,1,0.25,5,2,2,2,0.4,1,1,7,6,3,2,18,1,1,100,24:14,24,14,0,0.4,24.2
114395,Germany,64,Linda Thimm,391674,7,FALSE,2,0,1,1,1,1,1,2,1,0.5,3,2,0,0,0,1,1,5,2,0,3,5,1,1,100,6:3,6,3,0,0.667,6
114395,Germany,64,Moescha Feunou Bakam,395180,7,FALSE,0,0,2,1,0,0,NA,0,0,NA,0,0,0,0,NA,1,0,0,3,1,4,0,0,0,0,11:32,11,32,0,NA,11.5
114395,Germany,64,Darina Zraychenko,365850,4,TRUE,0,1,4,3,7,2,0.286,10,2,0.2,17,4,6,5,0.294,1,3,15,5,1,8,0,7,2,28.6,27:42,27,42,1,0.235,27.7
114395,Germany,64,Leni Schramm-Bunning,393246,8,FALSE,0,0,0,0,1,0,0,2,2,1,3,2,0,0,0,0,0,6,0,0,1,4,1,0,0,4:54,4,54,0,0.667,4.9
114395,Germany,64,Lara Gierlich,364854,8,TRUE,1,2,3,2,4,2,0.5,5,0,0,9,2,1,1,0.111,4,2,5,7,0,4,4,4,2,50,24:20,24,20,0,0.222,24.3
114395,Germany,64,Mia Wiegand,364994,13,TRUE,3,0,5,1,3,1,0.333,4,0,0,7,1,0,0,0,1,1,2,6,2,3,4,3,1,33.3,28:22,28,22,0,0.143,28.4
114395,Germany,64,Frederike Askamp,364851,11,TRUE,3,4,12,1,7,3,0.429,4,2,0.5,11,5,0,0,0,3,3,12,15,2,6,24,7,3,42.9,27:14,27,14,1,0.455,27.2
114395,Germany,64,Mathilda Haensch,391649,7,TRUE,1,2,0,1,5,2,0.4,0,0,NA,5,2,2,1,0.2,3,2,5,3,1,2,6,5,2,40,17:32,17,32,0,0.4,17.5
114395,Germany,64,Nele Prowaznik,391672,0,FALSE,0,0,1,0,2,1,0.5,0,0,NA,2,1,0,0,0,2,0,2,3,0,4,0,2,1,50,8:45,8,45,0,0.5,8.8
114395,Germany,64,Silvia Heide,364856,4,FALSE,0,0,0,1,1,0,0,1,0,0,2,0,0,0,0,1,1,0,1,0,0,-1,1,0,0,5:50,5,50,0,0,5.8
114395,Mexico,104,Jordan Martin,372198,-14,FALSE,0,2,1,1,2,1,0.5,1,0,0,3,1,2,1,0.333,0,1,3,1,0,1,2,2,1,50,14:53,14,53,0,0.333,14.9
114395,Mexico,104,Mariana Diaz,372202,-16,TRUE,0,0,2,2,3,0,0,6,0,0,9,0,2,2,0.222,0,1,2,2,6,6,-5,3,0,0,37:35,37,35,0,0,37.6
114395,Mexico,104,Jimena Velazquez,372193,-17,TRUE,6,0,3,6,16,9,0.562,2,0,0,18,9,6,3,0.167,1,1,21,4,8,8,19,15,9,60,38:5,38,5,1,0.5,38.1
114395,Mexico,104,Meredith Jaime,372364,-4,FALSE,0,0,1,0,1,0,0,1,0,0,2,0,0,0,0,0,1,0,1,1,2,-2,1,0,0,9:44,9,44,0,0,9.7
114395,Mexico,104,Ivanna Olalde,393870,-5,FALSE,0,0,3,1,9,3,0.333,2,0,0,11,3,2,0,0,3,2,6,6,4,1,5,6,3,50,25:45,25,45,0,0.273,25.8
114395,Mexico,104,Aislin Tamez,372195,0,FALSE,0,0,0,0,0,0,NA,0,0,NA,0,0,0,0,NA,0,0,0,0,0,0,0,0,0,0,0:0,0,0,0,NA,0
114395,Mexico,104,Andrea Lopez,393997,-5,FALSE,1,0,0,1,0,0,NA,0,0,NA,0,0,0,0,NA,0,1,0,0,0,1,0,0,0,0,7:37,7,37,0,NA,7.6
114395,Mexico,104,Yania Valverde,372209,-21,TRUE,2,0,6,1,12,2,0.167,1,0,0,13,2,0,0,0,1,2,4,7,2,0,4,11,2,18.2,24:6,24,6,0,0.154,24.1
114395,Mexico,104,Isamar Rumbo,372250,-14,TRUE,2,0,3,2,1,1,1,2,1,0.5,3,2,0,0,0,0,5,5,3,4,5,8,1,1,100,24:56,24,56,0,0.667,24.9
114395,Mexico,104,Isabella Martinez,393869,-1,FALSE,0,0,0,0,0,0,NA,0,0,NA,0,0,0,0,NA,0,0,0,0,0,0,0,0,0,0,2:4,2,4,0,NA,2.1
114395,Mexico,104,Marisol Gomez,372249,-1,TRUE,0,1,0,1,1,0,0,0,0,NA,1,0,2,1,1,1,1,1,1,0,2,-1,1,0,0,7:35,7,35,0,0,7.6
114395,Mexico,104,Samantha Patino,372191,3,FALSE,0,0,0,0,3,0,0,1,0,0,4,0,0,0,0,1,0,0,1,0,0,-3,3,0,0,7:41,7,41,0,0,7.7
114392,People 's Republic of China,39,Xuan Sun,398033,-21,TRUE,5,0,1,2,0,0,NA,3,0,0,3,0,0,0,0,0,2,0,1,1,3,1,0,0,0,23:26,23,26,0,0,23.4
114392,People 's Republic of China,39,Xinyue Wang,417553,-11,FALSE,0,0,2,1,4,2,0.5,1,0,0,5,2,2,1,0.2,0,2,5,2,0,4,-1,3,1,33.3,12:7,12,7,0,0.4,12.1
114392,People 's Republic of China,39,Yu Jia,417551,-11,FALSE,1,0,1,1,1,0,0,2,0,0,3,0,0,0,0,1,2,0,2,0,1,-1,1,0,0,16:0,16,0,0,0,16
114392,People 's Republic of China,39,Ruoyan Sun,398031,-2,FALSE,0,0,0,0,0,0,NA,0,0,NA,0,0,0,0,NA,0,1,0,0,0,1,-1,0,0,0,1:33,1,33,0,NA,1.6
114392,People 's Republic of China,39,Ying Feng,417550,-29,FALSE,1,0,4,2,2,1,0.5,2,1,0.5,4,2,4,2,0.5,0,4,7,4,0,9,-1,1,0,0,27:40,27,40,0,0.5,27.7
114392,People 's Republic of China,39,Mengjie Wu,417555,-9,TRUE,0,0,0,0,2,0,0,0,0,NA,2,0,0,0,0,0,1,0,0,0,0,-2,2,0,0,12:4,12,4,0,0,12.1
114392,People 's Republic of China,39,Yuanshan Li,398035,-26,TRUE,1,0,2,3,8,3,0.375,4,0,0,12,3,2,1,0.083,3,1,7,5,3,2,4,3,2,66.7,28:16,28,16,0,0.25,28.3
114392,People 's Republic of China,39,Hanyun Sun,397968,-20,TRUE,1,0,6,3,4,3,0.75,3,0,0,7,3,2,0,0,2,3,6,8,1,2,8,4,3,75,24:1,24,1,0,0.429,24
114392,People 's Republic of China,39,Yunshu Pang,398029,-17,TRUE,0,0,1,2,4,1,0.25,1,0,0,5,1,4,1,0.2,2,4,3,3,1,2,-2,3,1,33.3,16:0,16,0,0,0.2,16
114392,People 's Republic of China,39,Yatong Tang,398037,-13,FALSE,0,0,3,0,2,1,0.5,2,1,0.5,4,2,0,0,0,0,2,5,3,0,1,5,1,1,100,19:2,19,2,0,0.5,19
114392,People 's Republic of China,39,Jiayi Wan,417552,-15,FALSE,1,1,0,2,1,1,1,0,0,NA,1,1,2,1,1,0,2,3,0,0,2,2,1,1,100,14:53,14,53,0,1,14.9
114392,People 's Republic of China,39,Yiming Wang,417554,-6,FALSE,0,2,1,0,1,0,0,0,0,NA,1,0,0,0,0,0,1,0,1,1,0,3,0,0,0,4:58,4,58,0,0,5
114392,Spain,138,Paula Valenzuela,395390,14,FALSE,3,0,2,3,3,2,0.667,2,0,0,5,2,4,3,0.6,1,2,7,3,1,1,9,3,2,66.7,19:23,19,23,0,0.4,19.4
114392,Spain,138,Isabel Hernandez,395391,28,TRUE,4,0,1,5,8,2,0.25,4,2,0.5,12,4,4,2,0.167,1,2,12,2,2,1,9,7,2,28.6,23:7,23,7,1,0.333,23.1
114392,Spain,138,Carla Cherry,392047,12,FALSE,3,0,1,2,1,0,0,0,0,NA,1,0,2,1,1,2,1,1,3,2,2,5,0,0,0,19:54,19,54,0,0,19.9
114392,Spain,138,Ona Balleste,395392,12,TRUE,1,0,1,1,4,2,0.5,2,0,0,6,2,0,0,0,0,0,4,1,2,2,2,4,2,50,9:7,9,7,0,0.333,9.1
114392,Spain,138,Sarai Teijeira,395401,14,FALSE,0,1,0,0,6,3,0.5,2,1,0.5,8,4,0,0,0,1,2,9,1,1,0,8,6,3,50,14:10,14,10,0,0.5,14.2
114392,Spain,138,Elia Pérez,373071,6,FALSE,1,0,4,1,0,0,NA,2,0,0,2,0,3,3,1.5,1,0,3,5,2,0,9,0,0,0,8:3,8,3,0,0,8.1
114392,Spain,138,Trinity Ezeanatogu,370376,33,TRUE,1,0,3,3,10,2,0.2,1,1,1,11,3,1,1,0.091,3,2,8,6,2,1,8,9,2,22.2,24:35,24,35,0,0.273,24.6
114392,Spain,138,Elizabeth Abubakar,395799,2,FALSE,0,0,1,1,3,1,0.333,0,0,NA,3,1,2,1,0.333,2,2,3,3,0,0,3,3,1,33.3,12:6,12,6,0,0.333,12.1
114392,Spain,138,Amelia Alonso,370798,20,FALSE,4,1,4,5,4,2,0.5,5,1,0.2,9,3,9,6,0.667,3,3,13,7,2,0,18,4,2,50,17:46,17,46,1,0.333,17.8
114392,Spain,138,Ana Maria Hernanz,417696,10,FALSE,0,0,1,1,0,0,NA,6,2,0.333,6,2,0,0,0,4,1,6,5,0,2,5,0,0,0,16:13,16,13,0,0.333,16.2
114392,Spain,138,Sandra Davila,373075,12,TRUE,1,0,2,0,5,0,0,2,0,0,7,0,0,0,0,3,1,0,5,2,2,-1,4,0,0,18:40,18,40,0,0,18.7
114392,Spain,138,Anna Smykovskaia,417675,17,TRUE,0,1,3,3,7,2,0.286,0,0,NA,7,2,6,2,0.286,7,0,6,10,2,1,9,7,2,28.6,16:56,16,56,0,0.286,16.9
114385,Côte d'Ivoire,44,Salimata Kone,419020,-43,TRUE,1,0,1,0,4,0,0,2,1,0.5,6,1,0,0,0,1,2,3,2,0,3,-2,2,0,0,25:2,25,2,0,0.167,25
114385,Côte d'Ivoire,44,Fatima Diouf,419017,-37,TRUE,1,0,1,4,5,2,0.4,6,1,0.167,11,3,5,4,0.364,0,1,11,1,2,1,5,5,2,40,24:34,24,34,1,0.273,24.6
114385,Côte d'Ivoire,44,Sarah Keita,395745,0,FALSE,0,0,0,0,0,0,NA,0,0,NA,0,0,0,0,NA,0,0,0,0,0,0,0,0,0,0,0:0,0,0,0,NA,0
114385,Côte d'Ivoire,44,Ella Kone,394525,-15,FALSE,1,0,2,1,2,0,0,2,0,0,4,0,0,0,0,0,2,0,2,1,0,0,2,0,0,14:19,14,19,0,0,14.3
114385,Côte d'Ivoire,44,Fatima  Konate,394918,-15,FALSE,3,0,2,0,1,0,0,0,0,NA,1,0,0,0,0,0,1,0,2,1,1,4,1,0,0,13:39,13,39,0,0,13.7
114385,Côte d'Ivoire,44,Adja Traore,394532,5,FALSE,1,0,1,0,1,0,0,0,0,NA,1,0,0,0,0,0,0,0,1,0,0,1,1,0,0,6:35,6,35,0,0,6.6
114385,Côte d'Ivoire,44,Jane Mary Diomande,395280,-41,TRUE,1,0,4,4,15,4,0.267,1,0,0,16,4,7,3,0.188,3,2,11,7,2,4,1,13,4,30.8,33:32,33,32,1,0.25,33.5
114385,Côte d'Ivoire,44,Maelhys N'dri,395285,-43,TRUE,1,0,2,0,2,0,0,0,0,NA,2,0,0,0,0,1,0,0,3,0,2,0,1,0,0,21:40,21,40,0,0,21.7
114385,Côte d'Ivoire,44,Abigail Dia,419023,-22,FALSE,1,1,1,2,6,2,0.333,4,1,0.25,10,3,2,2,0.2,1,0,9,2,1,2,5,4,1,25,20:29,20,29,0,0.3,20.5
114385,Côte d'Ivoire,44,Lalya  Diarisso,395274,-24,TRUE,1,0,5,0,5,1,0.2,1,0,0,6,1,0,0,0,0,0,2,5,0,1,2,3,1,33.3,18:42,18,42,0,0.167,18.7
114385,Côte d'Ivoire,44,Aichata Mambone,419320,-19,FALSE,0,0,2,1,0,0,NA,0,0,NA,0,0,2,1,Inf,0,2,1,2,1,1,2,0,0,0,19:49,19,49,0,NA,19.8
114385,Côte d'Ivoire,44,Aminata  Kone,395317,-6,FALSE,0,0,0,0,1,0,0,0,0,NA,1,0,0,0,0,1,0,0,1,0,0,0,1,0,0,1:39,1,39,0,0,1.6
114385,Australia,16,Jay Sebasio,413854,19,FALSE,3,0,4,0,4,3,0.75,1,0,0,5,3,0,0,0,0,0,6,4,0,3,8,3,2,66.7,19:16,19,16,0,0.6,19.3
114385,Australia,16,Daisy Hocking,374917,10,FALSE,3,0,1,1,2,0,0,2,0,0,4,0,2,1,0.25,0,2,1,1,1,1,0,2,0,0,14:47,14,47,0,0,14.8
114385,Australia,16,Isabel Smith,375151,25,TRUE,0,0,2,2,3,3,1,1,0,0,4,3,3,2,0.5,0,1,8,2,0,1,7,3,3,100,15:19,15,19,0,0.75,15.3
114385,Australia,16,Olivia Olechnowicz,375153,39,TRUE,7,0,1,1,2,2,1,4,2,0.5,6,4,2,0,0,0,0,10,1,6,1,19,2,2,100,20:13,20,13,1,0.667,20.2
114385,Australia,16,Jade Sherrington,374416,15,FALSE,4,0,1,0,0,0,NA,0,0,NA,0,0,0,0,NA,0,0,0,1,0,0,5,0,0,0,16:32,16,32,0,NA,16.5
114385,Australia,16,Jasmine Jones,397715,17,FALSE,4,0,2,0,0,0,NA,7,5,0.714,7,5,1,0,0,1,3,15,3,0,0,19,0,0,0,19:3,19,3,1,0.714,19
114385,Australia,16,Sophie Richardson,374418,21,FALSE,3,1,0,1,5,2,0.4,6,2,0.333,11,4,2,2,0.182,0,0,12,0,1,2,8,4,2,50,18:59,18,59,1,0.364,19
114385,Australia,16,Madison Ryan,362696,28,TRUE,2,1,1,1,2,2,1,3,2,0.667,5,4,2,2,0.4,1,2,12,2,2,0,18,2,2,100,10:29,10,29,1,0.8,10.5
114385,Australia,16,Lily Mapp,376691,3,FALSE,1,3,6,0,4,3,0.75,1,0,0,5,3,0,0,0,1,2,6,7,1,3,13,4,3,75,15:38,15,38,0,0.6,15.6
114385,Australia,16,Eliza Ashby,397713,18,FALSE,1,1,3,0,4,2,0.5,2,0,0,6,2,0,0,0,0,0,4,3,1,1,5,4,2,50,15:54,15,54,0,0.333,15.9
114385,Australia,16,Matilda Trout,397396,27,TRUE,3,0,4,0,3,1,0.333,1,0,0,4,1,0,0,0,2,0,2,6,1,1,8,2,1,50,14:25,14,25,0,0.25,14.4
114385,Australia,16,Jemyma Manyok,378927,38,TRUE,5,4,9,3,5,4,0.8,0,0,NA,5,4,6,5,1,2,2,13,11,0,1,30,5,4,80,19:25,19,25,1,0.8,19.4
114388,Latvia,610,Enija Brokane,372580,-32,TRUE,2,0,1,1,0,0,NA,0,0,NA,0,0,0,0,NA,0,2,0,1,1,2,2,0,0,0,14:36,14,36,0,NA,14.6
114388,Latvia,610,Jelizaveta Naidjonova,396485,-22,FALSE,1,0,2,2,6,2,0.333,1,0,0,7,2,4,4,0.571,0,0,8,2,0,2,4,4,1,25,20:18,20,18,0,0.286,20.3
114388,Latvia,610,Adele Priedite,396478,-5,FALSE,3,1,2,3,2,0,0,0,0,NA,2,0,4,1,0.5,0,3,1,2,0,2,0,2,0,0,16:51,16,51,0,0,16.9
114388,Latvia,610,Monta Culkstena,396459,-3,FALSE,2,0,2,4,1,0,0,0,0,NA,1,0,2,1,1,0,1,1,2,3,3,3,0,0,0,19:38,19,38,0,0,19.6
114388,Latvia,610,Melanija Reicela Lagunovica,418628,-17,FALSE,1,0,1,1,2,0,0,1,0,0,3,0,0,0,0,0,0,0,1,0,4,-5,1,0,0,7:37,7,37,0,0,7.6
114388,Latvia,610,Marta Arsentjeva,418536,-11,FALSE,0,1,1,0,2,0,0,0,0,NA,2,0,0,0,0,0,2,0,1,0,0,0,2,0,0,7:16,7,16,0,0,7.3
114388,Latvia,610,Patricija Tikmere,396482,-38,TRUE,3,2,8,1,1,1,1,1,0,0,2,1,2,2,1,1,4,4,9,0,2,15,1,1,100,21:47,21,47,0,0.5,21.8
114388,Latvia,610,Darina Ivanova,418540,-15,FALSE,2,2,5,1,2,2,1,0,0,NA,2,2,2,0,0,1,5,4,6,0,1,11,2,2,100,17:20,17,20,0,1,17.3
114388,Latvia,610,Laura Kikuste,417640,-14,FALSE,1,0,1,2,1,1,1,5,2,0.4,6,3,2,0,0,1,1,8,2,0,2,4,1,1,100,13:29,13,29,0,0.5,13.5
114388,Latvia,610,Evelina Sirsnina,396481,-39,TRUE,1,0,0,2,7,1,0.143,4,0,0,11,1,4,4,0.364,0,3,6,0,0,3,-6,6,0,0,21:51,21,51,0,0.091,21.9
114388,Latvia,610,Madara Sakalova,418538,-35,TRUE,1,0,2,1,4,3,0.75,0,0,NA,4,3,2,1,0.25,2,2,7,4,1,1,10,4,3,75,16:46,16,46,0,0.75,16.8
114388,Latvia,610,Sarlote Skrebele,372649,-29,TRUE,1,0,0,3,3,1,0.333,9,2,0.222,12,3,8,6,0.5,1,2,14,1,1,9,-3,3,1,33.3,22:31,22,31,1,0.25,22.5
114388,USA,154,Morghan Reckley,393522,43,TRUE,5,0,1,3,8,3,0.375,1,1,1,9,4,4,3,0.333,1,3,12,2,2,0,15,3,3,100,19:35,19,35,1,0.444,19.6
114388,USA,154,Jazman Bailey,393401,12,FALSE,3,0,2,1,1,0,0,0,0,NA,1,0,2,2,2,0,2,2,2,1,3,4,0,0,0,21:5,21,5,0,0,21.1
114388,USA,154,Nation Williams,368603,23,FALSE,1,1,3,2,10,3,0.3,1,0,0,11,3,4,2,0.182,4,4,8,7,3,1,9,9,3,33.3,18:16,18,16,0,0.273,18.3
114388,USA,154,Tatianna Griffin,393461,9,FALSE,6,0,6,2,7,3,0.429,1,0,0,8,3,4,0,0,3,1,6,9,0,2,10,6,3,50,19:28,19,28,0,0.375,19.5
114388,USA,154,Ivanna Wilson Manyacka,368604,25,TRUE,0,1,2,3,6,6,1,1,0,0,7,6,5,4,0.571,2,1,16,4,2,1,20,5,5,100,7:15,7,15,1,0.857,7.2
114388,USA,154,Micah Ojo,393521,33,TRUE,0,1,1,1,2,1,0.5,2,1,0.5,4,2,2,1,0.25,0,0,6,1,1,0,6,2,1,50,14:29,14,29,0,0.5,14.5
114388,USA,154,Maliya Hunter,393535,13,FALSE,0,1,3,1,5,2,0.4,1,0,0,6,2,2,2,0.333,2,0,6,5,0,0,8,4,2,50,22:20,22,20,0,0.333,22.3
114388,USA,154,Arianna Robinson,393523,19,FALSE,2,0,3,2,11,6,0.545,1,0,0,12,6,2,2,0.167,1,4,14,4,7,2,19,9,4,44.4,20:22,20,22,1,0.5,20.4
114388,USA,154,Olivia Jones,393519,40,TRUE,4,1,4,4,4,2,0.5,1,0,0,5,2,6,5,1,1,0,9,5,4,2,17,4,2,50,18:26,18,26,0,0.4,18.4
114388,USA,154,Eve Long,393520,26,TRUE,0,1,2,4,11,5,0.455,0,0,NA,11,5,6,4,0.364,3,4,14,5,1,1,12,10,5,50,19:21,19,21,1,0.455,19.4
114388,USA,154,Nya Riak,417253,17,FALSE,4,1,4,2,4,3,0.75,4,2,0.5,8,5,3,0,0,5,2,12,9,2,2,20,4,3,75,19:23,19,23,1,0.625,19.4
114388,USA,154,Caroline Bradley,393404,0,FALSE,0,0,0,0,0,0,NA,0,0,NA,0,0,0,0,NA,0,0,0,0,0,0,0,0,0,0,0:0,0,0,0,NA,0
114397,Japan,85,Ran Kobayashi,398428,4,TRUE,1,0,6,2,5,0,0,2,1,0.5,7,1,4,3,0.429,1,3,6,7,1,2,6,5,0,0,14:45,14,45,0,0.143,14.8
114397,Japan,85,Sora Shimizu,398429,9,FALSE,1,0,1,0,0,0,NA,0,0,NA,0,0,0,0,NA,1,2,0,2,1,1,3,0,0,0,19:38,19,38,0,NA,19.6
114397,Japan,85,Momoka Kaji,398430,15,FALSE,2,0,3,1,5,3,0.6,2,2,1,7,5,2,1,0.143,2,0,13,5,1,2,16,5,3,60,17:0,17,0,1,0.714,17
114397,Japan,85,Nene Gondo,398431,8,FALSE,0,0,1,1,0,0,NA,6,2,0.333,6,2,2,1,0.167,0,2,7,1,1,1,3,0,0,0,16:27,16,27,0,0.333,16.4
114397,Japan,85,Kako Otsuki,418549,7,TRUE,2,0,3,3,4,2,0.5,4,0,0,8,2,4,4,0.5,1,0,8,4,0,1,7,4,2,50,17:47,17,47,0,0.25,17.8
114397,Japan,85,Miya Takeuchi,398432,13,TRUE,4,0,0,4,6,3,0.5,3,1,0.333,9,4,4,4,0.444,0,1,13,0,2,1,13,4,3,75,17:13,17,13,1,0.444,17.2
114397,Japan,85,Rei Ando,398433,7,FALSE,0,0,0,1,5,3,0.6,2,0,0,7,3,0,0,0,2,3,6,2,0,0,4,5,3,60,20:28,20,28,0,0.429,20.5
114397,Japan,85,Kiino Nakazawa,398448,4,TRUE,0,0,0,0,0,0,NA,1,1,1,1,1,0,0,0,1,3,3,1,0,0,4,0,0,0,12:32,12,32,0,1,12.5
114397,Japan,85,Kohse Hosozawa,398437,11,TRUE,1,1,2,3,3,0,0,4,1,0.25,7,1,2,1,0.143,2,0,4,4,0,1,2,2,0,0,16:38,16,38,0,0.143,16.6
114397,Japan,85,Chihiro Ito,418551,8,FALSE,1,1,3,0,0,0,NA,5,1,0.2,5,1,0,0,0,0,0,3,3,2,0,6,0,0,0,17:19,17,19,0,0.2,17.3
114397,Japan,85,Honoka Yasui,398441,5,FALSE,2,1,2,3,2,0,0,4,0,0,6,0,6,5,0.833,0,3,5,2,2,2,3,1,0,0,19:29,19,29,0,0,19.5
114397,Japan,85,Aya Ishiwata,398446,9,FALSE,0,0,0,1,0,0,NA,0,0,NA,0,0,2,1,Inf,2,0,1,2,1,0,3,0,0,0,10:44,10,44,0,NA,10.7
114397,Czechia,886,Sofia Robson,372072,-3,TRUE,3,0,6,3,8,5,0.625,5,0,0,13,5,2,1,0.077,3,1,11,9,2,1,15,7,5,71.4,30:0,30,0,1,0.385,30
114397,Czechia,886,Dominika Pencakova,396271,-11,TRUE,4,0,3,2,5,2,0.4,9,2,0.222,14,4,2,2,0.143,0,2,12,3,2,3,8,4,2,50,28:55,28,55,1,0.286,28.9
114397,Czechia,886,Ema Novakova,396274,-2,TRUE,1,0,4,1,3,0,0,0,0,NA,3,0,2,2,0.667,1,2,2,5,0,3,2,1,0,0,17:11,17,11,0,0,17.2
114397,Czechia,886,Ema Bartosova,396277,-7,TRUE,1,1,4,4,7,3,0.429,0,0,NA,7,3,2,2,0.286,3,3,8,7,0,3,10,6,3,50,24:50,24,50,0,0.429,24.8
114397,Czechia,886,Anezka Misikova,372423,-12,FALSE,0,0,0,0,1,0,0,1,0,0,2,0,0,0,0,0,0,0,0,0,2,-4,1,0,0,7:29,7,29,0,0,7.5
114397,Czechia,886,Tereza Sykorova,397449,-11,FALSE,0,0,3,2,2,2,1,0,0,NA,2,2,4,3,1.5,0,1,7,3,0,1,8,2,2,100,12:45,12,45,0,1,12.8
114397,Czechia,886,Linda Kotrcova,396282,-8,TRUE,2,0,1,1,5,1,0.2,1,0,0,6,1,0,0,0,0,3,2,1,1,4,-3,2,0,0,24:29,24,29,0,0.167,24.5
114397,Czechia,886,Martina Parizkova,396273,-7,FALSE,0,0,2,0,2,0,0,2,0,0,4,0,0,0,0,1,2,0,3,0,2,-3,2,0,0,7:49,7,49,0,0,7.8
114397,Czechia,886,Vendula Salakova,396272,-11,FALSE,1,0,1,3,3,1,0.333,2,0,0,5,1,4,1,0.2,2,0,3,3,1,0,1,2,1,50,17:26,17,26,0,0.2,17.4
114397,Czechia,886,Laura Marcolova,396279,-15,FALSE,1,0,0,1,1,1,1,1,0,0,2,1,0,0,0,0,2,2,0,0,1,1,1,1,100,11:41,11,41,0,0.5,11.7
114397,Czechia,886,Adela Ruzickova,397348,-5,FALSE,0,0,0,0,1,0,0,0,0,NA,1,0,0,0,0,0,0,0,0,0,1,-2,1,0,0,6:25,6,25,0,0,6.4
114397,Czechia,886,Julie Prichystalova,396123,-8,FALSE,1,1,2,0,3,1,0.333,0,0,NA,3,1,0,0,0,1,3,2,3,0,0,5,3,1,33.3,11:0,11,0,0,0.333,11
114402,Slovenia,618,Zala Canzek,419440,4,FALSE,2,0,1,0,0,0,NA,1,0,0,1,0,0,0,0,0,0,0,1,0,0,2,0,0,0,6:2,6,2,0,0,6
114402,Slovenia,618,Julija Bukovec,397655,15,FALSE,1,0,1,0,0,0,NA,1,0,0,1,0,0,0,0,1,3,0,2,0,0,2,0,0,0,8:21,8,21,0,0,8.3
114402,Slovenia,618,Ines Fritz,397657,22,TRUE,3,0,1,3,3,2,0.667,1,0,0,4,2,2,0,0,2,2,4,3,1,1,6,3,2,66.7,26:16,26,16,0,0.5,26.3
114402,Slovenia,618,Anais Gobec,397658,14,TRUE,7,1,3,2,11,8,0.727,2,2,1,13,10,4,3,0.231,0,0,25,3,4,2,34,9,8,88.9,23:56,23,56,1,0.769,23.9
114402,Slovenia,618,Ota Pozin,372617,22,TRUE,1,1,3,2,1,1,1,5,3,0.6,6,4,2,2,0.333,1,0,13,4,2,2,17,0,0,0,30:19,30,19,1,0.667,30.3
114402,Slovenia,618,Ema Stavrov,372618,3,FALSE,2,0,3,1,5,2,0.4,2,1,0.5,7,3,2,0,0,3,3,7,6,2,3,8,4,1,25,12:46,12,46,0,0.429,12.8
114402,Slovenia,618,Marina Josipovic,397659,2,FALSE,1,1,1,1,5,2,0.4,2,0,0,7,2,2,1,0.143,0,2,5,1,0,1,1,5,2,40,13:23,13,23,0,0.286,13.4
114402,Slovenia,618,Ema Krzisnik,372611,8,FALSE,2,0,2,0,4,3,0.75,4,0,0,8,3,0,0,0,0,0,6,2,0,0,5,4,3,75,19:3,19,3,0,0.375,19
114402,Slovenia,618,Ema Lorbek,309685,0,FALSE,2,1,1,2,11,4,0.364,0,0,NA,11,4,3,2,0.182,1,2,10,2,3,0,10,10,4,40,20:37,20,37,1,0.364,20.6
114402,Slovenia,618,Hana Jerkovic,397662,0,FALSE,0,0,0,0,0,0,NA,0,0,NA,0,0,0,0,NA,0,0,0,0,0,0,0,0,0,0,0:0,0,0,0,NA,0
114402,Slovenia,618,Veronika Ferjancic,397656,15,TRUE,5,1,10,4,9,4,0.444,1,0,0,10,4,6,4,0.4,3,2,12,13,0,3,20,9,4,44.4,22:16,22,16,1,0.4,22.3
114402,Slovenia,618,Zala Mali,397661,30,TRUE,1,1,2,2,0,0,NA,2,1,0.5,2,1,2,1,0.5,2,3,4,4,2,1,9,0,0,0,17:1,17,1,0,0.5,17
114402,Colombia,40,Alisson Restrepo,381472,0,FALSE,0,0,0,0,0,0,NA,0,0,NA,0,0,0,0,NA,0,0,0,0,0,0,0,0,0,0,0:0,0,0,0,NA,0
114402,Colombia,40,Elba Escorcia,381474,-28,TRUE,2,1,5,2,4,1,0.25,1,0,0,5,1,2,2,0.4,3,0,4,8,1,1,11,2,1,50,28:20,28,20,0,0.2,28.3
114402,Colombia,40,Keren Bertel,357693,-9,TRUE,1,0,1,3,5,0,0,5,4,0.8,10,4,2,1,0.1,0,3,13,1,2,3,7,3,0,0,19:2,19,2,1,0.4,19
114402,Colombia,40,Maria Superlano,404766,-20,FALSE,3,0,0,4,9,5,0.556,5,1,0.2,14,6,3,0,0,0,1,13,0,0,3,2,6,3,50,24:17,24,17,1,0.429,24.3
114402,Colombia,40,Hannah Sofia Florez Perez,393968,-9,FALSE,0,3,2,1,3,0,0,0,0,NA,3,0,0,0,0,0,1,0,2,0,3,-1,2,0,0,14:15,14,15,0,0,14.2
114402,Colombia,40,Diocelin Zuniga Hurtado,404768,-14,TRUE,1,1,3,2,8,4,0.5,0,0,NA,8,4,3,0,0,1,1,8,4,0,2,5,8,4,50,20:30,20,30,0,0.5,20.5
114402,Colombia,40,Sara Murillo,381662,-14,FALSE,0,0,3,1,2,0,0,0,0,NA,2,0,0,0,0,1,2,0,4,0,1,1,1,0,0,13:50,13,50,0,0,13.8
114402,Colombia,40,Dayra Pedroza,404769,-1,FALSE,0,1,1,0,2,1,0.5,0,0,NA,2,1,0,0,0,1,0,2,2,0,0,4,2,1,50,11:36,11,36,0,0.5,11.6
114402,Colombia,40,Mariangel Serna,393403,-7,TRUE,3,0,0,0,2,1,0.5,1,0,0,3,1,0,0,0,0,2,2,0,1,3,1,2,1,50,15:43,15,43,0,0.333,15.7
114402,Colombia,40,Maria Mendez,381543,-8,FALSE,1,0,0,0,3,1,0.333,1,1,1,4,2,0,0,0,0,3,5,0,0,3,1,1,1,100,12:22,12,22,0,0.5,12.4
114402,Colombia,40,Maria Millan,381530,-9,FALSE,2,0,5,3,0,0,NA,5,3,0.6,5,3,2,2,0.4,2,2,11,7,1,0,19,0,0,0,20:16,20,16,1,0.6,20.3
114402,Colombia,40,Mariana Paz,393402,-16,TRUE,0,2,0,1,4,0,0,0,0,NA,4,0,2,1,0.25,1,2,1,1,1,1,-1,2,0,0,19:49,19,49,0,0,19.8
114404,Egypt,53,Hania  Hassabelnaby,398079,-5,TRUE,1,0,2,8,7,2,0.286,3,1,0.333,10,3,10,6,0.6,1,2,13,3,1,2,5,7,2,28.6,31:34,31,34,1,0.3,31.6
114404,Egypt,53,Dana Abdalaa,397558,0,FALSE,0,0,0,0,0,0,NA,0,0,NA,0,0,0,0,NA,0,0,0,0,0,0,0,0,0,0,0:0,0,0,0,NA,0
114404,Egypt,53,Fatma Abdella,398067,-18,TRUE,4,0,3,3,5,2,0.4,0,0,NA,5,2,2,0,0,0,2,4,3,0,6,0,5,2,40,33:42,33,42,0,0.4,33.7
114404,Egypt,53,Jodi  Abdalla,398080,-15,FALSE,1,0,4,4,5,1,0.2,1,0,0,6,1,0,0,0,1,4,2,5,0,0,3,5,1,20,28:30,28,30,0,0.167,28.5
114404,Egypt,53,Mariam Elshenawy,371622,-3,TRUE,1,0,6,2,6,1,0.167,0,0,NA,6,1,2,1,0.167,1,4,3,7,1,4,2,5,1,20,30:4,30,4,0,0.167,30.1
114404,Egypt,53,Hala Fetet,398133,-1,FALSE,0,0,0,0,3,1,0.333,0,0,NA,3,1,0,0,0,1,1,2,1,0,0,1,3,1,33.3,5:43,5,43,0,0.333,5.7
114404,Egypt,53,Joudi Elsayed,371623,1,FALSE,5,4,5,2,5,1,0.2,0,0,NA,5,1,4,0,0,0,4,2,5,1,3,6,5,1,20,19:2,19,2,0,0.2,19
114404,Egypt,53,Habiba Gamal Rizk,417067,0,FALSE,0,0,0,0,0,0,NA,0,0,NA,0,0,0,0,NA,0,0,0,0,0,0,0,0,0,0,0:0,0,0,0,NA,0
114404,Egypt,53,Leila  Eissa,398078,-9,TRUE,1,0,7,2,6,2,0.333,7,3,0.429,13,5,4,4,0.308,0,3,17,7,0,2,15,6,2,33.3,31:52,31,52,1,0.385,31.9
114404,Egypt,53,Habiba Soliman,398065,-2,FALSE,0,0,0,0,1,0,0,0,0,NA,1,0,0,0,0,0,0,0,0,0,0,-1,1,0,0,3:50,3,50,0,0,3.8
114404,Egypt,53,Zeina Amin,398059,-3,TRUE,0,1,2,1,5,2,0.4,0,0,NA,5,2,2,2,0.4,2,4,6,4,1,2,7,3,2,66.7,15:43,15,43,0,0.4,15.7
114404,Egypt,53,Sedra   Elshafey,398076,0,FALSE,0,0,0,0,0,0,NA,0,0,NA,0,0,0,0,NA,0,0,0,0,0,0,0,0,0,0,0:0,0,0,0,NA,0
114404,Italy,83,Olivia Lelli,370347,-5,FALSE,2,0,0,1,5,2,0.4,2,0,0,7,2,2,1,0.143,0,0,5,0,0,0,1,3,1,33.3,15:0,15,0,0,0.286,15
114404,Italy,83,Alessandra Padulo,368530,-2,FALSE,1,1,5,0,1,0,0,1,0,0,2,0,0,0,0,1,1,0,6,0,0,6,1,0,0,17:51,17,51,0,0,17.9
114404,Italy,83,Emilia Magni,342323,17,TRUE,2,0,1,5,3,1,0.333,1,1,1,4,2,10,4,1,1,5,9,2,1,2,4,2,1,50,21:54,21,54,0,0.5,21.9
114404,Italy,83,Isabel Hassan,342219,12,TRUE,0,0,6,5,8,3,0.375,8,3,0.375,16,6,7,2,0.125,7,2,17,13,3,2,16,5,3,60,30:40,30,40,1,0.375,30.7
114404,Italy,83,Sofia Zuccon,342693,-4,FALSE,1,0,9,1,3,1,0.333,2,0,0,5,1,2,2,0.4,1,1,4,10,1,1,11,3,1,33.3,19:16,19,16,0,0.2,19.3
114404,Italy,83,Anna Sablich,367475,19,FALSE,2,0,3,5,6,3,0.5,6,1,0.167,12,4,5,3,0.25,2,3,12,5,1,2,8,4,1,25,28:18,28,18,1,0.333,28.3
114404,Italy,83,Aisha Diagne,370372,8,TRUE,3,1,0,4,9,3,0.333,3,0,0,12,3,4,2,0.167,0,4,8,0,4,1,4,5,2,40,29:19,29,19,0,0.25,29.3
114404,Italy,83,Eleonora Tavella,390984,-3,FALSE,0,0,0,0,0,0,NA,1,0,0,1,0,0,0,0,0,0,0,0,0,0,-1,0,0,0,1:41,1,41,0,0,1.7
114404,Italy,83,Martina Pasqualetti,369310,-1,FALSE,1,0,0,0,0,0,NA,0,0,NA,0,0,0,0,NA,0,1,0,0,0,0,1,0,0,0,2:23,2,23,0,NA,2.4
114404,Italy,83,Mariana Nako Moni,369207,16,TRUE,2,0,0,3,6,1,0.167,0,0,NA,6,1,4,3,0.5,4,3,5,4,2,3,4,6,1,16.7,19:8,19,8,0,0.167,19.1
114404,Italy,83,Amelia Bianco Rossignoli,393427,-3,FALSE,1,0,1,0,0,0,NA,1,0,0,1,0,0,0,0,0,1,0,1,1,0,2,0,0,0,12:54,12,54,0,0,12.9
114404,Italy,83,Susanna Perego,330440,1,TRUE,0,0,1,0,1,0,0,0,0,NA,1,0,0,0,0,0,1,0,1,0,0,0,0,0,0,1:36,1,36,0,0,1.6
114407,Canada,34,Lexi Wee,392597,2,FALSE,5,0,3,4,1,0,0,2,1,0.5,3,1,2,2,0.667,0,0,5,3,0,0,11,0,0,0,19:36,19,36,0,0.333,19.6
114407,Canada,34,Jordyn Nohr,368220,6,FALSE,2,0,1,0,3,1,0.333,1,0,0,4,1,0,0,0,1,2,2,2,0,0,3,1,0,0,8:19,8,19,0,0.25,8.3
114407,Canada,34,Samera Jeffers,416072,0,FALSE,0,0,0,0,0,0,NA,0,0,NA,0,0,0,0,NA,0,0,0,0,0,0,0,0,0,0,0:0,0,0,0,NA,0
114407,Canada,34,Portia Reisen,392599,12,TRUE,2,0,1,0,8,3,0.375,9,6,0.667,17,9,0,0,0,0,3,24,1,3,3,19,4,2,50,32:35,32,35,1,0.529,32.6
114407,Canada,34,Ashley Vande Ven,392595,10,TRUE,1,2,2,0,4,2,0.5,6,3,0.5,10,5,0,0,0,1,1,13,3,1,0,15,2,2,100,27:7,27,7,1,0.5,27.1
114407,Canada,34,Pippa Gibb,392593,-4,FALSE,2,0,0,0,1,1,1,5,1,0.2,6,2,0,0,0,0,0,5,0,2,2,3,1,1,100,13:45,13,45,0,0.333,13.8
114407,Canada,34,Avery Arije,342484,6,TRUE,4,0,3,1,3,2,0.667,2,0,0,5,2,0,0,0,0,2,4,3,0,1,7,2,1,50,16:42,16,42,0,0.4,16.7
114407,Canada,34,Grace Pongang,392596,-5,FALSE,1,1,6,2,3,1,0.333,0,0,NA,3,1,2,1,0.333,2,3,3,8,0,1,9,3,1,33.3,15:14,15,14,0,0.333,15.2
114407,Canada,34,Emerald Nnani,392588,10,TRUE,1,2,5,3,11,4,0.364,1,1,1,12,5,5,3,0.25,7,3,14,12,0,0,20,10,4,40,26:26,26,26,1,0.417,26.4
114407,Canada,34,Frances Vollett,392584,3,TRUE,2,1,5,2,10,4,0.4,4,1,0.25,14,5,2,2,0.143,3,2,13,8,0,3,12,10,4,40,32:8,32,8,1,0.357,32.1
114407,Canada,34,Sienna Morris,392594,5,FALSE,1,0,0,0,2,1,0.5,0,0,NA,2,1,0,0,0,1,1,2,1,0,1,2,2,1,50,8:8,8,8,0,0.5,8.1
114407,Canada,34,Gabrielle Fajemirokun,392589,0,FALSE,0,0,0,0,0,0,NA,0,0,NA,0,0,0,0,NA,0,0,0,0,0,0,0,0,0,0,0:0,0,0,0,NA,0
114407,New Zealand,113,Areta Kahura,373841,-1,FALSE,1,0,1,0,0,0,NA,4,3,0.75,4,3,0,0,0,0,1,9,1,0,0,10,0,0,0,14:10,14,10,0,0.75,14.2
114407,New Zealand,113,Charis Broughton,372748,-7,TRUE,5,0,1,1,4,2,0.5,5,1,0.2,9,3,0,0,0,1,0,7,2,1,0,9,4,2,50,18:45,18,45,0,0.333,18.8
114407,New Zealand,113,Imani Rasmussen,377527,-17,TRUE,0,0,4,5,12,5,0.417,0,0,NA,12,5,8,4,0.333,3,4,14,7,1,2,9,11,5,45.5,25:55,25,55,1,0.417,25.9
114407,New Zealand,113,Sinai Foai,413148,9,FALSE,1,0,0,0,1,0,0,0,0,NA,1,0,0,0,0,0,0,0,0,0,0,0,1,0,0,3:59,3,59,0,0,4
114407,New Zealand,113,Shamar Broughton,372749,2,FALSE,5,0,2,2,2,1,0.5,4,0,0,6,1,4,1,0.167,0,1,3,2,0,4,-2,2,1,50,16:54,16,54,0,0.167,16.9
114407,New Zealand,113,Ava Jones,373843,-17,TRUE,1,0,2,1,4,1,0.25,3,1,0.333,7,2,2,1,0.143,1,0,6,3,0,1,3,4,1,25,22:20,22,20,0,0.286,22.3
114407,New Zealand,113,Elisa Brown,392990,1,FALSE,3,0,0,0,2,0,0,1,1,1,3,1,0,0,0,1,0,3,1,0,0,5,2,0,0,5:36,5,36,0,0.333,5.6
114407,New Zealand,113,Emilia Ainley,372891,0,TRUE,3,4,7,4,8,5,0.625,0,0,NA,8,5,5,3,0.375,1,2,13,8,0,1,22,8,5,62.5,29:47,29,47,1,0.625,29.8
114407,New Zealand,113,Katie Moors,402764,-3,FALSE,0,1,2,1,3,2,0.667,0,0,NA,3,2,2,1,0.333,0,1,5,2,2,0,8,2,2,100,14:7,14,7,0,0.667,14.1
114407,New Zealand,113,Sienna Maurice,373648,-9,TRUE,4,0,3,0,1,0,0,3,1,0.333,4,1,0,0,0,0,1,3,3,0,3,4,1,0,0,22:11,22,11,0,0.25,22.2
114407,New Zealand,113,Madelin Eliadis,393077,3,FALSE,0,0,1,2,3,2,0.667,2,1,0.5,5,3,3,2,0.4,0,2,9,1,1,0,8,3,2,66.7,14:21,14,21,0,0.6,14.3
114407,New Zealand,113,Nahala Toeleiu,330556,-6,FALSE,3,1,2,1,3,2,0.667,0,0,NA,3,2,0,0,0,0,0,4,2,0,1,8,3,2,66.7,11:55,11,55,0,0.667,11.9
132952,USA,154,Morghan Reckley,393522,45,TRUE,9,0,3,1,3,2,0.667,3,0,0,6,2,0,0,0,1,0,4,4,3,3,13,1,1,100,21:22,21,22,0,0.333,21.4
132952,USA,154,Jazman Bailey,393401,30,FALSE,5,0,3,3,2,1,0.5,0,0,NA,2,1,4,3,1.5,1,1,5,4,1,3,10,2,1,50,19:24,19,24,0,0.5,19.4
132952,USA,154,Nation Williams,368603,33,FALSE,3,4,11,3,6,4,0.667,0,0,NA,6,4,2,2,0.333,4,1,10,15,1,1,30,3,2,66.7,20:18,20,18,1,0.667,20.3
132952,USA,154,Tatianna Griffin,393461,35,FALSE,2,0,3,3,4,2,0.5,6,3,0.5,10,5,5,4,0.4,1,1,17,4,1,1,17,2,0,0,19:28,19,28,1,0.5,19.5
132952,USA,154,Ivanna Wilson Manyacka,368604,16,TRUE,1,0,0,0,2,1,0.5,2,0,0,4,1,0,0,0,0,1,2,0,1,0,1,1,1,100,10:1,10,1,0,0.25,10
132952,USA,154,Micah Ojo,393521,32,TRUE,5,3,6,0,5,2,0.4,5,3,0.6,10,5,0,0,0,4,0,13,10,2,0,28,4,2,50,14:29,14,29,1,0.5,14.5
132952,USA,154,Maliya Hunter,393535,39,FALSE,2,0,3,2,8,6,0.75,1,0,0,9,6,0,0,0,4,0,12,7,0,1,17,4,3,75,21:1,21,1,1,0.667,21
132952,USA,154,Arianna Robinson,393523,32,FALSE,3,1,0,3,7,3,0.429,3,1,0.333,10,4,5,5,0.5,2,1,14,2,1,1,14,6,3,50,16:14,16,14,1,0.4,16.2
132952,USA,154,Olivia Jones,393519,44,TRUE,4,1,3,1,4,3,0.75,5,3,0.6,9,6,0,0,0,0,0,15,3,1,0,21,4,3,75,20:10,20,10,1,0.667,20.2
132952,USA,154,Eve Long,393520,39,TRUE,2,2,5,2,6,4,0.667,2,1,0.5,8,5,3,2,0.25,2,0,13,7,1,0,21,4,3,75,19:10,19,10,1,0.625,19.2
132952,USA,154,Nya Riak,417253,35,FALSE,3,1,2,2,2,2,1,5,1,0.2,7,3,2,0,0,1,1,7,3,0,1,7,2,2,100,18:23,18,23,0,0.429,18.4
132952,USA,154,Caroline Bradley,393404,0,FALSE,0,0,0,0,0,0,NA,0,0,NA,0,0,0,0,NA,0,0,0,0,0,0,0,0,0,0,0:0,0,0,0,NA,0
132952,Mexico,104,Jordan Martin,372198,-28,FALSE,1,1,0,0,6,2,0.333,1,0,0,7,2,0,0,0,3,5,4,3,1,1,4,4,2,50,16:11,16,11,0,0.286,16.2
132952,Mexico,104,Mariana Diaz,372202,-72,TRUE,1,0,4,3,6,2,0.333,7,3,0.429,13,5,3,1,0.077,0,1,14,4,2,5,6,3,1,33.3,37:23,37,23,1,0.385,37.4
132952,Mexico,104,Jimena Velazquez,372193,-59,TRUE,3,0,4,1,16,3,0.188,6,2,0.333,22,5,2,0,0,1,2,12,5,1,5,-3,14,3,21.4,34:12,34,12,1,0.227,34.2
132952,Mexico,104,Meredith Jaime,372364,-27,FALSE,0,0,1,0,2,0,0,2,0,0,4,0,0,0,0,0,1,0,1,0,1,-4,2,0,0,13:13,13,13,0,0,13.2
132952,Mexico,104,Ivanna Olalde,393870,-28,FALSE,2,0,3,0,4,0,0,0,0,NA,4,0,0,0,0,4,4,0,7,1,1,5,1,0,0,18:0,18,0,0,0,18
132952,Mexico,104,Aislin Tamez,372195,0,FALSE,0,0,0,0,0,0,NA,0,0,NA,0,0,0,0,NA,0,0,0,0,0,0,0,0,0,0,0:0,0,0,0,NA,0
132952,Mexico,104,Andrea Lopez,393997,-14,FALSE,0,0,0,0,0,0,NA,1,0,0,1,0,0,0,0,0,1,0,0,0,2,-3,0,0,0,8:42,8,42,0,0,8.7
132952,Mexico,104,Yania Valverde,372209,-38,TRUE,1,0,1,0,6,1,0.167,0,0,NA,6,1,0,0,0,2,2,2,3,0,2,-1,3,0,0,17:20,17,20,0,0.167,17.3
132952,Mexico,104,Isamar Rumbo,372250,-45,TRUE,2,0,1,1,1,0,0,5,0,0,6,0,0,0,0,1,1,0,2,0,2,-4,1,0,0,20:14,20,14,0,0,20.2
132952,Mexico,104,Isabella Martinez,393869,-11,FALSE,0,0,0,0,0,0,NA,0,0,NA,0,0,0,0,NA,0,0,0,0,0,0,0,0,0,0,6:16,6,16,0,NA,6.3
132952,Mexico,104,Marisol Gomez,372249,-36,TRUE,0,0,2,1,7,2,0.286,0,0,NA,7,2,2,0,0,1,2,4,3,0,0,0,3,1,33.3,19:32,19,32,0,0.286,19.5
132952,Mexico,104,Samantha Patino,372191,-22,FALSE,1,0,1,0,1,0,0,0,0,NA,1,0,0,0,0,1,1,0,2,0,0,2,1,0,0,8:57,8,57,0,0,8.9
132954,Latvia,610,Jelizaveta Naidjonova,396485,-9,FALSE,4,1,0,2,13,7,0.538,2,0,0,15,7,2,1,0.067,1,2,15,1,1,4,9,12,7,58.3,23:2,23,2,1,0.467,23
132954,Latvia,610,Enija Brokane,372580,-9,FALSE,1,0,3,0,1,1,1,0,0,NA,1,1,0,0,0,0,1,2,3,0,1,5,0,0,0,11:50,11,50,0,1,11.8
132954,Latvia,610,Adele Priedite,396478,1,FALSE,5,0,2,0,3,2,0.667,1,0,0,4,2,0,0,0,0,2,4,2,0,2,7,3,2,66.7,18:23,18,23,0,0.5,18.4
132954,Latvia,610,Monta Culkstena,396459,-14,TRUE,2,0,0,0,5,3,0.6,0,0,NA,5,3,0,0,0,2,3,6,2,3,2,9,5,3,60,23:14,23,14,0,0.6,23.2
132954,Latvia,610,Melanija Reicela Lagunovica,418628,0,FALSE,0,0,0,0,0,0,NA,0,0,NA,0,0,0,0,NA,0,0,0,0,0,0,0,0,0,0,0:0,0,0,0,NA,0
132954,Latvia,610,Marta Arsentjeva,418536,-8,TRUE,1,0,0,0,1,0,0,0,0,NA,1,0,0,0,0,0,0,0,0,0,1,-1,1,0,0,5:7,5,7,0,0,5.1
132954,Latvia,610,Patricija Tikmere,396482,-12,TRUE,0,0,2,4,9,3,0.333,0,0,NA,9,3,3,3,0.333,1,2,9,3,1,3,4,7,3,42.9,24:34,24,34,0,0.333,24.6
132954,Latvia,610,Darina Ivanova,418540,-11,FALSE,2,0,3,2,2,0,0,0,0,NA,2,0,2,1,0.5,1,2,1,4,0,1,3,2,0,0,15:26,15,26,0,0,15.4
132954,Latvia,610,Laura Kikuste,417640,7,FALSE,0,0,1,0,0,0,NA,3,0,0,3,0,0,0,0,1,0,0,2,0,1,-2,0,0,0,4:42,4,42,0,0,4.7
132954,Latvia,610,Evelina Sirsnina,396481,-26,TRUE,1,0,0,1,8,3,0.375,2,2,1,10,5,0,0,0,1,2,12,1,1,2,8,7,3,42.9,25:37,25,37,1,0.5,25.6
132954,Latvia,610,Madara Sakalova,418538,-16,FALSE,0,0,3,1,3,0,0,0,0,NA,3,0,0,0,0,1,1,0,4,0,2,-1,3,0,0,16:30,16,30,0,0,16.5
132954,Latvia,610,Sarlote Skrebele,372649,-18,TRUE,3,0,3,8,6,3,0.5,6,0,0,12,3,7,5,0.417,1,1,11,4,2,0,9,6,3,50,31:35,31,35,1,0.25,31.6
132954,People 's Republic of China,39,Xuan Sun,398033,23,TRUE,9,0,5,1,3,1,0.333,4,1,0.25,7,2,2,1,0.143,1,3,6,6,2,1,16,3,1,33.3,28:39,28,39,0,0.286,28.6
132954,People 's Republic of China,39,Xinyue Wang,417553,-5,FALSE,0,0,0,0,1,1,1,0,0,NA,1,1,0,0,0,0,0,2,0,0,1,1,0,0,0,5:18,5,18,0,1,5.3
132954,People 's Republic of China,39,Yu Jia,417551,15,FALSE,1,0,1,0,3,3,1,3,1,0.333,6,4,0,0,0,5,3,9,6,0,2,12,2,2,100,27:56,27,56,0,0.667,27.9
132954,People 's Republic of China,39,Ruoyan Sun,398031,-5,FALSE,0,0,0,0,0,0,NA,0,0,NA,0,0,0,0,NA,0,1,0,0,0,0,0,0,0,0,4:9,4,9,0,NA,4.2
132954,People 's Republic of China,39,Ying Feng,417550,5,FALSE,2,1,1,0,1,1,1,0,0,NA,1,1,0,0,0,0,2,2,1,0,0,6,0,0,0,7:12,7,12,0,1,7.2
132954,People 's Republic of China,39,Mengjie Wu,417555,3,TRUE,2,1,0,0,0,0,NA,0,0,NA,0,0,0,0,NA,2,4,0,2,1,1,5,0,0,0,14:42,14,42,0,NA,14.7
132954,People 's Republic of China,39,Yuanshan Li,398035,28,TRUE,4,1,1,6,5,5,1,16,4,0.25,21,9,9,6,0.286,2,1,28,3,3,3,21,4,4,100,36:5,36,5,1,0.429,36.1
132954,People 's Republic of China,39,Hanyun Sun,397968,33,TRUE,3,3,4,7,13,5,0.385,8,2,0.25,21,7,7,5,0.238,1,2,21,5,0,2,14,13,5,38.5,32:4,32,4,1,0.333,32.1
132954,People 's Republic of China,39,Yunshu Pang,398029,31,TRUE,3,2,11,1,12,7,0.583,0,0,NA,12,7,2,1,0.083,4,2,15,15,3,1,31,12,7,58.3,33:37,33,37,1,0.583,33.6
132954,People 's Republic of China,39,Yatong Tang,398037,-8,FALSE,0,0,0,0,0,0,NA,1,0,0,1,0,0,0,0,0,0,0,0,0,1,-2,0,0,0,6:23,6,23,0,0,6.4
132954,People 's Republic of China,39,Jiayi Wan,417552,-5,FALSE,0,0,1,1,2,0,0,0,0,NA,2,0,2,0,0,0,0,0,1,0,0,-3,2,0,0,3:55,3,55,0,0,3.9
132954,People 's Republic of China,39,Yiming Wang,417554,0,FALSE,0,0,0,0,0,0,NA,0,0,NA,0,0,0,0,NA,0,0,0,0,0,0,0,0,0,0,0:0,0,0,0,NA,0
132953,Australia,16,Jay Sebasio,413854,-7,FALSE,1,0,2,1,1,0,0,1,0,0,2,0,0,0,0,0,0,0,2,0,0,1,1,0,0,11:21,11,21,0,0,11.3
132953,Australia,16,Daisy Hocking,374917,-14,FALSE,2,0,1,0,2,1,0.5,1,0,0,3,1,0,0,0,2,0,2,3,1,1,5,1,1,100,15:19,15,19,0,0.333,15.3
132953,Australia,16,Isabel Smith,375151,39,TRUE,4,1,1,5,7,2,0.286,4,2,0.5,11,4,7,5,0.455,1,0,15,2,1,1,13,7,2,28.6,22:30,22,30,1,0.364,22.5
132953,Australia,16,Olivia Olechnowicz,375153,28,TRUE,3,0,2,5,2,1,0.5,4,2,0.5,6,3,4,3,0.5,0,0,11,2,3,2,13,2,1,50,15:51,15,51,1,0.5,15.8
132953,Australia,16,Jade Sherrington,374416,7,FALSE,1,0,0,1,1,0,0,3,0,0,4,0,2,2,0.5,0,1,2,0,0,2,-3,1,0,0,18:26,18,26,0,0,18.4
132953,Australia,16,Jasmine Jones,397715,1,FALSE,2,0,3,0,1,1,1,4,1,0.25,5,2,0,0,0,0,1,5,3,1,1,7,1,1,100,16:23,16,23,0,0.4,16.4
132953,Australia,16,Sophie Richardson,374418,12,FALSE,2,0,5,0,3,2,0.667,3,0,0,6,2,0,0,0,0,2,4,5,0,0,7,3,2,66.7,17:51,17,51,0,0.333,17.9
132953,Australia,16,Madison Ryan,362696,36,TRUE,2,1,2,1,8,7,0.875,3,0,0,11,7,2,2,0.182,2,1,16,4,0,1,18,8,7,87.5,19:49,19,49,1,0.636,19.8
132953,Australia,16,Lily Mapp,376691,8,FALSE,0,1,3,0,3,2,0.667,0,0,NA,3,2,0,0,0,2,2,4,5,0,3,6,3,2,66.7,10:34,10,34,0,0.667,10.6
132953,Australia,16,Eliza Ashby,397713,-19,FALSE,0,1,0,0,4,1,0.25,1,0,0,5,1,0,0,0,1,0,2,1,0,0,0,4,1,25,9:21,9,21,0,0.2,9.3
132953,Australia,16,Matilda Trout,397396,23,TRUE,1,0,5,3,3,3,1,0,0,NA,3,3,1,0,0,2,3,6,7,1,3,11,3,3,100,22:10,22,10,0,1,22.2
132953,Australia,16,Jemyma Manyok,378927,16,TRUE,2,2,3,0,7,2,0.286,0,0,NA,7,2,0,0,0,1,1,4,4,0,2,5,6,2,33.3,20:25,20,25,0,0.286,20.4
132953,Germany,64,Amelie Mbah,367121,-19,FALSE,0,0,4,0,2,0,0,0,0,NA,2,0,0,0,0,1,0,0,5,0,0,3,2,0,0,12:33,12,33,0,0,12.6
132953,Germany,64,Leonie Pfanzelt,391671,-16,FALSE,5,0,5,1,8,4,0.5,3,0,0,11,4,0,0,0,4,3,8,9,0,2,13,4,2,50,25:22,25,22,0,0.364,25.4
132953,Germany,64,Linda Thimm,391674,-1,FALSE,2,0,1,0,3,1,0.333,1,0,0,4,1,0,0,0,0,1,2,1,1,2,1,2,1,50,9:22,9,22,0,0.25,9.4
132953,Germany,64,Moescha Feunou Bakam,395180,-13,FALSE,0,1,0,1,1,0,0,0,0,NA,1,0,2,1,1,1,1,1,1,0,1,0,1,0,0,6:16,6,16,0,0,6.3
132953,Germany,64,Darina Zraychenko,365850,-21,TRUE,0,1,0,4,6,3,0.5,8,1,0.125,14,4,7,2,0.143,0,3,11,0,1,1,-3,5,2,40,26:48,26,48,1,0.286,26.8
132953,Germany,64,Leni Schramm-Bunning,393246,-2,FALSE,1,0,0,0,0,0,NA,4,1,0.25,4,1,0,0,0,1,0,3,1,1,1,2,0,0,0,10:33,10,33,0,0.25,10.6
132953,Germany,64,Lara Gierlich,364854,-8,TRUE,0,0,2,2,3,2,0.667,7,0,0,10,2,0,0,0,1,0,4,3,0,0,-1,2,1,50,23:52,23,52,0,0.2,23.9
132953,Germany,64,Mia Wiegand,364994,-21,TRUE,1,0,5,1,3,0,0,6,3,0.5,9,3,0,0,0,1,1,9,6,3,5,8,2,0,0,23:46,23,46,0,0.333,23.8
132953,Germany,64,Frederike Askamp,364851,-26,TRUE,0,1,3,0,4,0,0,1,0,0,5,0,0,0,0,0,3,0,3,1,1,-1,4,0,0,22:9,22,9,0,0,22.1
132953,Germany,64,Mathilda Haensch,391649,-4,TRUE,0,0,2,0,3,1,0.333,0,0,NA,3,1,0,0,0,1,1,2,3,0,0,3,3,1,33.3,14:59,14,59,0,0.333,15
132953,Germany,64,Nele Prowaznik,391672,-3,FALSE,0,0,4,0,3,1,0.333,0,0,NA,3,1,0,0,0,2,2,2,6,0,2,4,3,1,33.3,12:28,12,28,0,0.333,12.5
132953,Germany,64,Silvia Heide,364856,4,FALSE,0,0,1,2,1,0,0,1,0,0,2,0,4,3,1.5,2,1,3,3,1,0,4,1,0,0,11:52,11,52,0,0,11.9
132955,Côte d'Ivoire,44,Salimata Kone,419020,-5,TRUE,1,0,1,1,2,0,0,0,0,NA,2,0,2,2,1,0,4,2,1,1,3,0,1,0,0,16:17,16,17,0,0,16.3
132955,Côte d'Ivoire,44,Fatima Diouf,419017,-40,TRUE,1,0,1,1,4,1,0.25,11,2,0.182,15,3,2,2,0.133,0,2,10,1,2,4,-2,3,1,33.3,32:23,32,23,1,0.2,32.4
132955,Côte d'Ivoire,44,Sarah Keita,395745,-25,TRUE,1,0,1,0,2,1,0.5,1,0,0,3,1,0,0,0,1,2,2,2,0,0,3,2,1,50,18:0,18,0,0,0.333,18
132955,Côte d'Ivoire,44,Ella Kone,394525,-28,FALSE,1,0,2,1,1,1,1,2,0,0,3,1,0,0,0,0,3,2,2,0,0,3,1,1,100,12:59,12,59,0,0.333,13
132955,Côte d'Ivoire,44,Fatima  Konate,394918,-19,FALSE,2,0,0,0,3,1,0.333,1,0,0,4,1,0,0,0,2,4,2,2,0,4,-1,2,1,50,19:6,19,6,0,0.25,19.1
132955,Côte d'Ivoire,44,Adja Traore,394532,-39,FALSE,0,0,0,1,0,0,NA,1,0,0,1,0,2,0,0,1,1,0,1,0,5,-7,0,0,0,16:33,16,33,0,0,16.6
132955,Côte d'Ivoire,44,Jane Mary Diomande,395280,-22,TRUE,0,0,3,7,5,3,0.6,0,0,NA,5,3,10,4,0.8,0,2,10,3,2,1,6,5,3,60,28:32,28,32,1,0.6,28.5
132955,Côte d'Ivoire,44,Maelhys N'dri,395285,-31,TRUE,2,0,2,1,1,0,0,0,0,NA,1,0,0,0,0,0,0,0,2,0,5,-2,1,0,0,22:26,22,26,0,0,22.4
132955,Côte d'Ivoire,44,Abigail Dia,419023,0,FALSE,0,0,0,0,0,0,NA,0,0,NA,0,0,0,0,NA,0,0,0,0,0,0,0,0,0,0,0:0,0,0,0,NA,0
132955,Côte d'Ivoire,44,Lalya  Diarisso,395274,-28,FALSE,0,0,4,1,2,1,0.5,2,1,0.5,4,2,2,0,0,0,0,5,4,0,3,2,1,1,100,20:24,20,24,0,0.5,20.4
132955,Côte d'Ivoire,44,Aichata Mambone,419320,-33,FALSE,0,0,0,1,1,0,0,0,0,NA,1,0,0,0,0,0,1,0,0,0,0,-1,1,0,0,13:20,13,20,0,0,13.3
132955,Côte d'Ivoire,44,Aminata  Kone,395317,0,FALSE,0,0,0,0,0,0,NA,0,0,NA,0,0,0,0,NA,0,0,0,0,0,0,0,0,0,0,0:0,0,0,0,NA,0
132955,Spain,138,Paula Valenzuela,395390,31,FALSE,5,0,1,3,4,3,0.75,3,1,0.333,7,4,2,1,0.143,3,0,10,4,1,0,16,4,3,75,18:32,18,32,1,0.571,18.5
132955,Spain,138,Isabel Hernandez,395391,45,TRUE,7,0,0,2,3,3,1,5,1,0.2,8,4,2,2,0.25,0,0,11,0,5,3,16,2,2,100,20:37,20,37,1,0.5,20.6
132955,Spain,138,Carla Cherry,392047,17,TRUE,4,0,3,5,1,1,1,1,0,0,2,1,1,0,0,2,1,2,5,5,1,13,1,1,100,23:56,23,56,0,0.5,23.9
132955,Spain,138,Ona Balleste,395392,0,FALSE,0,0,0,0,0,0,NA,0,0,NA,0,0,0,0,NA,0,0,0,0,0,0,0,0,0,0,0:0,0,0,0,NA,0
132955,Spain,138,Sarai Teijeira,395401,19,FALSE,1,0,2,2,5,0,0,3,2,0.667,8,2,4,2,0.25,4,1,8,6,0,2,5,3,0,0,16:4,16,4,0,0.25,16.1
132955,Spain,138,Elia Pérez,373071,9,FALSE,1,0,2,0,3,1,0.333,7,1,0.143,10,2,0,0,0,2,3,5,4,1,2,1,3,1,33.3,15:14,15,14,0,0.2,15.2
132955,Spain,138,Trinity Ezeanatogu,370376,32,TRUE,3,1,4,1,7,2,0.286,0,0,NA,7,2,2,2,0.286,0,3,6,4,0,2,7,3,2,66.7,20:40,20,40,0,0.286,20.7
132955,Spain,138,Elizabeth Abubakar,395799,19,TRUE,1,0,2,2,4,4,1,0,0,NA,4,4,0,0,0,2,1,8,4,1,0,14,4,4,100,16:15,16,15,0,1,16.2
132955,Spain,138,Amelia Alonso,370798,30,FALSE,0,0,2,4,10,6,0.6,3,1,0.333,13,7,6,5,0.385,2,1,20,4,2,1,18,8,5,62.5,17:27,17,27,1,0.538,17.4
132955,Spain,138,Ana Maria Hernanz,417696,35,FALSE,1,0,4,0,2,1,0.5,7,2,0.286,9,3,0,0,0,1,2,8,5,2,0,10,2,1,50,20:49,20,49,0,0.333,20.8
132955,Spain,138,Sandra Davila,373075,16,TRUE,2,0,2,0,2,0,0,4,1,0.25,6,1,0,0,0,3,2,3,5,0,1,4,2,0,0,14:58,14,58,0,0.167,15
132955,Spain,138,Anna Smykovskaia,417675,17,FALSE,1,0,2,0,10,3,0.3,0,0,NA,10,3,0,0,0,6,0,6,8,3,0,11,10,3,30,15:28,15,28,0,0.3,15.5
132958,Colombia,40,Alisson Restrepo,381472,0,FALSE,0,0,0,0,0,0,NA,0,0,NA,0,0,0,0,NA,0,0,0,0,0,0,0,0,0,0,0:0,0,0,0,NA,0
132958,Colombia,40,Elba Escorcia,381474,-20,FALSE,3,0,1,1,2,1,0.5,0,0,NA,2,1,2,2,1,0,1,4,1,1,1,7,2,1,50,21:35,21,35,0,0.5,21.6
132958,Colombia,40,Keren Bertel,357693,-10,TRUE,3,0,5,2,6,0,0,6,2,0.333,12,2,5,2,0.167,1,1,8,6,5,2,7,4,0,0,26:7,26,7,0,0.167,26.1
132958,Colombia,40,Maria Superlano,404766,-10,TRUE,1,0,0,1,5,3,0.6,4,0,0,9,3,2,1,0.111,0,0,7,0,2,0,3,3,2,66.7,14:17,14,17,0,0.333,14.3
132958,Colombia,40,Hannah Sofia Florez Perez,393968,2,FALSE,1,1,0,0,3,1,0.333,0,0,NA,3,1,0,0,0,2,2,2,2,0,3,1,2,1,50,12:50,12,50,0,0.333,12.8
132958,Colombia,40,Diocelin Zuniga Hurtado,404768,-14,TRUE,0,1,6,1,14,5,0.357,0,0,NA,14,5,2,2,0.143,3,2,12,9,1,1,13,11,5,45.5,22:27,22,27,1,0.357,22.4
132958,Colombia,40,Sara Murillo,381662,-3,FALSE,0,0,5,0,4,0,0,0,0,NA,4,0,0,0,0,0,0,0,5,0,0,1,1,0,0,11:28,11,28,0,0,11.5
132958,Colombia,40,Dayra Pedroza,404769,-1,FALSE,0,1,2,0,4,1,0.25,0,0,NA,4,1,0,0,0,1,1,2,3,0,0,3,1,0,0,14:15,14,15,0,0.25,14.2
132958,Colombia,40,Mariangel Serna,393403,-16,FALSE,1,0,3,2,5,0,0,4,0,0,9,0,2,2,0.222,0,3,2,3,2,5,-6,3,0,0,24:35,24,35,0,0,24.6
132958,Colombia,40,Maria Mendez,381543,-10,FALSE,0,0,2,0,2,0,0,1,0,0,3,0,0,0,0,0,1,0,2,0,0,-1,1,0,0,13:50,13,50,0,0,13.8
132958,Colombia,40,Maria Millan,381530,6,TRUE,0,0,4,1,2,0,0,3,0,0,5,0,0,0,0,3,1,0,7,1,0,3,1,0,0,19:36,19,36,0,0,19.6
132958,Colombia,40,Mariana Paz,393402,-24,TRUE,0,0,5,0,2,0,0,1,1,1,3,1,0,0,0,1,2,3,6,1,0,8,1,0,0,19:0,19,0,0,0.333,19
132958,New Zealand,113,Areta Kahura,373841,7,FALSE,1,0,0,0,2,1,0.5,4,0,0,6,1,0,0,0,2,2,2,2,0,0,0,2,1,50,13:37,13,37,0,0.167,13.6
132958,New Zealand,113,Charis Broughton,372748,3,TRUE,1,0,0,1,1,0,0,7,1,0.143,8,1,0,0,0,2,0,3,2,1,0,0,1,0,0,18:49,18,49,0,0.125,18.8
132958,New Zealand,113,Imani Rasmussen,377527,3,TRUE,2,1,4,5,10,3,0.3,1,0,0,11,3,7,2,0.182,4,0,8,8,0,2,4,9,2,22.2,20:53,20,53,0,0.273,20.9
132958,New Zealand,113,Sinai Foai,413148,7,FALSE,0,0,4,3,6,4,0.667,0,0,NA,6,4,4,2,0.333,0,2,10,4,0,1,9,5,4,80,16:27,16,27,1,0.667,16.4
132958,New Zealand,113,Shamar Broughton,372749,19,FALSE,3,0,4,0,3,1,0.333,3,2,0.667,6,3,0,0,0,0,1,8,4,0,1,11,3,1,33.3,13:3,13,3,0,0.5,13.1
132958,New Zealand,113,Ava Jones,373843,7,TRUE,1,0,4,0,3,2,0.667,5,0,0,8,2,0,0,0,1,2,4,5,0,2,2,3,2,66.7,18:0,18,0,0,0.25,18
132958,New Zealand,113,Elisa Brown,392990,2,FALSE,3,0,2,0,6,1,0.167,0,0,NA,6,1,0,0,0,2,0,2,4,1,1,4,3,1,33.3,15:14,15,14,0,0.167,15.2
132958,New Zealand,113,Emilia Ainley,372891,11,TRUE,0,0,4,3,9,5,0.556,2,0,0,11,5,6,3,0.273,6,0,13,10,1,2,13,8,5,62.5,18:40,18,40,1,0.455,18.7
132958,New Zealand,113,Katie Moors,402764,11,FALSE,1,2,8,0,1,0,0,1,0,0,2,0,0,0,0,3,1,0,11,1,2,11,1,0,0,17:43,17,43,0,0,17.7
132958,New Zealand,113,Sienna Maurice,373648,14,TRUE,1,0,4,0,3,3,1,1,0,0,4,3,0,0,0,1,0,6,5,1,2,10,3,3,100,16:48,16,48,0,0.75,16.8
132958,New Zealand,113,Madelin Eliadis,393077,-1,FALSE,0,0,1,0,4,0,0,4,0,0,8,0,0,0,0,1,0,0,2,0,1,-7,4,0,0,15:44,15,44,0,0,15.7
132958,New Zealand,113,Nahala Toeleiu,330556,17,FALSE,2,0,3,2,3,1,0.333,2,0,0,5,1,2,2,0.4,4,0,4,7,1,2,8,3,1,33.3,15:2,15,2,0,0.2,15
132959,Czechia,886,Sofia Robson,372072,-21,TRUE,2,0,1,1,10,1,0.1,8,0,0,18,1,2,1,0.056,2,1,3,3,1,1,-10,9,1,11.1,28:29,28,29,0,0.056,28.5
132959,Czechia,886,Dominika Pencakova,396271,-3,TRUE,2,1,3,1,5,2,0.4,5,2,0.4,10,4,1,0,0,0,3,10,3,1,3,7,4,2,50,23:17,23,17,1,0.4,23.3
132959,Czechia,886,Ema Novakova,396274,-12,TRUE,0,1,6,0,6,2,0.333,2,0,0,8,2,0,0,0,0,0,4,6,0,5,0,5,1,20,21:13,21,13,0,0.25,21.2
132959,Czechia,886,Ema Bartosova,396277,-13,TRUE,1,2,2,2,8,2,0.25,0,0,NA,8,2,2,2,0.25,3,3,6,5,4,0,12,8,2,25,21:59,21,59,0,0.25,22
132959,Czechia,886,Anezka Misikova,372423,0,FALSE,0,0,0,0,3,0,0,0,0,NA,3,0,0,0,0,0,1,0,0,0,0,-3,1,0,0,4:49,4,49,0,0,4.8
132959,Czechia,886,Tereza Sykorova,397449,-15,FALSE,4,0,3,1,2,1,0.5,0,0,NA,2,1,2,0,0,0,1,2,3,1,0,7,2,1,50,13:58,13,58,0,0.5,14
132959,Czechia,886,Linda Kotrcova,396282,-11,TRUE,2,0,1,3,4,1,0.25,3,0,0,7,1,5,3,0.429,0,2,5,1,2,0,2,4,1,25,24:53,24,53,0,0.143,24.9
132959,Czechia,886,Martina Parizkova,396273,0,FALSE,0,0,3,1,1,1,1,0,0,NA,1,1,2,0,0,2,1,2,5,1,2,4,1,1,100,4:49,4,49,0,1,4.8
132959,Czechia,886,Vendula Salakova,396272,-33,FALSE,0,1,2,1,6,2,0.333,2,0,0,8,2,0,0,0,2,2,4,4,3,2,4,5,2,40,21:40,21,40,0,0.25,21.7
132959,Czechia,886,Laura Marcolova,396279,-13,FALSE,0,0,2,0,3,0,0,3,0,0,6,0,0,0,0,2,3,0,4,0,3,-5,3,0,0,16:52,16,52,0,0,16.9
132959,Czechia,886,Adela Ruzickova,397348,0,FALSE,0,0,1,0,1,0,0,0,0,NA,1,0,0,0,0,0,0,0,1,0,1,-1,1,0,0,4:49,4,49,0,0,4.8
132959,Czechia,886,Julie Prichystalova,396123,-14,FALSE,0,1,4,1,4,2,0.5,0,0,NA,4,2,0,0,0,2,2,4,6,0,2,7,4,2,50,13:12,13,12,0,0.5,13.2
132959,Canada,34,Lexi Wee,392597,5,FALSE,2,0,0,4,2,2,1,2,1,0.5,4,3,2,1,0.25,1,1,8,1,2,4,7,2,2,100,20:40,20,40,0,0.75,20.7
132959,Canada,34,Jordyn Nohr,368220,23,FALSE,2,0,3,0,4,0,0,6,2,0.333,10,2,0,0,0,1,1,6,4,0,0,4,1,0,0,19:6,19,6,0,0.2,19.1
132959,Canada,34,Samera Jeffers,416072,-2,FALSE,0,1,1,0,0,0,NA,1,0,0,1,0,0,0,0,0,1,0,1,0,0,1,0,0,0,2:31,2,31,0,0,2.5
132959,Canada,34,Portia Reisen,392599,18,TRUE,4,0,1,0,6,0,0,6,2,0.333,12,2,0,0,0,0,0,6,1,1,6,-4,4,0,0,24:2,24,2,0,0.167,24
132959,Canada,34,Ashley Vande Ven,392595,21,TRUE,0,0,6,1,8,4,0.5,5,1,0.2,13,5,1,0,0,8,1,11,14,3,1,18,7,4,57.1,26:55,26,55,1,0.385,26.9
132959,Canada,34,Pippa Gibb,392593,0,FALSE,0,0,0,1,0,0,NA,1,0,0,1,0,0,0,0,0,2,0,0,0,0,-1,0,0,0,3:20,3,20,0,0,3.3
132959,Canada,34,Avery Arije,342484,24,TRUE,4,3,6,6,6,0,0,7,2,0.286,13,2,12,7,0.538,3,0,13,9,3,5,11,3,0,0,27:3,27,3,1,0.154,27
132959,Canada,34,Grace Pongang,392596,18,FALSE,1,2,9,1,1,1,1,0,0,NA,1,1,2,0,0,1,3,2,10,0,1,12,1,1,100,16:54,16,54,0,1,16.9
132959,Canada,34,Emerald Nnani,392588,11,TRUE,0,2,5,4,5,2,0.4,0,0,NA,5,2,4,3,0.6,4,1,7,9,2,1,15,5,2,40,24:22,24,22,0,0.4,24.4
132959,Canada,34,Frances Vollett,392584,17,TRUE,0,1,2,0,6,5,0.833,3,1,0.333,9,6,0,0,0,3,1,13,5,1,2,15,6,5,83.3,27:26,27,26,1,0.667,27.4
132959,Canada,34,Sienna Morris,392594,2,FALSE,0,0,1,1,1,0,0,0,0,NA,1,0,2,1,1,1,0,1,2,0,0,1,1,0,0,5:10,5,10,0,0,5.2
132959,Canada,34,Gabrielle Fajemirokun,392589,-2,FALSE,0,0,2,1,1,0,0,0,0,NA,1,0,0,0,0,0,0,0,2,0,0,1,1,0,0,2:31,2,31,0,0,2.5
132957,Slovenia,618,Zala Canzek,419440,0,FALSE,1,0,1,0,3,1,0.333,0,0,NA,3,1,0,0,0,0,0,2,1,0,2,0,2,1,50,6:11,6,11,0,0.333,6.2
132957,Slovenia,618,Julija Bukovec,397655,0,FALSE,0,0,0,0,1,0,0,2,0,0,3,0,0,0,0,1,1,0,1,0,0,-2,1,0,0,8:20,8,20,0,0,8.3
132957,Slovenia,618,Ines Fritz,397657,9,TRUE,2,0,0,1,5,2,0.4,0,0,NA,5,2,2,1,0.2,0,4,5,0,2,2,3,5,2,40,28:19,28,19,0,0.4,28.3
132957,Slovenia,618,Anais Gobec,397658,23,TRUE,4,0,4,4,13,5,0.385,3,1,0.333,16,6,4,3,0.188,1,1,16,5,3,2,15,9,5,55.6,28:17,28,17,1,0.375,28.3
132957,Slovenia,618,Ota Pozin,372617,22,TRUE,2,0,2,0,4,1,0.25,2,0,0,6,1,0,0,0,2,1,2,4,3,1,5,4,1,25,24:56,24,56,0,0.167,24.9
132957,Slovenia,618,Ema Stavrov,372618,12,FALSE,1,1,2,1,5,3,0.6,1,1,1,6,4,2,2,0.333,2,0,11,4,1,1,15,5,3,60,14:47,14,47,1,0.667,14.8
132957,Slovenia,618,Marina Josipovic,397659,1,FALSE,0,0,1,1,2,0,0,0,0,NA,2,0,2,2,1,3,0,2,4,0,2,2,2,0,0,11:15,11,15,0,0,11.2
132957,Slovenia,618,Ema Krzisnik,372611,8,FALSE,1,0,1,1,1,1,1,1,0,0,2,1,0,0,0,0,4,2,1,2,1,4,1,1,100,10:2,10,2,0,0.5,10
132957,Slovenia,618,Ema Lorbek,309685,9,FALSE,1,1,3,4,5,4,0.8,0,0,NA,5,4,6,2,0.4,0,0,10,3,1,0,11,5,4,80,17:34,17,34,1,0.8,17.6
132957,Slovenia,618,Hana Jerkovic,397662,0,FALSE,0,0,0,0,0,0,NA,0,0,NA,0,0,0,0,NA,0,0,0,0,0,0,0,0,0,0,0:0,0,0,0,NA,0
132957,Slovenia,618,Veronika Ferjancic,397656,26,TRUE,1,1,10,7,5,2,0.4,0,0,NA,5,2,12,6,1.2,3,0,10,13,2,3,15,5,2,40,28:51,28,51,1,0.4,28.9
132957,Slovenia,618,Zala Mali,397661,0,TRUE,1,0,1,2,4,1,0.25,2,1,0.5,6,2,2,1,0.167,1,2,6,2,1,0,5,4,1,25,21:29,21,29,0,0.333,21.5
132957,Italy,83,Olivia Lelli,370347,-2,FALSE,3,0,2,2,2,1,0.5,3,0,0,5,1,0,0,0,1,0,2,3,2,2,4,0,0,0,16:30,16,30,0,0.2,16.5
132957,Italy,83,Alessandra Padulo,368530,-7,FALSE,0,0,2,0,1,1,1,1,0,0,2,1,0,0,0,2,4,2,4,1,0,6,1,1,100,10:35,10,35,0,0.5,10.6
132957,Italy,83,Emilia Magni,342323,-17,TRUE,1,0,1,1,5,5,1,4,2,0.5,9,7,0,0,0,0,5,16,1,2,3,15,3,3,100,26:44,26,44,1,0.778,26.7
132957,Italy,83,Isabel Hassan,342219,-15,TRUE,3,4,9,1,10,2,0.2,9,2,0.222,19,4,2,1,0.053,2,1,11,11,0,5,8,7,2,28.6,26:29,26,29,1,0.211,26.5
132957,Italy,83,Sofia Zuccon,342693,-20,TRUE,1,0,8,1,5,2,0.4,2,0,0,7,2,2,0,0,3,2,4,11,0,1,8,5,2,40,25:53,25,53,0,0.286,25.9
132957,Italy,83,Anna Sablich,367475,-9,FALSE,0,0,0,3,1,0,0,2,0,0,3,0,2,1,0.333,1,2,1,1,0,2,-4,0,0,0,15:25,15,25,0,0,15.4
132957,Italy,83,Aisha Diagne,370372,-17,TRUE,1,0,0,3,4,1,0.25,3,0,0,7,1,2,1,0.143,0,2,3,0,3,4,-4,4,1,25,26:5,26,5,0,0.143,26.1
132957,Italy,83,Eleonora Tavella,390984,-1,FALSE,0,0,0,0,0,0,NA,0,0,NA,0,0,0,0,NA,0,0,0,0,0,1,-1,0,0,0,3:25,3,25,0,NA,3.4
132957,Italy,83,Martina Pasqualetti,369310,-5,FALSE,1,0,1,1,1,0,0,1,0,0,2,0,2,2,1,1,1,2,2,1,1,3,1,0,0,13:31,13,31,0,0,13.5
132957,Italy,83,Mariana Nako Moni,369207,-15,TRUE,0,0,1,1,3,1,0.333,0,0,NA,3,1,2,1,0.333,2,4,3,3,0,2,1,3,1,33.3,26:48,26,48,0,0.333,26.8
132957,Italy,83,Amelia Bianco Rossignoli,393427,-2,FALSE,0,0,1,0,0,0,NA,1,0,0,1,0,0,0,0,0,0,0,1,1,1,0,0,0,0,8:35,8,35,0,0,8.6
132957,Italy,83,Susanna Perego,330440,0,FALSE,0,0,0,0,0,0,NA,0,0,NA,0,0,0,0,NA,0,0,0,0,0,0,0,0,0,0,0:0,0,0,0,NA,0
132956,Japan,85,Ran Kobayashi,398428,10,TRUE,1,0,1,2,5,2,0.4,0,0,NA,5,2,0,0,0,1,3,4,2,0,2,2,4,1,25,14:48,14,48,0,0.4,14.8
132956,Japan,85,Sora Shimizu,398429,9,FALSE,1,1,4,0,0,0,NA,0,0,NA,0,0,0,0,NA,0,3,0,4,0,0,6,0,0,0,18:3,18,3,0,NA,18
132956,Japan,85,Momoka Kaji,398430,12,FALSE,0,1,1,4,5,1,0.2,7,2,0.286,12,3,7,6,0.5,0,1,14,1,0,2,4,3,1,33.3,22:55,22,55,1,0.25,22.9
132956,Japan,85,Nene Gondo,398431,11,FALSE,3,0,4,2,2,2,1,5,0,0,7,2,2,1,0.143,0,3,5,4,1,3,4,2,2,100,24:56,24,56,0,0.286,24.9
132956,Japan,85,Kako Otsuki,418549,31,TRUE,4,0,6,4,9,5,0.556,4,1,0.25,13,6,6,6,0.462,1,1,19,7,1,2,22,9,5,55.6,20:6,20,6,1,0.462,20.1
132956,Japan,85,Miya Takeuchi,398432,19,TRUE,3,0,3,2,5,4,0.8,2,2,1,7,6,4,4,0.571,0,2,18,3,0,0,23,3,3,100,16:32,16,32,1,0.857,16.5
132956,Japan,85,Rei Ando,398433,18,FALSE,0,0,2,1,3,3,1,3,1,0.333,6,4,1,0,0,1,1,9,3,3,0,12,3,3,100,17:43,17,43,0,0.667,17.7
132956,Japan,85,Kiino Nakazawa,398448,11,TRUE,0,0,1,0,1,0,0,0,0,NA,1,0,0,0,0,1,1,0,2,2,0,3,1,0,0,15:32,15,32,0,0,15.5
132956,Japan,85,Kohse Hosozawa,398437,22,TRUE,2,0,5,2,3,2,0.667,3,0,0,6,2,3,2,0.333,1,2,6,6,1,2,8,1,1,100,17:19,17,19,0,0.333,17.3
132956,Japan,85,Chihiro Ito,418551,-2,FALSE,0,0,3,1,1,1,1,2,0,0,3,1,0,0,0,2,3,2,5,0,0,5,1,1,100,20:43,20,43,0,0.333,20.7
132956,Japan,85,Honoka Yasui,398441,0,FALSE,0,0,0,0,0,0,NA,0,0,NA,0,0,0,0,NA,0,0,0,0,0,0,0,0,0,0,0:0,0,0,0,NA,0
132956,Japan,85,Aya Ishiwata,398446,-6,FALSE,0,0,1,0,1,0,0,2,1,0.5,3,1,0,0,0,1,2,3,2,0,0,3,1,0,0,11:23,11,23,0,0.333,11.4
132956,Egypt,53,Hania  Hassabelnaby,398079,-18,TRUE,0,0,3,2,11,5,0.455,4,0,0,15,5,3,1,0.067,4,1,11,7,0,3,3,11,5,45.5,27:13,27,13,1,0.333,27.2
132956,Egypt,53,Dana Abdalla,397558,0,FALSE,0,0,0,0,0,0,NA,0,0,NA,0,0,0,0,NA,0,0,0,0,0,0,0,0,0,0,0:0,0,0,0,NA,0
132956,Egypt,53,Fatma Abdella,398067,-8,TRUE,3,0,4,3,5,1,0.2,5,0,0,10,1,0,0,0,0,4,2,4,2,3,-1,5,1,20,24:56,24,56,0,0.1,24.9
132956,Egypt,53,Jodi  Abdalla,398080,-32,FALSE,0,0,0,1,4,0,0,0,0,NA,4,0,0,0,0,0,0,0,0,0,0,-4,3,0,0,15:47,15,47,0,0,15.8
132956,Egypt,53,Mariam Elshenawy,371622,-19,TRUE,0,0,2,4,5,2,0.4,3,0,0,8,2,6,5,0.625,1,4,9,3,0,0,5,5,2,40,20:37,20,37,0,0.25,20.6
132956,Egypt,53,Hala Fetet,398133,-13,FALSE,1,0,2,1,2,1,0.5,0,0,NA,2,1,0,0,0,1,3,2,3,0,1,4,2,1,50,14:28,14,28,0,0.5,14.5
132956,Egypt,53,Joudi Elsayed,371623,-26,FALSE,4,0,4,4,3,0,0,5,0,0,8,0,6,2,0.25,1,0,2,5,2,1,0,3,0,0,24:57,24,57,0,0,25
132956,Egypt,53,Habiba Gamal Rizk,417067,2,FALSE,0,0,2,0,0,0,NA,1,1,1,1,1,0,0,0,1,0,3,3,0,1,5,0,0,0,7:56,7,56,0,1,7.9
132956,Egypt,53,Leila  Eissa,398078,-17,TRUE,2,0,1,1,2,2,1,9,2,0.222,11,4,2,1,0.091,0,1,11,1,1,0,7,2,2,100,28:2,28,2,1,0.364,28
132956,Egypt,53,Habiba Soliman,398065,-9,FALSE,0,0,0,1,1,0,0,1,0,0,2,0,0,0,0,0,0,0,0,0,1,-3,1,0,0,11:51,11,51,0,0,11.8
132956,Egypt,53,Zeina Amin,398059,11,TRUE,0,1,6,4,7,4,0.571,0,0,NA,7,4,4,3,0.429,5,5,11,11,1,0,20,7,4,57.1,14:11,14,11,1,0.571,14.2
132956,Egypt,53,Sedra   Elshafey,398076,-6,FALSE,0,0,0,1,5,1,0.2,0,0,NA,5,1,0,0,0,3,0,2,3,0,1,0,5,1,20,10:2,10,2,0,0.2,10
132963,Côte d'Ivoire,44,Salimata Kone,419020,-11,TRUE,2,0,5,4,8,1,0.125,0,0,NA,8,1,6,4,0.5,0,2,6,5,3,5,2,7,1,14.3,33:57,33,57,0,0.125,34
132963,Côte d'Ivoire,44,Fatima Diouf,419017,-18,TRUE,2,0,1,4,10,3,0.3,12,4,0.333,22,7,4,2,0.091,0,2,20,1,1,6,1,8,3,37.5,34:24,34,24,1,0.318,34.4
132963,Côte d'Ivoire,44,Sarah Keita,395745,-6,TRUE,0,0,1,0,1,0,0,0,0,NA,1,0,0,0,0,2,3,0,3,0,0,2,1,0,0,5:19,5,19,0,0,5.3
132963,Côte d'Ivoire,44,Ella Kone,394525,3,FALSE,1,0,2,0,1,0,0,1,0,0,2,0,0,0,0,0,2,0,2,0,0,1,0,0,0,7:31,7,31,0,0,7.5
132963,Côte d'Ivoire,44,Fatima  Konate,394918,-11,FALSE,4,0,1,2,2,0,0,0,0,NA,2,0,2,1,0.5,1,2,1,2,2,1,5,2,0,0,27:58,27,58,0,0,28
132963,Côte d'Ivoire,44,Adja Traore,394532,4,FALSE,0,0,0,1,0,0,NA,0,0,NA,0,0,2,0,NA,2,1,0,2,1,0,1,0,0,0,5:55,5,55,0,NA,5.9
132963,Côte d'Ivoire,44,Jane Mary Diomande,395280,-14,TRUE,0,2,4,8,12,4,0.333,0,0,NA,12,4,8,2,0.167,3,3,10,7,1,3,3,11,4,36.4,28:24,28,24,1,0.333,28.4
132963,Côte d'Ivoire,44,Maelhys N'dri,395285,-13,TRUE,1,0,1,1,4,2,0.5,0,0,NA,4,2,2,1,0.25,1,2,5,2,3,2,6,3,2,66.7,18:44,18,44,0,0.5,18.7
132963,Côte d'Ivoire,44,Abigail Dia,419023,0,FALSE,0,0,0,0,0,0,NA,0,0,NA,0,0,0,0,NA,0,0,0,0,0,0,0,0,0,0,0:0,0,0,0,NA,0
132963,Côte d'Ivoire,44,Lalya  Diarisso,395274,-10,FALSE,2,0,2,0,1,0,0,0,0,NA,1,0,0,0,0,2,1,0,4,2,0,7,0,0,0,17:58,17,58,0,0,18
132963,Côte d'Ivoire,44,Aichata Mambone,419320,3,FALSE,0,0,1,0,0,0,NA,1,0,0,1,0,0,0,0,0,0,0,1,1,0,1,0,0,0,2:42,2,42,0,0,2.7
132963,Côte d'Ivoire,44,Aminata  Kone,395317,-2,FALSE,0,1,2,4,5,2,0.4,3,1,0.333,8,3,3,2,0.25,1,2,9,3,0,1,6,5,2,40,17:10,17,10,0,0.375,17.2
132963,Colombia,40,Alisson Restrepo,381472,17,TRUE,3,0,0,2,2,0,0,6,2,0.333,8,2,2,0,0,1,2,6,1,1,2,1,2,0,0,18:31,18,31,0,0.25,18.5
132963,Colombia,40,Elba Escorcia,381474,0,FALSE,5,1,2,1,4,2,0.5,4,3,0.75,8,5,1,1,0.125,1,2,14,3,0,1,19,3,2,66.7,23:50,23,50,1,0.625,23.8
132963,Colombia,40,Keren Bertel,357693,21,TRUE,3,2,4,4,2,1,0.5,6,1,0.167,8,2,8,4,0.5,1,2,9,5,2,4,7,2,1,50,27:1,27,1,0,0.25,27
132963,Colombia,40,Maria Superlano,404766,0,FALSE,0,0,0,0,0,0,NA,0,0,NA,0,0,0,0,NA,0,0,0,0,0,0,0,0,0,0,0:0,0,0,0,NA,0
132963,Colombia,40,Hannah Sofia Florez Perez,393968,-1,FALSE,0,0,2,0,0,0,NA,0,0,NA,0,0,0,0,NA,0,5,0,2,0,2,0,0,0,0,7:40,7,40,0,NA,7.7
132963,Colombia,40,Diocelin Zuniga Hurtado,404768,19,TRUE,1,4,8,4,8,6,0.75,0,0,NA,8,6,3,2,0.25,1,3,14,9,3,3,25,8,6,75,25:57,25,57,1,0.75,26
132963,Colombia,40,Sara Murillo,381662,-2,FALSE,0,0,1,1,0,0,NA,1,0,0,1,0,2,0,0,1,1,0,2,1,2,-2,0,0,0,12:13,12,13,0,0,12.2
132963,Colombia,40,Dayra Pedroza,404769,-1,FALSE,0,0,2,0,5,1,0.2,0,0,NA,5,1,0,0,0,0,5,2,2,2,0,2,1,1,100,11:16,11,16,0,0.2,11.3
132963,Colombia,40,Mariangel Serna,393403,8,TRUE,7,0,0,1,2,0,0,0,0,NA,2,0,2,2,1,0,0,2,0,2,4,5,1,0,0,23:56,23,56,0,0,23.9
132963,Colombia,40,Maria Mendez,381543,-5,FALSE,0,0,1,1,1,0,0,2,1,0.5,3,1,2,2,0.667,0,1,5,1,3,4,3,1,0,0,16:6,16,6,0,0.333,16.1
132963,Colombia,40,Maria Millan,381530,4,FALSE,0,0,0,1,1,0,0,2,1,0.5,3,1,2,2,0.667,1,2,5,1,2,0,6,0,0,0,10:36,10,36,0,0.333,10.6
132963,Colombia,40,Mariana Paz,393402,15,TRUE,0,1,12,5,2,0,0,1,1,1,3,1,8,6,2,2,1,9,14,0,3,17,1,0,0,22:55,22,55,0,0.333,22.9
132965,Australia,16,Jay Sebasio,413854,0,FALSE,0,0,0,0,1,0,0,0,0,NA,1,0,0,0,0,0,0,0,0,0,0,-1,1,0,0,0:33,0,33,0,0,0.6
132965,Australia,16,Daisy Hocking,374917,3,FALSE,0,0,2,1,2,1,0.5,0,0,NA,2,1,0,0,0,2,0,2,4,0,0,5,2,1,50,10:15,10,15,0,0.5,10.2
132965,Australia,16,Isabel Smith,375151,5,TRUE,2,0,1,6,6,2,0.333,3,1,0.333,9,3,9,9,1,0,3,16,1,0,4,9,6,2,33.3,35:15,35,15,1,0.333,35.2
132965,Australia,16,Olivia Olechnowicz,375153,8,TRUE,2,0,4,2,8,3,0.375,5,2,0.4,13,5,2,2,0.154,1,2,14,5,0,1,12,7,3,42.9,35:41,35,41,1,0.385,35.7
132965,Australia,16,Jade Sherrington,374416,1,FALSE,2,0,0,0,0,0,NA,2,1,0.5,2,1,0,0,0,0,1,3,0,0,1,3,0,0,0,12:11,12,11,0,0.5,12.2
132965,Australia,16,Jasmine Jones,397715,-4,FALSE,0,1,0,0,0,0,NA,2,0,0,2,0,0,0,0,0,1,0,0,0,0,-1,0,0,0,4:32,4,32,0,0,4.5
132965,Australia,16,Sophie Richardson,374418,10,TRUE,1,1,3,1,4,1,0.25,4,1,0.25,8,2,0,0,0,1,0,5,4,0,3,2,4,1,25,30:42,30,42,0,0.25,30.7
132965,Australia,16,Madison Ryan,362696,2,TRUE,3,1,4,2,12,8,0.667,6,1,0.167,18,9,2,2,0.111,1,3,21,5,2,3,20,12,8,66.7,36:58,36,58,1,0.5,37
132965,Australia,16,Lily Mapp,376691,0,FALSE,0,0,0,0,0,0,NA,0,0,NA,0,0,0,0,NA,0,0,0,0,0,0,0,0,0,0,0:0,0,0,0,NA,0
132965,Australia,16,Eliza Ashby,397713,0,FALSE,0,0,0,0,0,0,NA,0,0,NA,0,0,0,0,NA,0,0,0,0,0,0,0,0,0,0,0:0,0,0,0,NA,0
132965,Australia,16,Matilda Trout,397396,5,TRUE,4,0,9,3,2,2,1,1,1,1,3,3,2,2,0.667,5,1,9,14,1,2,26,2,2,100,31:1,31,1,0,1,31
132965,Australia,16,Jemyma Manyok,378927,0,FALSE,1,0,3,0,1,0,0,0,0,NA,1,0,0,0,0,1,0,0,4,0,0,4,1,0,0,2:51,2,51,0,0,2.9
132965,Japan,85,Ran Kobayashi,398428,-8,TRUE,0,0,2,0,4,2,0.5,2,0,0,6,2,0,0,0,0,2,4,2,3,2,3,4,2,50,26:43,26,43,0,0.333,26.7
132965,Japan,85,Sora Shimizu,398429,-8,FALSE,0,0,1,0,2,1,0.5,0,0,NA,2,1,0,0,0,0,2,2,1,0,3,-1,1,1,100,20:6,20,6,0,0.5,20.1
132965,Japan,85,Momoka Kaji,398430,3,FALSE,1,0,2,0,3,2,0.667,2,1,0.5,5,3,0,0,0,0,0,7,2,0,0,8,2,1,50,14:17,14,17,0,0.6,14.3
132965,Japan,85,Nene Gondo,398431,-1,FALSE,1,0,0,0,1,0,0,1,0,0,2,0,0,0,0,0,0,0,0,0,0,-1,1,0,0,5:34,5,34,0,0,5.6
132965,Japan,85,Kako Otsuki,418549,-13,TRUE,0,0,5,5,6,4,0.667,6,0,0,12,4,4,3,0.25,0,3,11,5,0,1,6,6,4,66.7,33:42,33,42,1,0.333,33.7
132965,Japan,85,Miya Takeuchi,398432,3,TRUE,3,0,1,2,20,12,0.6,5,2,0.4,25,14,2,2,0.08,1,3,32,2,1,1,26,15,11,73.3,33:14,33,14,1,0.56,33.2
132965,Japan,85,Rei Ando,398433,-16,FALSE,0,0,2,2,0,0,NA,0,0,NA,0,0,0,0,NA,1,1,0,3,0,1,2,0,0,0,13:2,13,2,0,NA,13
132965,Japan,85,Kiino Nakazawa,398448,3,TRUE,1,0,1,0,1,1,1,1,0,0,2,1,0,0,0,0,2,2,1,0,1,2,0,0,0,19:10,19,10,0,0.5,19.2
132965,Japan,85,Kohse Hosozawa,398437,10,TRUE,0,0,4,2,1,0,0,6,2,0.333,7,2,0,0,0,2,2,6,6,1,0,8,0,0,0,26:58,26,58,0,0.286,27
132965,Japan,85,Chihiro Ito,418551,-2,FALSE,0,0,2,0,0,0,NA,1,0,0,1,0,0,0,0,1,0,0,3,2,0,4,0,0,0,6:30,6,30,0,0,6.5
132965,Japan,85,Honoka Yasui,398441,0,FALSE,0,0,0,0,0,0,NA,0,0,NA,0,0,0,0,NA,0,0,0,0,0,0,0,0,0,0,0:0,0,0,0,NA,0
132965,Japan,85,Aya Ishiwata,398446,-1,FALSE,0,0,0,0,0,0,NA,0,0,NA,0,0,0,0,NA,0,0,0,0,0,0,0,0,0,0,0:44,0,44,0,NA,0.7
132961,Germany,64,Amelie Mbah,367121,-1,FALSE,0,1,3,1,3,3,1,0,0,NA,3,3,2,0,0,1,1,6,4,0,1,8,3,3,100,17:49,17,49,0,1,17.8
132961,Germany,64,Leonie Pfanzelt,391671,2,FALSE,5,0,1,3,2,0,0,3,0,0,5,0,2,2,0.4,0,1,2,1,0,2,1,2,0,0,26:45,26,45,0,0,26.8
132961,Germany,64,Linda Thimm,391674,0,FALSE,0,0,0,0,0,0,NA,0,0,NA,0,0,0,0,NA,0,0,0,0,0,0,0,0,0,0,0:0,0,0,0,NA,0
132961,Germany,64,Moescha Feunou Bakam,395180,-4,FALSE,1,0,4,1,1,0,0,0,0,NA,1,0,0,0,0,0,4,0,4,0,0,4,0,0,0,8:10,8,10,0,0,8.2
132961,Germany,64,Darina Zraychenko,365850,-7,TRUE,2,0,1,0,9,3,0.333,8,3,0.375,17,6,0,0,0,1,1,15,2,0,1,7,9,3,33.3,28:55,28,55,1,0.353,28.9
132961,Germany,64,Leni Schramm-Bunning,393246,4,FALSE,0,0,1,1,1,0,0,2,2,1,3,2,0,0,0,0,1,6,1,1,2,5,1,0,0,7:44,7,44,0,0.667,7.7
132961,Germany,64,Lara Gierlich,364854,-5,TRUE,0,0,3,1,2,0,0,9,2,0.222,11,2,2,1,0.091,1,1,7,4,2,1,2,1,0,0,27:52,27,52,0,0.182,27.9
132961,Germany,64,Mia Wiegand,364994,0,TRUE,4,1,5,2,7,1,0.143,7,1,0.143,14,2,4,4,0.286,2,1,9,7,2,8,3,6,1,16.7,31:27,31,27,0,0.143,31.4
132961,Germany,64,Frederike Askamp,364851,-4,TRUE,3,0,2,3,6,2,0.333,3,0,0,9,2,2,1,0.111,3,4,5,5,3,3,5,5,2,40,19:11,19,11,0,0.222,19.2
132961,Germany,64,Mathilda Haensch,391649,3,TRUE,0,1,3,1,2,1,0.5,0,0,NA,2,1,2,2,1,1,3,4,4,2,0,10,2,1,50,16:45,16,45,0,0.5,16.8
132961,Germany,64,Nele Prowaznik,391672,-6,FALSE,0,0,1,1,1,0,0,0,0,NA,1,0,0,0,0,0,1,0,1,0,0,0,0,0,0,5:26,5,26,0,0,5.4
132961,Germany,64,Silvia Heide,364856,-2,FALSE,0,0,3,1,1,0,0,0,0,NA,1,0,0,0,0,0,3,0,3,0,0,2,1,0,0,9:56,9,56,0,0,9.9
132961,Egypt,53,Hania  Hassabelnaby,398079,-3,TRUE,0,0,2,3,7,3,0.429,3,0,0,10,3,6,2,0.2,1,2,8,3,0,1,-1,7,3,42.9,24:27,24,27,0,0.3,24.4
132961,Egypt,53,Dana Abdalla,397558,0,FALSE,0,0,0,0,0,0,NA,0,0,NA,0,0,0,0,NA,0,0,0,0,0,0,0,0,0,0,0:0,0,0,0,NA,0
132961,Egypt,53,Fatma Abdella,398067,5,TRUE,4,0,5,2,6,3,0.5,5,1,0.2,11,4,4,3,0.273,0,2,12,5,2,2,13,6,3,50,35:30,35,30,1,0.364,35.5
132961,Egypt,53,Jodi  Abdalla,398080,-6,FALSE,0,0,3,1,4,2,0.5,0,0,NA,4,2,2,0,0,2,0,4,5,1,0,6,4,2,50,12:52,12,52,0,0.5,12.9
132961,Egypt,53,Mariam Elshenawy,371622,9,TRUE,3,0,5,1,2,1,0.5,0,0,NA,2,1,0,0,0,0,3,2,5,0,2,7,2,1,50,29:40,29,40,0,0.5,29.7
132961,Egypt,53,Hala Fetet,398133,-2,FALSE,0,0,0,1,1,0,0,0,0,NA,1,0,2,1,1,0,0,1,0,0,0,-1,1,0,0,3:40,3,40,0,0,3.7
132961,Egypt,53,Joudi Elsayed,371623,4,FALSE,1,1,3,5,5,2,0.4,3,0,0,8,2,8,3,0.375,0,3,7,3,4,4,1,5,2,40,27:9,27,9,0,0.25,27.1
132961,Egypt,53,Habiba Gamal Rizk,417067,0,FALSE,1,0,0,1,0,0,NA,1,0,0,1,0,0,0,0,0,1,0,0,0,0,0,0,0,0,2:33,2,33,0,0,2.5
132961,Egypt,53,Leila  Eissa,398078,12,TRUE,4,0,6,1,3,2,0.667,6,2,0.333,9,4,2,2,0.222,0,1,12,6,1,2,16,3,2,66.7,30:58,30,58,1,0.444,31
132961,Egypt,53,Habiba Soliman,398065,-5,FALSE,0,0,0,0,0,0,NA,0,0,NA,0,0,0,0,NA,0,1,0,0,1,1,0,0,0,0,2:53,2,53,0,NA,2.9
132961,Egypt,53,Zeina Amin,398059,6,TRUE,3,4,5,6,7,3,0.429,0,0,NA,7,3,10,6,0.857,4,2,12,9,0,2,18,6,3,50,30:19,30,19,1,0.429,30.3
132961,Egypt,53,Sedra   Elshafey,398076,0,FALSE,0,0,0,0,0,0,NA,0,0,NA,0,0,0,0,NA,0,0,0,0,0,0,0,0,0,0,0:0,0,0,0,NA,0
132967,Spain,138,Sandra Davila,373075,4,TRUE,1,1,1,2,3,0,0,2,0,0,5,0,0,0,0,1,5,0,2,3,1,1,3,0,0,16:4,16,4,0,0,16.1
132967,Spain,138,Ana Maria Hernanz,417696,4,FALSE,1,0,0,0,3,2,0.667,4,0,0,7,2,0,0,0,0,5,4,0,2,0,2,1,1,100,13:16,13,16,0,0.286,13.3
132967,Spain,138,Amelia Alonso,370798,23,FALSE,1,1,5,5,16,6,0.375,4,0,0,20,6,8,7,0.35,8,3,19,13,2,2,19,15,6,40,27:7,27,7,1,0.3,27.1
132967,Spain,138,Elizabeth Abubakar,395799,-8,FALSE,0,0,1,0,1,0,0,0,0,NA,1,0,0,0,0,1,0,0,2,0,0,1,1,0,0,5:42,5,42,0,0,5.7
132967,Spain,138,Trinity Ezeanatogu,370376,19,TRUE,3,0,4,1,5,1,0.2,1,0,0,6,1,2,0,0,2,4,2,6,3,2,5,4,1,25,17:59,17,59,0,0.167,18
132967,Spain,138,Elia Pérez,373071,8,FALSE,0,0,1,0,0,0,NA,3,0,0,3,0,0,0,0,0,0,0,1,0,0,-2,0,0,0,4:19,4,19,0,0,4.3
132967,Spain,138,Sarai Teijeira,395401,17,FALSE,1,0,6,1,5,3,0.6,2,0,0,7,3,0,0,0,1,1,6,7,0,0,10,5,3,60,14:47,14,47,0,0.429,14.8
132967,Spain,138,Ona Balleste,395392,14,TRUE,4,1,1,1,1,1,1,3,1,0.333,4,2,0,0,0,0,2,5,1,1,0,10,1,1,100,15:59,15,59,0,0.5,16
132967,Spain,138,Carla Cherry,392047,0,FALSE,3,1,1,1,3,0,0,4,1,0.25,7,1,0,0,0,1,1,3,2,0,1,2,1,0,0,16:16,16,16,0,0.143,16.3
132967,Spain,138,Isabel Hernandez,395391,35,TRUE,3,0,2,3,9,4,0.444,9,5,0.556,18,9,5,2,0.111,1,2,25,3,5,0,24,8,4,50,30:43,30,43,1,0.5,30.7
132967,Spain,138,Paula Valenzuela,395390,14,FALSE,4,0,3,2,4,2,0.5,4,2,0.5,8,4,2,2,0.25,0,2,12,3,1,2,14,4,2,50,23:25,23,25,1,0.5,23.4
132967,Spain,138,Anna Smykovskaia,417675,15,TRUE,1,0,3,0,7,4,0.571,0,0,NA,7,4,0,0,0,8,2,8,11,0,0,17,7,4,57.1,14:23,14,23,0,0.571,14.4
132967,New Zealand,113,Areta Kahura,373841,-11,FALSE,0,0,0,1,0,0,NA,1,0,0,1,0,2,0,0,0,0,0,0,0,0,-3,0,0,0,5:47,5,47,0,0,5.8
132967,New Zealand,113,Charis Broughton,372748,-15,TRUE,3,0,1,3,2,0,0,6,3,0.5,8,3,4,1,0.125,1,3,10,2,0,2,5,2,0,0,24:56,24,56,1,0.375,24.9
132967,New Zealand,113,Imani Rasmussen,377527,-24,TRUE,3,0,5,6,5,0,0,0,0,NA,5,0,8,4,0.8,2,3,4,7,0,5,0,4,0,0,24:31,24,31,0,0,24.5
132967,New Zealand,113,Sinai Foai,413148,-20,FALSE,0,0,2,5,2,1,0.5,0,0,NA,2,1,6,2,1,0,1,4,2,1,2,0,2,1,50,9:35,9,35,0,0.5,9.6
132967,New Zealand,113,Shamar Broughton,372749,-6,FALSE,2,0,3,1,2,2,1,2,0,0,4,2,2,2,0.5,0,3,6,3,0,3,6,1,1,100,17:39,17,39,0,0.5,17.6
132967,New Zealand,113,Ava Jones,373843,-3,TRUE,0,0,1,2,4,0,0,6,2,0.333,10,2,2,2,0.2,2,0,8,3,0,0,3,4,0,0,25:29,25,29,0,0.2,25.5
132967,New Zealand,113,Elisa Brown,392990,-18,FALSE,0,0,0,0,2,0,0,1,0,0,3,0,0,0,0,0,0,0,0,0,0,-3,2,0,0,6:0,6,0,0,0,6
132967,New Zealand,113,Emilia Ainley,372891,-14,TRUE,1,2,9,3,10,5,0.5,2,0,0,12,5,4,3,0.25,1,1,13,10,1,3,16,8,5,62.5,30:14,30,14,1,0.417,30.2
132967,New Zealand,113,Katie Moors,402764,-3,FALSE,0,0,7,1,1,1,1,0,0,NA,1,1,2,1,1,1,2,3,8,2,1,11,1,1,100,14:43,14,43,0,1,14.7
132967,New Zealand,113,Sienna Maurice,373648,-7,TRUE,7,0,4,1,3,2,0.667,1,0,0,4,2,0,0,0,1,1,4,5,1,3,12,2,2,100,23:22,23,22,0,0.5,23.4
132967,New Zealand,113,Madelin Eliadis,393077,-15,FALSE,0,0,0,1,0,0,NA,1,0,0,1,0,2,2,2,1,1,2,1,0,3,-1,0,0,0,6:25,6,25,0,0,6.4
132967,New Zealand,113,Nahala Toeleiu,330556,-9,FALSE,2,0,2,3,2,0,0,1,0,0,3,0,2,1,0.333,0,1,1,2,0,1,0,2,0,0,11:19,11,19,0,0,11.3
132962,Latvia,610,Sarlote Skrebele,372649,11,TRUE,3,2,3,4,5,1,0.2,8,2,0.25,13,3,5,4,0.308,1,2,12,4,0,2,8,5,1,20,28:13,28,13,1,0.231,28.2
132962,Latvia,610,Madara Sakalova,418538,1,FALSE,1,0,3,0,3,2,0.667,0,0,NA,3,2,0,0,0,2,2,4,5,0,1,8,3,2,66.7,13:29,13,29,0,0.667,13.5
132962,Latvia,610,Evelina Sirsnina,396481,18,TRUE,0,0,3,11,3,2,0.667,3,1,0.333,6,3,16,13,2.167,1,4,20,4,1,2,17,3,2,66.7,21:3,21,3,1,0.5,21
132962,Latvia,610,Laura Kikuste,417640,0,FALSE,0,0,0,0,0,0,NA,0,0,NA,0,0,0,0,NA,0,0,0,0,0,0,0,0,0,0,0:0,0,0,0,NA,0
132962,Latvia,610,Darina Ivanova,418540,-10,FALSE,1,0,2,1,0,0,NA,0,0,NA,0,0,2,0,NA,0,0,0,2,0,0,1,0,0,0,8:46,8,46,0,NA,8.8
132962,Latvia,610,Patricija Tikmere,396482,25,TRUE,1,0,3,5,7,2,0.286,0,0,NA,7,2,4,4,0.571,2,4,8,5,3,3,9,7,2,28.6,30:36,30,36,0,0.286,30.6
132962,Latvia,610,Marta Arsentjeva,418536,10,TRUE,2,1,6,5,3,2,0.667,1,1,1,4,3,7,7,1.75,2,2,14,8,1,4,21,3,2,66.7,25:56,25,56,1,0.75,25.9
132962,Latvia,610,Melanija Reicela Lagunovica,418628,-9,FALSE,1,0,2,1,1,0,0,1,1,1,2,1,0,0,0,1,3,3,3,1,1,6,1,0,0,20:28,20,28,0,0.5,20.5
132962,Latvia,610,Monta Culkstena,396459,2,FALSE,0,0,2,2,0,0,NA,0,0,NA,0,0,4,4,Inf,0,1,4,2,1,1,6,0,0,0,8:34,8,34,0,NA,8.6
132962,Latvia,610,Adele Priedite,396478,0,FALSE,0,0,1,0,0,0,NA,0,0,NA,0,0,0,0,NA,0,0,0,1,0,2,-1,0,0,0,1:13,1,13,0,NA,1.2
132962,Latvia,610,Enija Brokane,372580,8,TRUE,2,0,1,0,2,1,0.5,5,0,0,7,1,0,0,0,0,2,2,1,1,5,-5,2,1,50,23:31,23,31,0,0.143,23.5
132962,Latvia,610,Jelizaveta Naidjonova,396485,9,FALSE,2,0,2,2,5,1,0.2,1,0,0,6,1,4,3,0.5,0,2,5,2,1,3,1,4,1,25,18:11,18,11,0,0.167,18.2
132962,Czechia,886,Anezka Misikova,372423,-1,FALSE,1,0,2,2,2,2,1,0,0,NA,2,2,2,1,0.5,0,1,5,2,1,1,7,2,2,100,8:14,8,14,0,1,8.2
132962,Czechia,886,Ema Bartosova,396277,-4,TRUE,2,1,1,0,7,1,0.143,1,1,1,8,2,0,0,0,3,4,5,4,3,2,7,7,1,14.3,16:35,16,35,0,0.25,16.6
132962,Czechia,886,Ema Novakova,396274,-6,TRUE,1,1,2,1,6,2,0.333,0,0,NA,6,2,0,0,0,2,3,4,4,0,0,6,4,1,25,20:17,20,17,0,0.333,20.3
132962,Czechia,886,Dominika Pencakova,396271,-11,TRUE,1,0,1,0,5,3,0.6,5,0,0,10,3,0,0,0,0,5,6,1,2,1,2,3,2,66.7,27:25,27,25,0,0.3,27.4
132962,Czechia,886,Sofia Robson,372072,-6,TRUE,2,1,7,3,7,1,0.143,4,1,0.25,11,2,2,1,0.091,1,3,6,8,2,4,5,6,1,16.7,31:50,31,50,0,0.182,31.8
132962,Czechia,886,Tereza Sykorova,397449,-15,FALSE,0,1,0,4,5,4,0.8,0,0,NA,5,4,2,1,0.2,1,1,9,1,0,1,8,5,4,80,20:11,20,11,0,0.8,20.2
132962,Czechia,886,Linda Kotrcova,396282,-17,TRUE,2,0,0,5,7,2,0.286,2,0,0,9,2,4,3,0.333,0,3,7,0,2,5,-2,4,2,50,17:50,17,50,0,0.222,17.8
132962,Czechia,886,Martina Parizkova,396273,3,FALSE,1,0,0,1,0,0,NA,0,0,NA,0,0,2,0,NA,1,2,0,1,1,0,1,0,0,0,5:6,5,6,0,NA,5.1
132962,Czechia,886,Vendula Salakova,396272,2,FALSE,3,0,2,2,7,1,0.143,1,0,0,8,1,0,0,0,0,0,2,2,1,2,-1,6,1,16.7,23:20,23,20,0,0.125,23.3
132962,Czechia,886,Laura Marcolova,396279,-6,FALSE,1,0,1,2,3,1,0.333,0,0,NA,3,1,4,1,0.333,2,3,3,3,1,2,1,3,1,33.3,11:21,11,21,0,0.333,11.3
132962,Czechia,886,Adela Ruzickova,397348,4,FALSE,0,1,0,1,2,2,1,0,0,NA,2,2,2,1,0.5,0,2,5,0,0,0,5,2,2,100,3:52,3,52,0,1,3.9
132962,Czechia,886,Julie Prichystalova,396123,-8,FALSE,0,0,2,1,5,3,0.6,1,0,0,6,3,2,1,0.167,3,4,7,5,2,0,10,5,3,60,13:59,13,59,0,0.5,14
132966,People 's Republic of China,39,Xuan Sun,398033,2,TRUE,10,0,3,3,1,0,0,5,1,0.2,6,1,1,1,0.167,1,2,4,4,0,1,12,1,0,0,35:51,35,51,0,0.167,35.9
132966,People 's Republic of China,39,Xinyue Wang,417553,-4,FALSE,0,0,0,0,1,0,0,0,0,NA,1,0,0,0,0,0,0,0,0,0,0,-1,1,0,0,0:51,0,51,0,0,0.8
132966,People 's Republic of China,39,Yu Jia,417551,0,TRUE,1,0,0,1,9,4,0.444,3,0,0,12,4,0,0,0,3,0,8,3,1,0,5,6,3,50,24:50,24,50,0,0.333,24.8
132966,People 's Republic of China,39,Ruoyan Sun,398031,0,FALSE,0,0,0,0,0,0,NA,0,0,NA,0,0,0,0,NA,0,0,0,0,0,0,0,0,0,0,0:0,0,0,0,NA,0
132966,People 's Republic of China,39,Ying Feng,417550,-2,FALSE,1,0,3,1,4,1,0.25,3,0,0,7,1,0,0,0,0,1,2,3,0,0,0,3,1,33.3,11:33,11,33,0,0.143,11.6
132966,People 's Republic of China,39,Mengjie Wu,417555,-2,TRUE,1,0,4,0,2,1,0.5,1,1,1,3,2,0,0,0,3,2,5,7,1,3,10,2,1,50,16:47,16,47,0,0.667,16.8
132966,People 's Republic of China,39,Yuanshan Li,398035,-2,FALSE,3,2,3,4,9,5,0.556,10,2,0.2,19,7,2,1,0.053,1,1,17,4,4,3,14,8,4,50,35:57,35,57,1,0.368,36
132966,People 's Republic of China,39,Hanyun Sun,397968,6,TRUE,1,0,2,3,15,8,0.533,6,0,0,21,8,2,0,0,2,4,16,4,1,3,4,13,8,61.5,32:50,32,50,1,0.381,32.8
132966,People 's Republic of China,39,Yunshu Pang,398029,4,TRUE,2,0,6,2,8,5,0.625,3,1,0.333,11,6,4,3,0.273,4,3,16,10,5,4,23,7,4,57.1,33:37,33,37,1,0.545,33.6
132966,People 's Republic of China,39,Yatong Tang,398037,-5,FALSE,0,0,0,0,0,0,NA,0,0,NA,0,0,0,0,NA,0,1,0,0,0,0,0,0,0,0,3:0,3,0,0,NA,3
132966,People 's Republic of China,39,Jiayi Wan,417552,-2,FALSE,0,0,0,0,0,0,NA,0,0,NA,0,0,1,0,NA,0,1,0,0,0,1,-2,0,0,0,1:21,1,21,0,NA,1.4
132966,People 's Republic of China,39,Yiming Wang,417554,0,FALSE,0,0,2,0,0,0,NA,0,0,NA,0,0,0,0,NA,1,1,0,3,0,0,3,0,0,0,3:23,3,23,0,NA,3.4
132966,Canada,34,Lexi Wee,392597,-4,FALSE,3,0,4,3,3,1,0.333,3,0,0,6,1,4,3,0.5,0,1,5,4,1,1,6,2,1,50,19:15,19,15,0,0.167,19.2
132966,Canada,34,Jordyn Nohr,368220,-1,FALSE,1,0,0,0,1,1,1,0,0,NA,1,1,0,0,0,1,2,2,1,0,0,4,1,1,100,7:24,7,24,0,1,7.4
132966,Canada,34,Samera Jeffers,416072,0,FALSE,0,0,0,0,0,0,NA,0,0,NA,0,0,0,0,NA,0,0,0,0,0,0,0,0,0,0,0:0,0,0,0,NA,0
132966,Canada,34,Portia Reisen,392599,-4,TRUE,3,0,0,4,4,1,0.25,11,2,0.182,15,3,2,2,0.133,0,1,10,0,0,5,-4,3,1,33.3,36:18,36,18,1,0.2,36.3
132966,Canada,34,Ashley Vande Ven,392595,6,TRUE,1,3,8,0,2,0,0,5,2,0.4,7,2,0,0,0,2,2,6,10,0,2,13,2,0,0,23:25,23,25,0,0.286,23.4
132966,Canada,34,Pippa Gibb,392593,-1,FALSE,0,0,0,0,0,0,NA,1,0,0,1,0,0,0,0,0,0,0,0,1,0,0,0,0,0,9:8,9,8,0,0,9.1
132966,Canada,34,Avery Arije,342484,9,TRUE,4,0,1,3,7,4,0.571,2,0,0,9,4,3,3,0.333,3,3,11,4,1,3,12,4,2,50,19:16,19,16,1,0.444,19.3
132966,Canada,34,Grace Pongang,392596,-7,FALSE,0,0,3,0,1,1,1,0,0,NA,1,1,0,0,0,1,1,2,4,1,1,6,1,1,100,12:54,12,54,0,1,12.9
132966,Canada,34,Emerald Nnani,392588,7,TRUE,3,0,7,5,11,5,0.455,0,0,NA,11,5,8,4,0.364,3,3,14,10,0,2,15,11,5,45.5,31:55,31,55,1,0.455,31.9
132966,Canada,34,Frances Vollett,392584,0,TRUE,1,1,6,1,10,8,0.8,3,1,0.333,13,9,1,0,0,3,1,19,9,4,5,24,10,8,80,38:50,38,50,1,0.692,38.8
132966,Canada,34,Sienna Morris,392594,0,FALSE,0,0,0,0,0,0,NA,0,0,NA,0,0,0,0,NA,0,0,0,0,0,0,0,0,0,0,0:0,0,0,0,NA,0
132966,Canada,34,Gabrielle Fajemirokun,392589,0,FALSE,0,1,0,0,0,0,NA,0,0,NA,0,0,0,0,NA,0,0,0,0,0,0,1,0,0,0,1:35,1,35,0,NA,1.6
132960,Mexico,104,Jordan Martin,372198,-6,FALSE,0,0,1,3,7,3,0.429,3,0,0,10,3,3,0,0,1,3,6,2,0,0,-2,6,3,50,16:25,16,25,0,0.3,16.4
132960,Mexico,104,Mariana Diaz,372202,-8,TRUE,1,1,4,1,1,0,0,5,1,0.2,6,1,2,2,0.333,0,1,5,4,0,4,2,1,0,0,38:53,38,53,0,0.167,38.9
132960,Mexico,104,Jimena Velazquez,372193,-7,TRUE,4,0,8,6,13,7,0.538,5,2,0.4,18,9,11,8,0.444,0,2,28,8,5,4,29,13,7,53.8,39:48,39,48,1,0.5,39.8
132960,Mexico,104,Meredith Jaime,372364,1,FALSE,0,0,0,1,3,0,0,1,0,0,4,0,2,2,0.5,0,2,2,0,1,1,-2,3,0,0,19:6,19,6,0,0,19.1
132960,Mexico,104,Ivanna Olalde,393870,-3,FALSE,4,0,1,3,4,1,0.25,0,0,NA,4,1,4,2,0.5,3,0,4,4,1,0,8,4,1,25,20:26,20,26,0,0.25,20.4
132960,Mexico,104,Aislin Tamez,372195,0,FALSE,0,0,0,0,0,0,NA,0,0,NA,0,0,0,0,NA,0,0,0,0,0,0,0,0,0,0,0:0,0,0,0,NA,0
132960,Mexico,104,Andrea Lopez,393997,-3,FALSE,0,0,0,0,0,0,NA,0,0,NA,0,0,0,0,NA,0,0,0,0,0,0,0,0,0,0,0:24,0,24,0,NA,0.4
132960,Mexico,104,Yania Valverde,372209,1,TRUE,1,1,4,2,10,5,0.5,0,0,NA,10,5,4,2,0.2,1,5,12,5,1,2,11,8,4,50,22:37,22,37,1,0.5,22.6
132960,Mexico,104,Isamar Rumbo,372250,-8,TRUE,4,0,2,2,0,0,NA,3,1,0.333,3,1,2,0,0,3,5,3,5,1,0,9,0,0,0,20:30,20,30,0,0.333,20.5
132960,Mexico,104,Isabella Martinez,393869,-3,FALSE,0,0,0,0,0,0,NA,0,0,NA,0,0,0,0,NA,0,0,0,0,0,0,0,0,0,0,0:12,0,12,0,NA,0.2
132960,Mexico,104,Marisol Gomez,372249,-10,TRUE,0,0,4,0,6,1,0.167,2,0,0,8,1,0,0,0,1,2,2,5,0,1,-1,4,1,25,19:53,19,53,0,0.125,19.9
132960,Mexico,104,Samantha Patino,372191,-4,FALSE,0,0,0,0,0,0,NA,0,0,NA,0,0,0,0,NA,1,0,0,1,0,0,1,0,0,0,1:46,1,46,0,NA,1.8
132960,Italy,83,Olivia Lelli,370347,-1,TRUE,2,0,3,3,2,2,1,6,2,0.333,8,4,7,4,0.5,1,1,14,4,0,2,11,2,2,100,22:49,22,49,1,0.5,22.8
132960,Italy,83,Alessandra Padulo,368530,-1,FALSE,1,1,0,0,2,0,0,2,0,0,4,0,0,0,0,0,3,0,0,0,0,-2,1,0,0,13:35,13,35,0,0,13.6
132960,Italy,83,Emilia Magni,342323,19,TRUE,3,0,5,2,7,3,0.429,8,3,0.375,15,6,1,1,0.067,2,2,16,7,0,3,14,6,3,50,33:11,33,11,1,0.4,33.2
132960,Italy,83,Isabel Hassan,342219,-1,TRUE,1,1,3,3,2,0,0,2,0,0,4,0,4,1,0.25,3,0,1,6,1,2,1,1,0,0,14:21,14,21,0,0,14.3
132960,Italy,83,Sofia Zuccon,342693,13,TRUE,2,2,13,5,8,5,0.625,1,1,1,9,6,7,3,0.333,8,1,16,21,1,2,33,7,5,71.4,31:27,31,27,1,0.667,31.4
132960,Italy,83,Anna Sablich,367475,19,TRUE,8,0,2,0,3,0,0,10,3,0.3,13,3,0,0,0,0,1,9,2,2,0,11,2,0,0,32:46,32,46,0,0.231,32.8
132960,Italy,83,Aisha Diagne,370372,9,FALSE,4,0,2,6,2,0,0,3,1,0.333,5,1,12,8,1.6,0,4,11,2,2,4,7,0,0,0,23:36,23,36,1,0.2,23.6
132960,Italy,83,Eleonora Tavella,390984,0,FALSE,0,0,0,0,0,0,NA,0,0,NA,0,0,0,0,NA,0,0,0,0,0,0,0,0,0,0,0:0,0,0,0,NA,0
132960,Italy,83,Martina Pasqualetti,369310,4,FALSE,0,0,1,0,0,0,NA,1,0,0,1,0,0,0,0,0,2,0,1,0,1,-1,0,0,0,3:41,3,41,0,0,3.7
132960,Italy,83,Mariana Nako Moni,369207,-5,FALSE,0,1,3,1,3,2,0.667,0,0,NA,3,2,2,1,0.333,6,1,5,9,1,6,8,3,2,66.7,20:50,20,50,0,0.667,20.8
132960,Italy,83,Amelia Bianco Rossignoli,393427,-6,FALSE,0,0,0,0,0,0,NA,0,0,NA,0,0,0,0,NA,0,3,0,0,0,0,0,0,0,0,3:44,3,44,0,NA,3.7
132960,Italy,83,Susanna Perego,330440,0,FALSE,0,0,0,0,0,0,NA,0,0,NA,0,0,0,0,NA,0,0,0,0,0,0,0,0,0,0,0:0,0,0,0,NA,0
132964,USA,154,Morghan Reckley,393522,11,TRUE,6,0,3,4,8,3,0.375,0,0,NA,8,3,0,0,0,0,0,6,3,3,1,12,7,3,42.9,23:32,23,32,0,0.375,23.5
132964,USA,154,Jazman Bailey,393401,7,FALSE,3,0,1,2,1,0,0,0,0,NA,1,0,2,2,2,0,2,2,1,0,0,5,0,0,0,13:43,13,43,0,0,13.7
132964,USA,154,Nation Williams,368603,7,FALSE,0,1,2,0,3,0,0,0,0,NA,3,0,0,0,0,1,3,0,3,0,1,0,2,0,0,11:31,11,31,0,0,11.5
132964,USA,154,Tatianna Griffin,393461,15,FALSE,3,0,4,2,5,5,1,3,1,0.333,8,6,3,1,0.125,2,0,14,6,0,3,16,5,5,100,20:21,20,21,1,0.75,20.4
132964,USA,154,Ivanna Wilson Manyacka,368604,10,TRUE,0,2,3,1,13,5,0.385,2,1,0.5,15,6,2,1,0.067,3,1,14,6,3,1,14,11,4,36.4,24:25,24,25,1,0.4,24.4
132964,USA,154,Micah Ojo,393521,6,TRUE,3,1,3,1,8,5,0.625,1,1,1,9,6,2,1,0.111,6,1,14,9,4,1,26,6,4,66.7,23:56,23,56,1,0.667,23.9
132964,USA,154,Maliya Hunter,393535,4,FALSE,0,0,0,0,0,0,NA,1,0,0,1,0,0,0,0,0,1,0,0,0,0,-1,0,0,0,8:49,8,49,0,0,8.8
132964,USA,154,Arianna Robinson,393523,20,FALSE,1,0,1,2,7,4,0.571,2,0,0,9,4,2,1,0.111,2,3,9,3,1,0,8,5,3,60,16:59,16,59,0,0.444,17
132964,USA,154,Olivia Jones,393519,13,TRUE,1,0,0,3,6,1,0.167,2,0,0,8,1,0,0,0,1,1,2,1,1,0,-2,5,1,20,20:17,20,17,0,0.125,20.3
132964,USA,154,Eve Long,393520,5,TRUE,2,1,0,3,6,5,0.833,0,0,NA,6,5,4,3,0.5,1,1,13,1,1,1,15,6,5,83.3,21:11,21,11,1,0.833,21.2
132964,USA,154,Nya Riak,417253,-2,FALSE,0,0,2,0,0,0,NA,0,0,NA,0,0,0,0,NA,0,0,0,2,0,0,2,0,0,0,5:23,5,23,0,NA,5.4
132964,USA,154,Caroline Bradley,393404,4,FALSE,0,0,1,2,4,1,0.25,0,0,NA,4,1,2,1,0.25,1,1,3,2,0,1,0,4,1,25,9:53,9,53,0,0.25,9.9
132964,Slovenia,618,Zala Canzek,419440,0,FALSE,1,0,0,0,0,0,NA,0,0,NA,0,0,0,0,NA,0,0,0,0,0,0,1,0,0,0,1:38,1,38,0,NA,1.6
132964,Slovenia,618,Julija Bukovec,397655,-9,FALSE,1,0,0,0,0,0,NA,0,0,NA,0,0,0,0,NA,0,3,0,0,0,0,1,0,0,0,3:23,3,23,0,NA,3.4
132964,Slovenia,618,Ines Fritz,397657,-9,TRUE,6,0,1,2,5,4,0.8,2,1,0.5,7,5,0,0,0,2,3,11,3,0,1,17,4,3,75,32:28,32,28,1,0.714,32.5
132964,Slovenia,618,Anais Gobec,397658,-12,TRUE,1,0,5,4,6,4,0.667,1,0,0,7,4,4,4,0.571,1,0,12,6,2,5,13,5,3,60,29:49,29,49,1,0.571,29.8
132964,Slovenia,618,Ota Pozin,372617,-23,TRUE,1,0,4,0,2,1,0.5,6,2,0.333,8,3,0,0,0,2,1,8,6,0,3,7,1,0,0,35:50,35,50,0,0.375,35.8
132964,Slovenia,618,Ema Stavrov,372618,-9,FALSE,0,0,5,3,1,1,1,2,0,0,3,1,4,2,0.667,2,3,4,7,0,5,2,1,1,100,19:10,19,10,0,0.333,19.2
132964,Slovenia,618,Marina Josipovic,397659,-2,FALSE,0,0,0,1,3,2,0.667,1,0,0,4,2,1,1,0.25,0,1,5,0,0,0,3,2,2,100,6:30,6,30,0,0.5,6.5
132964,Slovenia,618,Ema Krzisnik,372611,0,FALSE,0,0,0,0,0,0,NA,0,0,NA,0,0,0,0,NA,0,0,0,0,0,0,0,0,0,0,0:0,0,0,0,NA,0
132964,Slovenia,618,Ema Lorbek,309685,-12,FALSE,0,0,2,1,6,3,0.5,0,0,NA,6,3,0,0,0,0,4,6,2,0,1,4,6,3,50,16:2,16,2,0,0.5,16
132964,Slovenia,618,Hana Jerkovic,397662,-6,FALSE,3,1,0,0,3,2,0.667,2,0,0,5,2,0,0,0,0,2,4,0,0,0,5,1,1,100,14:50,14,50,0,0.4,14.8
132964,Slovenia,618,Veronika Ferjancic,397656,-12,TRUE,4,5,4,2,9,2,0.222,0,0,NA,9,2,2,0,0,3,1,4,7,3,6,8,7,2,28.6,29:2,29,2,0,0.222,29
132964,Slovenia,618,Zala Mali,397661,-6,TRUE,2,0,0,1,1,0,0,2,1,0.5,3,1,0,0,0,0,2,3,0,0,1,2,0,0,0,11:18,11,18,0,0.333,11.3
132969,Germany,64,Amelie Mbah,367121,6,FALSE,0,0,3,0,3,2,0.667,0,0,NA,3,2,0,0,0,1,1,4,4,0,0,7,3,2,66.7,13:53,13,53,0,0.667,13.9
132969,Germany,64,Leonie Pfanzelt,391671,11,FALSE,3,1,3,0,4,1,0.25,3,0,0,7,1,0,0,0,2,0,2,5,2,1,6,4,1,25,21:17,21,17,0,0.143,21.3
132969,Germany,64,Linda Thimm,391674,-19,FALSE,1,0,2,0,0,0,NA,1,0,0,1,0,0,0,0,0,2,0,2,0,7,-5,0,0,0,12:2,12,2,0,0,12
132969,Germany,64,Moescha Feunou Bakam,395180,17,FALSE,2,1,6,3,3,2,0.667,0,0,NA,3,2,6,4,1.333,3,4,8,9,3,3,17,2,1,50,16:47,16,47,0,0.667,16.8
132969,Germany,64,Darina Zraychenko,365850,28,TRUE,4,1,2,2,3,2,0.667,8,1,0.125,11,3,2,2,0.182,1,0,9,3,2,3,8,3,2,66.7,22:47,22,47,0,0.273,22.8
132969,Germany,64,Leni Schramm-Bunning,393246,5,FALSE,2,0,2,1,1,0,0,7,0,0,8,0,2,2,0.25,0,0,2,2,0,1,-3,0,0,0,13:13,13,13,0,0,13.2
132969,Germany,64,Lara Gierlich,364854,37,TRUE,1,1,3,1,0,0,NA,10,4,0.4,10,4,0,0,0,1,1,12,4,1,2,11,0,0,0,18:43,18,43,1,0.4,18.7
132969,Germany,64,Mia Wiegand,364994,36,TRUE,5,0,3,1,7,5,0.714,5,3,0.6,12,8,1,1,0.083,0,2,20,3,4,2,26,6,4,66.7,19:56,19,56,1,0.667,19.9
132969,Germany,64,Frederike Askamp,364851,28,TRUE,0,0,5,4,5,3,0.6,3,2,0.667,8,5,8,7,0.875,0,3,19,5,3,8,15,5,3,60,21:27,21,27,1,0.625,21.4
132969,Germany,64,Mathilda Haensch,391649,33,TRUE,2,1,1,0,2,1,0.5,0,0,NA,2,1,0,0,0,2,4,2,3,0,2,5,2,1,50,14:21,14,21,0,0.5,14.3
132969,Germany,64,Nele Prowaznik,391672,-6,FALSE,1,1,3,0,2,1,0.5,0,0,NA,2,1,0,0,0,1,3,2,4,1,2,6,2,1,50,11:46,11,46,0,0.5,11.8
132969,Germany,64,Silvia Heide,364856,-11,FALSE,2,0,2,1,0,0,NA,1,0,0,1,0,2,0,0,3,1,0,5,0,0,4,0,0,0,13:48,13,48,0,0,13.8
132969,Côte d'Ivoire,44,Salimata Kone,419020,-45,TRUE,1,0,4,2,4,1,0.25,3,0,0,7,1,0,0,0,1,1,2,5,1,7,-4,4,1,25,21:25,21,25,0,0.143,21.4
132969,Côte d'Ivoire,44,Fatima Diouf,419017,-20,TRUE,2,0,0,5,9,3,0.333,9,1,0.111,18,4,4,2,0.111,1,1,11,1,5,4,-1,9,3,33.3,27:38,27,38,1,0.222,27.6
132969,Côte d'Ivoire,44,Sarah Keita,395745,-6,FALSE,0,0,1,0,3,0,0,0,0,NA,3,0,0,0,0,3,1,0,4,0,1,0,3,0,0,12:11,12,11,0,0,12.2
132969,Côte d'Ivoire,44,Ella Kone,394525,11,FALSE,3,0,3,3,1,0,0,2,0,0,3,0,6,1,0.333,0,1,1,3,5,2,2,1,0,0,17:57,17,57,0,0,18
132969,Côte d'Ivoire,44,Fatima  Konate,394918,-29,TRUE,3,0,3,2,4,0,0,1,0,0,5,0,2,1,0.2,1,2,1,4,2,4,0,4,0,0,23:21,23,21,0,0,23.4
132969,Côte d'Ivoire,44,Adja Traore,394532,-10,FALSE,0,0,0,0,2,0,0,0,0,NA,2,0,0,0,0,1,0,0,1,0,0,-1,2,0,0,6:26,6,26,0,0,6.4
132969,Côte d'Ivoire,44,Jane Mary Diomande,395280,-12,TRUE,0,0,4,8,12,5,0.417,0,0,NA,12,5,9,9,0.75,2,4,19,6,4,2,20,12,5,41.7,27:26,27,26,1,0.417,27.4
132969,Côte d'Ivoire,44,Maelhys N'dri,395285,-15,FALSE,1,2,2,0,8,2,0.25,0,0,NA,8,2,0,0,0,3,2,4,5,1,3,4,6,2,33.3,25:43,25,43,0,0.25,25.7
132969,Côte d'Ivoire,44,Abigail Dia,419023,0,FALSE,0,0,0,0,0,0,NA,0,0,NA,0,0,0,0,NA,0,0,0,0,0,0,0,0,0,0,0:0,0,0,0,NA,0
132969,Côte d'Ivoire,44,Lalya  Diarisso,395274,-26,TRUE,0,0,2,0,4,3,0.75,1,0,0,5,3,0,0,0,1,0,6,3,0,0,7,2,1,50,16:43,16,43,0,0.6,16.7
132969,Côte d'Ivoire,44,Aichata Mambone,419320,-6,FALSE,1,0,0,0,1,0,0,0,0,NA,1,0,0,0,0,1,0,0,1,0,0,1,0,0,0,3:37,3,37,0,0,3.6
132969,Côte d'Ivoire,44,Aminata  Kone,395317,-7,FALSE,1,0,3,0,4,0,0,4,1,0.25,8,1,0,0,0,0,2,3,3,1,0,1,3,0,0,17:33,17,33,0,0.125,17.6
132971,Japan,85,Ran Kobayashi,398428,-20,TRUE,1,0,1,1,3,1,0.333,5,1,0.2,8,2,2,2,0.25,4,2,7,5,0,1,6,1,1,100,26:39,26,39,0,0.25,26.6
132971,Japan,85,Sora Shimizu,398429,-7,FALSE,0,0,2,1,3,0,0,0,0,NA,3,0,2,1,0.333,2,2,1,4,1,0,2,1,0,0,16:25,16,25,0,0,16.4
132971,Japan,85,Momoka Kaji,398430,-5,FALSE,0,0,1,0,2,0,0,3,0,0,5,0,0,0,0,0,4,0,1,0,0,-4,0,0,0,13:50,13,50,0,0,13.8
132971,Japan,85,Nene Gondo,398431,6,FALSE,0,0,1,0,1,0,0,2,1,0.5,3,1,0,0,0,0,1,3,1,0,0,2,1,0,0,7:48,7,48,0,0.333,7.8
132971,Japan,85,Kako Otsuki,418549,-24,TRUE,2,0,2,4,7,2,0.286,10,3,0.3,17,5,2,1,0.059,1,2,14,3,2,1,7,6,2,33.3,30:6,30,6,1,0.294,30.1
132971,Japan,85,Miya Takeuchi,398432,-27,TRUE,7,0,2,1,8,3,0.375,4,2,0.5,12,5,0,0,0,1,0,12,3,6,5,16,6,3,50,34:10,34,10,1,0.417,34.2
132971,Japan,85,Rei Ando,398433,-9,FALSE,1,0,3,1,0,0,NA,2,0,0,2,0,2,1,0.5,0,0,1,3,0,1,1,0,0,0,10:13,10,13,0,0,10.2
132971,Japan,85,Kiino Nakazawa,398448,-7,TRUE,1,0,3,0,1,0,0,5,1,0.2,6,1,0,0,0,1,3,3,4,1,0,4,1,0,0,17:30,17,30,0,0.167,17.5
132971,Japan,85,Kohse Hosozawa,398437,-26,TRUE,1,1,0,3,4,1,0.25,10,2,0.2,14,3,4,3,0.214,2,4,11,2,5,1,7,2,0,0,33:2,33,2,1,0.214,33
132971,Japan,85,Chihiro Ito,418551,-5,FALSE,0,0,0,0,1,0,0,2,0,0,3,0,0,0,0,0,1,0,0,0,0,-3,0,0,0,7:27,7,27,0,0,7.4
132971,Japan,85,Honoka Yasui,398441,0,FALSE,0,0,0,0,0,0,NA,0,0,NA,0,0,0,0,NA,0,0,0,0,0,0,0,0,0,0,0:0,0,0,0,NA,0
132971,Japan,85,Aya Ishiwata,398446,-1,FALSE,0,0,2,0,0,0,NA,1,0,0,1,0,0,0,0,0,1,0,2,0,0,1,0,0,0,2:50,2,50,0,0,2.8
132971,New Zealand,113,Areta Kahura,373841,-8,FALSE,0,0,2,1,3,0,0,0,0,NA,3,0,2,2,0.667,0,0,2,2,0,0,1,3,0,0,10:47,10,47,0,0,10.8
132971,New Zealand,113,Charis Broughton,372748,29,TRUE,6,0,4,3,4,1,0.25,8,5,0.625,12,6,4,2,0.167,1,1,19,5,0,3,19,4,1,25,27:15,27,15,1,0.5,27.2
132971,New Zealand,113,Imani Rasmussen,377527,14,TRUE,2,1,7,4,8,4,0.5,0,0,NA,8,4,5,3,0.375,3,1,11,10,0,5,13,7,3,42.9,16:58,16,58,1,0.5,17
132971,New Zealand,113,Sinai Foai,413148,-8,FALSE,0,0,0,1,1,0,0,0,0,NA,1,0,2,1,1,1,2,1,1,0,2,-2,1,0,0,7:54,7,54,0,0,7.9
132971,New Zealand,113,Shamar Broughton,372749,13,FALSE,2,0,1,2,3,1,0.333,5,1,0.2,8,2,2,1,0.125,2,1,6,3,1,3,2,1,1,100,19:5,19,5,0,0.25,19.1
132971,New Zealand,113,Ava Jones,373843,22,TRUE,2,0,3,3,0,0,NA,4,4,1,4,4,2,0,0,2,2,12,5,1,1,17,0,0,0,19:26,19,26,1,1,19.4
132971,New Zealand,113,Elisa Brown,392990,6,FALSE,1,0,4,1,1,1,1,2,0,0,3,1,2,2,0.667,0,0,4,4,0,3,4,0,0,0,11:46,11,46,0,0.333,11.8
132971,New Zealand,113,Emilia Ainley,372891,20,TRUE,2,1,7,2,7,6,0.857,1,0,0,8,6,4,2,0.25,2,1,14,9,0,0,22,7,6,85.7,25:29,25,29,1,0.75,25.5
132971,New Zealand,113,Katie Moors,402764,8,FALSE,2,2,7,1,2,0,0,0,0,NA,2,0,0,0,0,1,2,0,8,0,0,10,2,0,0,18:8,18,8,0,0,18.1
132971,New Zealand,113,Sienna Maurice,373648,28,TRUE,6,0,3,2,2,0,0,1,0,0,3,0,2,2,0.667,1,0,2,4,1,3,7,1,0,0,22:27,22,27,0,0,22.4
132971,New Zealand,113,Madelin Eliadis,393077,0,FALSE,0,0,0,0,0,0,NA,0,0,NA,0,0,0,0,NA,0,0,0,0,0,0,0,0,0,0,0:0,0,0,0,NA,0
132971,New Zealand,113,Nahala Toeleiu,330556,1,FALSE,1,0,3,0,7,3,0.429,0,0,NA,7,3,0,0,0,2,1,6,5,2,3,7,7,3,42.9,20:45,20,45,0,0.429,20.8
132982,Italy,83,Olivia Lelli,370347,7,FALSE,2,0,1,0,3,0,0,3,0,0,6,0,0,0,0,1,1,0,2,0,0,-2,2,0,0,10:24,10,24,0,0,10.4
132982,Italy,83,Alessandra Padulo,368530,-6,FALSE,1,0,0,0,1,0,0,1,0,0,2,0,0,0,0,1,3,0,1,0,1,-1,1,0,0,5:51,5,51,0,0,5.8
132982,Italy,83,Emilia Magni,342323,0,TRUE,1,0,2,3,9,6,0.667,7,1,0.143,16,7,4,3,0.188,1,3,18,3,1,1,12,8,5,62.5,28:57,28,57,1,0.438,29
132982,Italy,83,Isabel Hassan,342219,-2,TRUE,3,0,4,2,5,1,0.2,5,0,0,10,1,2,1,0.1,0,3,3,4,2,2,0,4,1,25,24:15,24,15,0,0.1,24.2
132982,Italy,83,Sofia Zuccon,342693,3,TRUE,2,0,9,1,9,4,0.444,1,0,0,10,4,0,0,0,8,3,8,17,0,0,21,9,4,44.4,29:5,29,5,0,0.4,29.1
132982,Italy,83,Anna Sablich,367475,-1,TRUE,2,0,2,2,9,4,0.444,4,1,0.25,13,5,3,1,0.077,0,2,12,2,1,2,5,2,2,100,33:0,33,0,1,0.385,33
132982,Italy,83,Aisha Diagne,370372,5,TRUE,3,1,2,2,7,3,0.429,3,1,0.333,10,4,4,3,0.3,3,0,12,5,1,0,15,4,2,50,32:59,32,59,1,0.4,33
132982,Italy,83,Eleonora Tavella,390984,0,FALSE,0,0,0,0,0,0,NA,0,0,NA,0,0,0,0,NA,0,0,0,0,0,0,0,0,0,0,0:0,0,0,0,NA,0
132982,Italy,83,Martina Pasqualetti,369310,4,FALSE,0,0,0,0,0,0,NA,0,0,NA,0,0,0,0,NA,0,0,0,0,0,0,0,0,0,0,2:43,2,43,0,NA,2.7
132982,Italy,83,Mariana Nako Moni,369207,10,FALSE,0,0,7,4,7,3,0.429,0,0,NA,7,3,5,4,0.571,6,2,10,13,1,0,19,7,3,42.9,32:46,32,46,1,0.429,32.8
132982,Italy,83,Amelia Bianco Rossignoli,393427,0,FALSE,0,0,0,0,0,0,NA,0,0,NA,0,0,0,0,NA,0,0,0,0,0,0,0,0,0,0,0:0,0,0,0,NA,0
132982,Italy,83,Susanna Perego,330440,0,FALSE,0,0,0,0,0,0,NA,0,0,NA,0,0,0,0,NA,0,0,0,0,0,0,0,0,0,0,0:0,0,0,0,NA,0
132982,Latvia,610,Jelizaveta Naidjonova,396485,1,FALSE,5,0,4,3,7,1,0.143,1,1,1,8,2,6,3,0.375,1,3,8,5,1,0,10,7,1,14.3,18:46,18,46,0,0.25,18.8
132982,Latvia,610,Enija Brokane,372580,-2,TRUE,0,0,3,0,2,0,0,2,0,0,4,0,0,0,0,0,1,0,3,0,1,-2,1,0,0,19:41,19,41,0,0,19.7
132982,Latvia,610,Adele Priedite,396478,1,FALSE,0,0,1,0,3,2,0.667,0,0,NA,3,2,0,0,0,1,1,4,2,0,1,4,2,2,100,7:0,7,0,0,0.667,7
132982,Latvia,610,Monta Culkstena,396459,-5,FALSE,0,0,0,0,1,0,0,0,0,NA,1,0,0,0,0,0,0,0,0,0,1,-2,1,0,0,4:39,4,39,0,0,4.7
132982,Latvia,610,Melanija Reicela Lagunovica,418628,7,FALSE,2,0,3,0,1,1,1,2,1,0.5,3,2,0,0,0,1,0,5,4,0,0,10,1,1,100,16:59,16,59,0,0.667,17
132982,Latvia,610,Marta Arsentjeva,418536,0,TRUE,0,1,6,1,3,0,0,8,3,0.375,11,3,2,2,0.182,2,3,11,8,0,0,12,3,0,0,29:23,29,23,1,0.273,29.4
132982,Latvia,610,Patricija Tikmere,396482,-1,TRUE,1,0,3,6,3,2,0.667,1,0,0,4,2,8,4,1,2,1,8,5,0,1,7,3,2,66.7,34:13,34,13,0,0.5,34.2
132982,Latvia,610,Darina Ivanova,418540,-5,FALSE,0,0,0,1,1,1,1,1,0,0,2,1,2,1,0.5,0,0,3,0,1,0,2,1,1,100,7:35,7,35,0,0.5,7.6
132982,Latvia,610,Laura Kikuste,417640,0,FALSE,0,0,0,0,0,0,NA,0,0,NA,0,0,0,0,NA,0,0,0,0,0,0,0,0,0,0,0:0,0,0,0,NA,0
132982,Latvia,610,Evelina Sirsnina,396481,-7,TRUE,2,0,1,3,10,5,0.5,2,0,0,12,5,2,0,0,1,1,10,2,0,2,3,10,5,50,30:30,30,30,1,0.417,30.5
132982,Latvia,610,Madara Sakalova,418538,-3,FALSE,0,0,0,0,0,0,NA,0,0,NA,0,0,0,0,NA,0,2,0,0,0,0,0,0,0,0,1:49,1,49,0,NA,1.8
132982,Latvia,610,Sarlote Skrebele,372649,-6,TRUE,1,0,4,3,5,2,0.4,5,1,0.2,10,3,4,3,0.3,0,2,10,4,0,2,5,5,2,40,29:25,29,25,1,0.3,29.4
132970,Slovenia,618,Zala Canzek,419440,0,FALSE,0,0,0,0,0,0,NA,0,0,NA,0,0,0,0,NA,0,0,0,0,0,0,0,0,0,0,0:0,0,0,0,NA,0
132970,Slovenia,618,Julija Bukovec,397655,0,FALSE,0,0,0,0,0,0,NA,0,0,NA,0,0,0,0,NA,0,0,0,0,0,0,0,0,0,0,0:59,0,59,0,NA,1
132970,Slovenia,618,Ines Fritz,397657,4,TRUE,0,0,0,0,2,2,1,0,0,NA,2,2,0,0,0,0,5,4,0,1,1,4,2,2,100,17:4,17,4,0,1,17.1
132970,Slovenia,618,Anais Gobec,397658,1,TRUE,3,1,5,6,10,6,0.6,3,0,0,13,6,7,5,0.385,3,2,17,8,2,3,19,7,6,85.7,39:7,39,7,1,0.462,39.1
132970,Slovenia,618,Ota Pozin,372617,-4,TRUE,5,0,1,2,2,1,0.5,1,0,0,3,1,0,0,0,0,2,2,1,0,2,4,1,1,100,32:28,32,28,0,0.333,32.5
132970,Slovenia,618,Ema Stavrov,372618,-4,FALSE,0,0,3,0,3,2,0.667,0,0,NA,3,2,0,0,0,1,2,4,4,0,2,5,1,1,100,15:27,15,27,0,0.667,15.4
132970,Slovenia,618,Marina Josipovic,397659,-2,FALSE,0,0,0,0,1,0,0,0,0,NA,1,0,0,0,0,0,0,0,0,0,0,-1,1,0,0,2:58,2,58,0,0,3
132970,Slovenia,618,Ema Krzisnik,372611,0,FALSE,0,0,0,0,0,0,NA,0,0,NA,0,0,0,0,NA,0,0,0,0,0,0,0,0,0,0,0:0,0,0,0,NA,0
132970,Slovenia,618,Ema Lorbek,309685,-2,FALSE,0,0,1,3,7,4,0.571,1,1,1,8,5,4,4,0.5,1,4,15,2,0,0,14,6,4,66.7,23:1,23,1,1,0.625,23
132970,Slovenia,618,Hana Jerkovic,397662,5,FALSE,4,0,2,2,10,6,0.6,5,3,0.6,15,9,0,0,0,0,2,21,2,0,1,20,6,5,83.3,30:31,30,31,1,0.6,30.5
132970,Slovenia,618,Veronika Ferjancic,397656,-5,TRUE,3,4,11,3,10,4,0.4,1,0,0,11,4,0,0,0,2,2,8,13,0,4,17,9,3,33.3,32:22,32,22,0,0.364,32.4
132970,Slovenia,618,Zala Mali,397661,-3,TRUE,0,1,0,0,1,0,0,0,0,NA,1,0,0,0,0,0,0,0,0,1,0,1,1,0,0,6:3,6,3,0,0,6
132970,People 's Republic of China,39,Xuan Sun,398033,-3,TRUE,6,0,0,4,0,0,NA,5,1,0.2,5,1,0,0,0,2,2,3,2,1,2,6,0,0,0,31:49,31,49,0,0.2,31.8
132970,People 's Republic of China,39,Xinyue Wang,417553,3,FALSE,0,0,0,0,1,0,0,0,0,NA,1,0,0,0,0,0,0,0,0,0,0,-1,1,0,0,2:6,2,6,0,0,2.1
132970,People 's Republic of China,39,Yu Jia,417551,5,TRUE,2,0,0,1,5,4,0.8,2,0,0,7,4,2,1,0.143,0,2,9,0,0,0,7,2,2,100,28:40,28,40,0,0.571,28.7
132970,People 's Republic of China,39,Ruoyan Sun,398031,0,FALSE,0,0,0,0,0,0,NA,0,0,NA,0,0,0,0,NA,0,0,0,0,0,0,0,0,0,0,0:0,0,0,0,NA,0
132970,People 's Republic of China,39,Ying Feng,417550,3,FALSE,1,0,1,2,1,1,1,2,2,1,3,3,1,1,0.333,1,0,9,2,0,1,11,1,1,100,9:14,9,14,0,1,9.2
132970,People 's Republic of China,39,Mengjie Wu,417555,-3,TRUE,0,0,1,0,0,0,NA,0,0,NA,0,0,0,0,NA,0,2,0,1,1,0,2,0,0,0,13:21,13,21,0,NA,13.3
132970,People 's Republic of China,39,Yuanshan Li,398035,-1,FALSE,1,0,2,5,7,5,0.714,14,5,0.357,21,10,6,5,0.238,0,1,30,2,2,1,22,6,4,66.7,35:46,35,46,1,0.476,35.8
132970,People 's Republic of China,39,Hanyun Sun,397968,0,TRUE,4,0,5,5,11,1,0.091,7,1,0.143,18,2,6,5,0.278,2,1,10,7,0,2,2,10,1,10,34:5,34,5,1,0.111,34.1
132970,People 's Republic of China,39,Yunshu Pang,398029,-1,TRUE,0,0,6,0,4,2,0.5,0,0,NA,4,2,0,0,0,1,5,4,7,1,1,9,4,2,50,19:19,19,19,0,0.5,19.3
132970,People 's Republic of China,39,Yatong Tang,398037,0,FALSE,1,0,2,1,2,1,0.5,0,0,NA,2,1,2,1,0.5,0,3,3,2,1,0,5,2,1,50,17:43,17,43,0,0.5,17.7
132970,People 's Republic of China,39,Jiayi Wan,417552,7,FALSE,1,0,2,1,3,2,0.667,0,0,NA,3,2,1,1,0.333,0,0,5,2,0,0,7,3,2,66.7,7:56,7,56,0,0.667,7.9
132970,People 's Republic of China,39,Yiming Wang,417554,0,FALSE,0,0,0,0,0,0,NA,0,0,NA,0,0,0,0,NA,0,0,0,0,0,0,0,0,0,0,0:0,0,0,0,NA,0
132968,Mexico,104,Jordan Martin,372198,0,FALSE,2,1,1,3,2,1,0.5,0,0,NA,2,1,6,4,2,0,1,6,1,0,0,7,2,1,50,14:57,14,57,0,0.5,14.9
132968,Mexico,104,Mariana Diaz,372202,-10,TRUE,0,0,6,2,7,4,0.571,5,1,0.2,12,5,0,0,0,0,0,11,6,1,5,6,4,3,75,35:53,35,53,1,0.417,35.9
132968,Mexico,104,Jimena Velazquez,372193,-8,TRUE,9,2,4,6,12,6,0.5,4,0,0,16,6,5,3,0.188,0,4,15,4,4,3,19,12,6,50,40:0,40,0,1,0.375,40
132968,Mexico,104,Meredith Jaime,372364,-2,FALSE,1,0,1,0,0,0,NA,0,0,NA,0,0,0,0,NA,0,0,0,1,1,1,2,0,0,0,9:39,9,39,0,NA,9.7
132968,Mexico,104,Ivanna Olalde,393870,-6,FALSE,2,0,1,2,6,3,0.5,0,0,NA,6,3,4,1,0.167,1,1,7,2,0,3,2,6,3,50,13:5,13,5,0,0.5,13.1
132968,Mexico,104,Aislin Tamez,372195,0,FALSE,0,0,0,0,0,0,NA,0,0,NA,0,0,0,0,NA,0,0,0,0,0,0,0,0,0,0,0:0,0,0,0,NA,0
132968,Mexico,104,Andrea Lopez,393997,-5,FALSE,0,0,0,0,1,0,0,0,0,NA,1,0,0,0,0,1,0,0,1,0,0,0,1,0,0,3:45,3,45,0,0,3.8
132968,Mexico,104,Yania Valverde,372209,-7,TRUE,0,0,4,2,14,6,0.429,3,0,0,17,6,2,1,0.059,2,3,13,6,3,1,9,12,5,41.7,25:24,25,24,1,0.353,25.4
132968,Mexico,104,Isamar Rumbo,372250,1,TRUE,5,0,3,2,1,1,1,6,2,0.333,7,3,0,0,0,1,2,8,4,3,4,12,1,1,100,30:43,30,43,0,0.429,30.7
132968,Mexico,104,Isabella Martinez,393869,0,FALSE,0,0,0,0,0,0,NA,0,0,NA,0,0,0,0,NA,0,0,0,0,0,0,0,0,0,0,0:0,0,0,0,NA,0
132968,Mexico,104,Marisol Gomez,372249,-10,TRUE,0,1,3,1,5,1,0.2,1,1,1,6,2,2,1,0.167,2,2,6,5,1,1,7,4,1,25,22:8,22,8,0,0.333,22.1
132968,Mexico,104,Samantha Patino,372191,7,FALSE,0,0,3,0,0,0,NA,1,0,0,1,0,0,0,0,0,0,0,3,0,0,2,0,0,0,4:26,4,26,0,0,4.4
132968,Czechia,886,Sofia Robson,372072,-4,TRUE,4,0,2,1,5,1,0.2,3,0,0,8,1,0,0,0,1,2,2,3,3,3,2,3,1,33.3,28:5,28,5,0,0.125,28.1
132968,Czechia,886,Dominika Pencakova,396271,4,TRUE,1,1,6,3,14,7,0.5,12,3,0.25,26,10,2,1,0.038,1,3,24,7,3,2,17,13,7,53.8,35:12,35,12,1,0.385,35.2
132968,Czechia,886,Ema Novakova,396274,-5,TRUE,1,1,6,1,9,4,0.444,1,1,1,10,5,0,0,0,1,2,11,7,0,2,13,9,4,44.4,23:51,23,51,1,0.5,23.9
132968,Czechia,886,Ema Bartosova,396277,-2,TRUE,0,2,3,1,4,4,1,0,0,NA,4,4,0,0,0,4,3,8,7,2,5,14,4,4,100,19:21,19,21,0,1,19.4
132968,Czechia,886,Anezka Misikova,372423,0,FALSE,0,0,0,0,0,0,NA,0,0,NA,0,0,0,0,NA,0,0,0,0,0,0,0,0,0,0,0:0,0,0,0,NA,0
132968,Czechia,886,Tereza Sykorova,397449,15,FALSE,5,0,2,1,2,2,1,0,0,NA,2,2,2,1,0.5,0,1,5,2,3,1,13,2,2,100,16:56,16,56,0,1,16.9
132968,Czechia,886,Linda Kotrcova,396282,11,TRUE,1,1,3,4,4,1,0.25,3,1,0.333,7,2,5,5,0.714,1,4,10,4,0,2,9,4,1,25,25:16,25,16,1,0.286,25.3
132968,Czechia,886,Martina Parizkova,396273,0,FALSE,0,0,0,0,0,0,NA,0,0,NA,0,0,0,0,NA,0,0,0,0,0,0,0,0,0,0,0:0,0,0,0,NA,0
132968,Czechia,886,Vendula Salakova,396272,1,FALSE,3,2,1,0,2,0,0,3,0,0,5,0,0,0,0,0,0,0,1,2,3,0,2,0,0,18:46,18,46,0,0,18.8
132968,Czechia,886,Laura Marcolova,396279,12,FALSE,3,0,0,0,2,0,0,3,2,0.667,5,2,0,0,0,0,0,6,0,0,0,6,1,0,0,12:41,12,41,0,0.4,12.7
132968,Czechia,886,Adela Ruzickova,397348,0,FALSE,0,0,0,0,0,0,NA,0,0,NA,0,0,0,0,NA,0,0,0,0,0,0,0,0,0,0,0:0,0,0,0,NA,0
132968,Czechia,886,Julie Prichystalova,396123,8,FALSE,2,2,3,2,6,3,0.5,0,0,NA,6,3,2,2,0.333,4,3,8,7,1,0,17,6,3,50,19:53,19,53,0,0.5,19.9
132973,Australia,16,Jay Sebasio,413854,0,FALSE,0,0,0,0,0,0,NA,0,0,NA,0,0,0,0,NA,0,0,0,0,0,0,0,0,0,0,0:0,0,0,0,NA,0
132973,Australia,16,Daisy Hocking,374917,0,FALSE,0,0,0,0,0,0,NA,0,0,NA,0,0,0,0,NA,0,0,0,0,0,0,0,0,0,0,0:0,0,0,0,NA,0
132973,Australia,16,Isabel Smith,375151,-9,TRUE,1,1,2,2,4,2,0.5,3,0,0,7,2,2,1,0.143,1,0,5,3,1,2,3,4,2,50,28:36,28,36,0,0.286,28.6
132973,Australia,16,Olivia Olechnowicz,375153,-9,TRUE,0,0,4,5,3,2,0.667,2,0,0,5,2,6,4,0.8,4,1,8,8,2,3,10,3,2,66.7,31:55,31,55,0,0.4,31.9
132973,Australia,16,Jade Sherrington,374416,-2,FALSE,0,0,1,0,1,0,0,1,0,0,2,0,0,0,0,1,0,0,2,0,0,0,1,0,0,8:19,8,19,0,0,8.3
132973,Australia,16,Jasmine Jones,397715,3,FALSE,4,0,5,1,4,1,0.25,4,1,0.25,8,2,0,0,0,0,1,5,5,0,2,6,4,1,25,21:57,21,57,0,0.25,22
132973,Australia,16,Sophie Richardson,374418,3,FALSE,0,1,7,2,2,0,0,9,3,0.333,11,3,2,1,0.091,0,2,10,7,1,5,5,1,0,0,27:23,27,23,1,0.273,27.4
132973,Australia,16,Madison Ryan,362696,-7,TRUE,4,2,7,5,10,6,0.6,5,0,0,15,6,2,0,0,2,2,12,9,0,3,13,9,5,55.6,40:0,40,0,1,0.4,40
132973,Australia,16,Lily Mapp,376691,3,FALSE,2,0,0,0,1,1,1,0,0,NA,1,1,0,0,0,1,2,2,1,1,0,6,1,1,100,3:4,3,4,0,1,3.1
132973,Australia,16,Eliza Ashby,397713,0,FALSE,0,0,0,0,0,0,NA,0,0,NA,0,0,0,0,NA,0,0,0,0,0,0,0,0,0,0,0:0,0,0,0,NA,0
132973,Australia,16,Matilda Trout,397396,-15,TRUE,1,0,2,4,2,1,0.5,0,0,NA,2,1,4,3,1.5,3,3,5,5,0,6,3,2,1,50,27:46,27,46,0,0.5,27.8
132973,Australia,16,Jemyma Manyok,378927,-2,TRUE,0,2,1,0,3,2,0.667,0,0,NA,3,2,0,0,0,1,3,4,2,0,0,7,3,2,66.7,11:0,11,0,0,0.667,11
132973,Spain,138,Paula Valenzuela,395390,5,TRUE,1,0,3,3,4,1,0.25,3,0,0,7,1,4,2,0.286,2,1,4,5,1,0,3,4,1,25,28:26,28,26,0,0.143,28.4
132973,Spain,138,Isabel Hernandez,395391,1,TRUE,5,0,1,3,8,3,0.375,9,2,0.222,17,5,2,1,0.059,0,2,13,1,4,1,9,8,3,37.5,27:3,27,3,1,0.294,27
132973,Spain,138,Carla Cherry,392047,7,FALSE,3,0,0,0,1,0,0,0,0,NA,1,0,0,0,0,0,1,0,0,1,0,3,0,0,0,10:50,10,50,0,0,10.8
132973,Spain,138,Ona Balleste,395392,5,FALSE,3,0,2,2,1,0,0,9,3,0.333,10,3,0,0,0,1,2,9,3,2,2,8,1,0,0,18:2,18,2,0,0.3,18
132973,Spain,138,Sarai Teijeira,395401,-1,FALSE,0,0,0,0,2,1,0.5,0,0,NA,2,1,0,0,0,0,0,2,0,0,1,0,2,1,50,6:39,6,39,0,0.5,6.7
132973,Spain,138,Elia Pérez,373071,0,FALSE,0,0,0,0,0,0,NA,0,0,NA,0,0,0,0,NA,0,0,0,0,0,0,0,0,0,0,0:0,0,0,0,NA,0
132973,Spain,138,Trinity Ezeanatogu,370376,8,TRUE,3,2,4,3,9,1,0.111,1,0,0,10,1,4,2,0.2,2,1,4,6,4,1,7,7,1,14.3,36:16,36,16,0,0.1,36.3
132973,Spain,138,Elizabeth Abubakar,395799,0,FALSE,0,0,0,0,0,0,NA,0,0,NA,0,0,0,0,NA,0,0,0,0,0,0,0,0,0,0,0:0,0,0,0,NA,0
132973,Spain,138,Amelia Alonso,370798,-1,TRUE,0,0,1,0,2,1,0.5,2,1,0.5,4,2,0,0,0,1,5,5,2,1,1,5,2,1,50,8:46,8,46,0,0.5,8.8
132973,Spain,138,Ana Maria Hernanz,417696,6,FALSE,2,0,2,1,4,3,0.75,5,1,0.2,9,4,2,2,0.222,7,4,11,9,2,1,18,3,2,66.7,21:23,21,23,1,0.444,21.4
132973,Spain,138,Sandra Davila,373075,10,TRUE,1,0,2,0,5,1,0.2,3,2,0.667,8,3,0,0,0,4,2,8,6,0,3,7,5,1,20,29:21,29,21,0,0.375,29.4
132973,Spain,138,Anna Smykovskaia,417675,-5,FALSE,0,0,4,2,2,1,0.5,0,0,NA,2,1,0,0,0,2,1,2,6,0,1,6,2,1,50,13:15,13,15,0,0.5,13.2
132983,Egypt,53,Hania  Hassabelnaby,398079,22,TRUE,1,0,4,2,9,5,0.556,1,0,0,10,5,4,3,0.3,1,2,13,5,2,1,14,9,5,55.6,19:39,19,39,1,0.5,19.6
132983,Egypt,53,Dana Abdalla,397558,0,FALSE,0,0,0,0,0,0,NA,0,0,NA,0,0,0,0,NA,0,0,0,0,0,0,0,0,0,0,0:0,0,0,0,NA,0
132983,Egypt,53,Fatma Abdella,398067,19,TRUE,3,0,3,1,2,1,0.5,1,0,0,3,1,0,0,0,1,4,2,4,2,6,3,2,1,50,20:0,20,0,0,0.333,20
132983,Egypt,53,Jodi  Abdalla,398080,14,FALSE,0,0,4,2,6,1,0.167,0,0,NA,6,1,2,0,0,1,1,2,5,0,1,-1,6,1,16.7,16:16,16,16,0,0.167,16.3
132983,Egypt,53,Mariam Elshenawy,371622,16,TRUE,1,1,3,4,4,3,0.75,1,0,0,5,3,3,2,0.4,3,1,8,6,0,0,13,4,3,75,15:10,15,10,0,0.6,15.2
132983,Egypt,53,Hala Fetet,398133,2,FALSE,0,1,2,0,3,2,0.667,1,1,1,4,3,0,0,0,1,2,7,3,0,0,10,3,2,66.7,14:44,14,44,0,0.75,14.7
132983,Egypt,53,Joudi Elsayed,371623,20,FALSE,2,1,4,2,6,1,0.167,5,2,0.4,11,3,2,1,0.091,0,3,9,4,1,0,8,6,1,16.7,22:28,22,28,0,0.273,22.5
132983,Egypt,53,Habiba Gamal Rizk,417067,6,FALSE,1,0,7,3,1,1,1,2,0,0,3,1,3,2,0.667,1,0,4,8,1,3,8,1,1,100,17:2,17,2,0,0.333,17
132983,Egypt,53,Leila  Eissa,398078,28,TRUE,8,0,1,0,3,2,0.667,7,2,0.286,10,4,0,0,0,2,1,10,3,2,2,15,3,2,66.7,19:38,19,38,1,0.4,19.6
132983,Egypt,53,Habiba Soliman,398065,13,FALSE,2,0,1,0,3,2,0.667,4,0,0,7,2,0,0,0,0,0,4,1,1,1,2,3,2,66.7,21:13,21,13,0,0.286,21.2
132983,Egypt,53,Zeina Amin,398059,19,TRUE,2,3,4,2,5,2,0.4,0,0,NA,5,2,4,2,0.4,0,1,6,4,1,1,10,4,2,50,20:0,20,0,0,0.4,20
132983,Egypt,53,Sedra   Elshafey,398076,21,FALSE,1,0,5,1,3,3,1,1,0,0,4,3,1,1,0.25,0,1,7,5,0,0,12,3,3,100,13:50,13,50,0,0.75,13.8
132983,Colombia,40,Alisson Restrepo,381472,-10,TRUE,0,0,3,1,5,2,0.4,2,0,0,7,2,0,0,0,0,2,4,3,0,4,-2,4,2,50,18:22,18,22,0,0.286,18.4
132983,Colombia,40,Elba Escorcia,381474,-15,FALSE,1,0,0,1,4,2,0.5,1,0,0,5,2,2,1,0.2,1,0,5,1,1,2,2,4,2,50,18:22,18,22,0,0.4,18.4
132983,Colombia,40,Keren Bertel,357693,-24,TRUE,0,0,0,6,8,2,0.25,5,0,0,13,2,5,4,0.308,2,2,8,2,4,2,0,7,2,28.6,25:15,25,15,0,0.154,25.2
132983,Colombia,40,Maria Superlano,404766,-5,FALSE,0,0,0,1,0,0,NA,0,0,NA,0,0,0,0,NA,0,0,0,0,0,0,0,0,0,0,1:59,1,59,0,NA,2
132983,Colombia,40,Hannah Sofia Florez Perez,393968,-5,FALSE,1,2,3,0,4,2,0.5,0,0,NA,4,2,0,0,0,1,1,4,4,0,1,8,4,2,50,12:14,12,14,0,0.5,12.2
132983,Colombia,40,Diocelin Zuniga Hurtado,404768,-23,TRUE,0,0,8,3,6,2,0.333,0,0,NA,6,2,4,1,0.167,1,2,5,9,2,3,6,6,2,33.3,24:42,24,42,0,0.333,24.7
132983,Colombia,40,Sara Murillo,381662,-14,FALSE,0,0,1,1,2,0,0,2,1,0.5,4,1,0,0,0,0,0,3,1,2,0,3,1,0,0,15:2,15,2,0,0.25,15
132983,Colombia,40,Dayra Pedroza,404769,-22,FALSE,0,0,0,1,3,1,0.333,0,0,NA,3,1,0,0,0,0,0,2,0,0,1,-1,2,0,0,15:34,15,34,0,0.333,15.6
132983,Colombia,40,Mariangel Serna,393403,-26,TRUE,3,1,2,1,4,1,0.25,1,0,0,5,1,0,0,0,0,3,2,2,0,5,-1,4,1,25,24:56,24,56,0,0.2,24.9
132983,Colombia,40,Maria Mendez,381543,-14,FALSE,2,0,4,0,8,1,0.125,2,0,0,10,1,0,0,0,0,3,2,4,1,2,-2,6,1,16.7,19:59,19,59,0,0.1,20
132983,Colombia,40,Maria Millan,381530,-14,FALSE,0,0,0,1,2,0,0,1,0,0,3,0,2,1,0.333,1,0,1,1,1,1,-2,2,0,0,11:14,11,14,0,0,11.2
132983,Colombia,40,Mariana Paz,393402,-8,TRUE,1,0,4,0,1,0,0,0,0,NA,1,0,0,0,0,1,4,0,5,1,0,6,0,0,0,12:21,12,21,0,0,12.3
132972,USA,154,Morghan Reckley,393522,31,TRUE,7,0,0,6,2,2,1,1,0,0,3,2,7,5,1.667,0,3,9,0,1,6,8,2,2,100,18:53,18,53,0,0.667,18.9
132972,USA,154,Jazman Bailey,393401,3,FALSE,5,0,1,1,0,0,NA,0,0,NA,0,0,0,0,NA,0,3,0,1,2,1,7,0,0,0,17:25,17,25,0,NA,17.4
132972,USA,154,Nation Williams,368603,24,FALSE,3,1,5,4,12,5,0.417,0,0,NA,12,5,7,4,0.333,6,3,14,11,6,1,24,10,4,40,18:49,18,49,1,0.417,18.8
132972,USA,154,Tatianna Griffin,393461,20,FALSE,1,1,1,0,3,2,0.667,4,2,0.5,7,4,0,0,0,0,3,10,1,0,1,9,1,1,100,14:57,14,57,1,0.571,14.9
132972,USA,154,Ivanna Wilson Manyacka,368604,10,TRUE,1,0,3,2,7,5,0.714,4,1,0.25,11,6,3,1,0.091,5,2,14,8,2,1,17,5,4,80,24:16,24,16,1,0.545,24.3
132972,USA,154,Micah Ojo,393521,1,TRUE,1,1,4,1,5,1,0.2,5,1,0.2,10,2,0,0,0,2,2,5,6,0,0,5,4,1,25,18:40,18,40,0,0.2,18.7
132972,USA,154,Maliya Hunter,393535,15,FALSE,0,0,1,2,2,2,1,0,0,NA,2,2,4,3,1.5,1,0,7,2,0,0,8,2,2,100,12:3,12,3,0,1,12.1
132972,USA,154,Arianna Robinson,393523,18,FALSE,0,0,0,1,4,1,0.25,1,0,0,5,1,2,1,0.2,1,1,3,1,0,2,-3,3,1,33.3,10:55,10,55,0,0.2,10.9
132972,USA,154,Olivia Jones,393519,0,TRUE,2,1,1,0,4,1,0.25,3,1,0.333,7,2,0,0,0,1,2,5,2,0,1,4,3,1,33.3,20:19,20,19,0,0.286,20.3
132972,USA,154,Eve Long,393520,4,TRUE,1,2,1,4,10,4,0.4,1,0,0,11,4,7,7,0.636,5,1,15,6,2,1,18,7,3,42.9,22:7,22,7,1,0.364,22.1
132972,USA,154,Nya Riak,417253,-5,FALSE,0,0,4,0,1,1,1,1,0,0,2,1,0,0,0,0,0,2,4,0,2,3,1,1,100,9:5,9,5,0,0.5,9.1
132972,USA,154,Caroline Bradley,393404,9,FALSE,2,1,2,0,3,1,0.333,0,0,NA,3,1,0,0,0,2,2,2,4,0,1,6,3,1,33.3,12:31,12,31,0,0.333,12.5
132972,Canada,34,Lexi Wee,392597,-27,FALSE,4,0,1,2,5,1,0.2,2,0,0,7,1,2,2,0.286,2,2,4,3,0,5,0,4,1,25,22:14,22,14,0,0.143,22.2
132972,Canada,34,Jordyn Nohr,368220,-3,FALSE,2,0,0,0,1,1,1,1,1,1,2,2,0,0,0,0,2,5,0,0,0,7,0,0,0,11:27,11,27,0,1,11.4
132972,Canada,34,Samera Jeffers,416072,0,FALSE,0,0,0,0,0,0,NA,0,0,NA,0,0,0,0,NA,0,0,0,0,0,0,0,0,0,0,0:0,0,0,0,NA,0
132972,Canada,34,Portia Reisen,392599,-17,TRUE,1,0,1,5,2,0,0,7,2,0.286,9,2,6,4,0.444,1,3,10,2,1,6,-1,2,0,0,24:14,24,14,1,0.222,24.2
132972,Canada,34,Ashley Vande Ven,392595,-28,TRUE,2,1,6,1,1,1,1,3,2,0.667,4,3,2,1,0.25,1,3,9,7,1,2,16,0,0,0,30:26,30,26,0,0.75,30.4
132972,Canada,34,Pippa Gibb,392593,-6,FALSE,1,0,1,1,0,0,NA,3,0,0,3,0,0,0,0,0,0,0,1,0,4,-5,0,0,0,7:29,7,29,0,0,7.5
132972,Canada,34,Avery Arije,342484,-9,TRUE,3,0,2,3,12,4,0.333,1,0,0,13,4,6,4,0.308,2,2,12,4,1,2,7,10,3,30,25:14,25,14,1,0.308,25.2
132972,Canada,34,Grace Pongang,392596,-8,FALSE,1,1,3,2,0,0,NA,0,0,NA,0,0,0,0,NA,0,2,0,3,0,2,3,0,0,0,12:14,12,14,0,NA,12.2
132972,Canada,34,Emerald Nnani,392588,-5,TRUE,2,0,1,4,7,2,0.286,0,0,NA,7,2,3,2,0.286,2,3,6,3,2,0,7,7,2,28.6,22:3,22,3,0,0.286,22
132972,Canada,34,Frances Vollett,392584,-16,TRUE,0,2,3,4,7,3,0.429,2,0,0,9,3,7,6,0.667,2,1,12,5,0,2,10,7,3,42.9,29:22,29,22,1,0.333,29.4
132972,Canada,34,Sienna Morris,392594,-5,FALSE,0,1,0,0,2,1,0.5,0,0,NA,2,1,0,0,0,1,2,2,1,2,1,4,1,0,0,8:46,8,46,0,0.5,8.8
132972,Canada,34,Gabrielle Fajemirokun,392589,-6,FALSE,0,1,0,0,0,0,NA,0,0,NA,0,0,0,0,NA,0,1,0,0,0,0,1,0,0,0,6:31,6,31,0,NA,6.5
132974,Mexico,104,Jordan Martin,372198,11,FALSE,2,0,1,2,6,3,0.5,0,0,NA,6,3,4,3,0.5,4,4,9,5,1,1,12,6,3,50,15:44,15,44,0,0.5,15.7
132974,Mexico,104,Mariana Diaz,372202,11,TRUE,2,1,5,6,6,3,0.5,7,2,0.286,13,5,10,7,0.538,3,1,19,8,2,7,14,5,2,40,36:42,36,42,1,0.385,36.7
132974,Mexico,104,Jimena Velazquez,372193,19,TRUE,6,0,4,5,7,5,0.714,0,0,NA,7,5,7,4,0.571,0,3,14,4,3,5,17,7,5,71.4,34:48,34,48,1,0.714,34.8
132974,Mexico,104,Meredith Jaime,372364,-8,FALSE,1,0,1,0,0,0,NA,2,0,0,2,0,0,0,0,2,1,0,3,0,1,1,0,0,0,8:31,8,31,0,0,8.5
132974,Mexico,104,Ivanna Olalde,393870,12,FALSE,6,0,7,4,8,2,0.25,0,0,NA,8,2,5,1,0.125,0,5,5,7,3,4,7,8,2,25,19:55,19,55,0,0.25,19.9
132974,Mexico,104,Aislin Tamez,372195,0,FALSE,0,0,0,0,0,0,NA,0,0,NA,0,0,0,0,NA,0,0,0,0,0,0,0,0,0,0,0:0,0,0,0,NA,0
132974,Mexico,104,Andrea Lopez,393997,-1,FALSE,0,0,0,0,2,0,0,0,0,NA,2,0,0,0,0,1,1,0,1,0,0,-1,2,0,0,3:24,3,24,0,0,3.4
132974,Mexico,104,Yania Valverde,372209,10,TRUE,7,3,3,2,9,5,0.556,0,0,NA,9,5,2,1,0.111,2,2,11,5,1,2,20,8,5,62.5,25:21,25,21,1,0.556,25.4
132974,Mexico,104,Isamar Rumbo,372250,5,TRUE,4,0,3,3,2,1,0.5,2,0,0,4,1,0,0,0,0,1,2,3,4,3,7,2,1,50,14:53,14,53,0,0.25,14.9
132974,Mexico,104,Isabella Martinez,393869,22,FALSE,2,0,1,3,5,5,1,2,1,0.5,7,6,6,6,0.857,0,3,19,1,1,1,21,5,5,100,21:42,21,42,1,0.857,21.7
132974,Mexico,104,Marisol Gomez,372249,-1,TRUE,1,0,7,1,3,2,0.667,2,1,0.5,5,3,2,1,0.2,0,4,8,7,1,1,13,2,1,50,15:11,15,11,0,0.6,15.2
132974,Mexico,104,Samantha Patino,372191,0,FALSE,1,0,1,1,0,0,NA,0,0,NA,0,0,2,1,Inf,0,1,1,1,0,0,2,0,0,0,3:49,3,49,0,NA,3.8
132974,Côte d'Ivoire,44,Salimata Kone,419020,-14,TRUE,5,0,2,3,9,2,0.222,0,0,NA,9,2,4,2,0.222,2,3,6,4,3,3,6,7,2,28.6,28:58,28,58,0,0.222,29
132974,Côte d'Ivoire,44,Fatima Diouf,419017,-5,TRUE,3,0,3,9,6,3,0.5,9,5,0.556,15,8,14,8,0.533,1,3,29,4,3,3,23,5,2,40,31:2,31,2,1,0.533,31
132974,Côte d'Ivoire,44,Sarah Keita,395745,4,TRUE,0,3,0,1,1,0,0,0,0,NA,1,0,0,0,0,0,4,0,0,1,1,2,1,0,0,5:58,5,58,0,0,6
132974,Côte d'Ivoire,44,Ella Kone,394525,-5,FALSE,1,0,0,0,2,1,0.5,3,1,0.333,5,2,0,0,0,0,1,5,0,0,2,1,2,1,50,18:12,18,12,0,0.4,18.2
132974,Côte d'Ivoire,44,Fatima  Konate,394918,-12,TRUE,2,0,3,1,5,0,0,1,1,1,6,1,2,2,0.333,1,4,5,4,0,0,6,5,0,0,17:46,17,46,0,0.167,17.8
132974,Côte d'Ivoire,44,Adja Traore,394532,-4,FALSE,0,0,1,0,2,1,0.5,0,0,NA,2,1,0,0,0,1,1,2,2,1,1,3,1,1,100,8:35,8,35,0,0.5,8.6
132974,Côte d'Ivoire,44,Jane Mary Diomande,395280,-1,TRUE,3,1,4,7,4,1,0.25,0,0,NA,4,1,14,4,1,0,4,6,4,1,4,-2,4,1,25,19:16,19,16,0,0.25,19.3
132974,Côte d'Ivoire,44,Maelhys N'dri ,395285,-7,FALSE,1,0,1,0,6,2,0.333,1,0,0,7,2,1,0,0,2,1,4,3,2,0,4,5,1,20,17:25,17,25,0,0.286,17.4
132974,Côte d'Ivoire,44,Abigail Dia,419023,0,FALSE,0,0,0,0,0,0,NA,0,0,NA,0,0,0,0,NA,0,0,0,0,0,0,0,0,0,0,0:0,0,0,0,NA,0
132974,Côte d'Ivoire,44,Lalya  Diarisso ,395274,-14,FALSE,1,0,2,1,5,1,0.2,4,2,0.5,9,3,2,0,0,0,1,8,2,1,2,2,2,0,0,25:33,25,33,0,0.333,25.6
132974,Côte d'Ivoire,44,Aichata Mambone,419320,-14,FALSE,0,0,2,0,2,0,0,0,0,NA,2,0,0,0,0,0,2,0,2,0,1,-1,2,0,0,11:30,11,30,0,0,11.5
132974,Côte d'Ivoire,44,Aminata  Kone,395317,-8,FALSE,1,0,5,3,2,2,1,2,0,0,4,2,4,3,0.75,0,3,7,5,3,2,11,1,1,100,15:45,15,45,0,0.5,15.8
132975,Czechia,886,Sofia Robson,372072,-16,TRUE,2,0,5,2,5,2,0.4,1,0,0,6,2,4,2,0.333,2,2,6,7,1,2,8,5,2,40,24:59,24,59,0,0.333,25
132975,Czechia,886,Dominika Pencakova,396271,-18,TRUE,3,1,2,3,5,2,0.4,6,0,0,11,2,4,4,0.364,2,2,8,4,4,2,9,4,2,50,25:31,25,31,0,0.182,25.5
132975,Czechia,886,Ema Novakova,396274,-12,TRUE,0,0,5,0,8,1,0.125,0,0,NA,8,1,0,0,0,4,1,2,9,0,1,3,8,1,12.5,21:11,21,11,0,0.125,21.2
132975,Czechia,886,Ema Bartosova,396277,-6,TRUE,2,0,1,1,9,1,0.111,0,0,NA,9,1,0,0,0,4,4,2,5,2,3,0,9,1,11.1,20:36,20,36,0,0.111,20.6
132975,Czechia,886,Anezka Misikova,372423,2,FALSE,2,0,1,1,1,0,0,2,0,0,3,0,2,1,0.333,0,0,1,1,1,2,-1,1,0,0,10:6,10,6,0,0,10.1
132975,Czechia,886,Tereza Sykorova,397449,-14,FALSE,1,1,1,1,5,3,0.6,0,0,NA,5,3,2,1,0.2,0,1,7,1,1,5,3,5,3,60,15:11,15,11,0,0.6,15.2
132975,Czechia,886,Linda Kotrcova,396282,-19,TRUE,0,0,2,7,9,2,0.222,4,1,0.25,13,3,8,3,0.231,1,2,10,3,1,3,-4,8,2,25,23:56,23,56,1,0.231,23.9
132975,Czechia,886,Martina Parizkova,396273,0,FALSE,0,0,0,1,1,0,0,0,0,NA,1,0,2,1,1,1,5,1,1,2,0,2,1,0,0,8:55,8,55,0,0,8.9
132975,Czechia,886,Vendula Salakova,396272,-15,FALSE,1,1,1,0,2,0,0,1,0,0,3,0,0,0,0,1,1,0,2,0,3,-2,2,0,0,16:57,16,57,0,0,17
132975,Czechia,886,Laura Marcolova,396279,-15,FALSE,0,0,1,1,1,0,0,2,0,0,3,0,2,0,0,2,0,0,3,3,2,-1,1,0,0,11:41,11,41,0,0,11.7
132975,Czechia,886,Adela Ruzickova,397348,-1,FALSE,1,0,2,0,1,0,0,0,0,NA,1,0,0,0,0,1,0,0,3,2,1,4,1,0,0,8:12,8,12,0,0,8.2
132975,Czechia,886,Julie Prichystalova,396123,-16,FALSE,1,0,0,1,2,0,0,0,0,NA,2,0,0,0,0,0,4,0,0,0,2,-3,2,0,0,12:45,12,45,0,0,12.8
132975,Germany,64,Amelie Mbah,367121,20,FALSE,1,3,2,0,1,1,1,0,0,NA,1,1,0,0,0,2,1,2,4,0,0,10,1,1,100,11:8,11,8,0,1,11.1
132975,Germany,64,Leonie Pfanzelt,391671,21,FALSE,1,0,3,5,3,2,0.667,2,1,0.5,5,3,2,2,0.4,0,3,9,3,3,6,8,3,2,66.7,20:33,20,33,0,0.6,20.6
132975,Germany,64,Linda Thimm,391674,0,FALSE,0,0,0,0,0,0,NA,0,0,NA,0,0,0,0,NA,0,0,0,0,0,0,0,0,0,0,0:0,0,0,0,NA,0
132975,Germany,64,Moescha Feunou Bakam,395180,16,FALSE,0,1,1,4,1,1,1,0,0,NA,1,1,5,3,3,0,2,5,1,0,2,3,1,1,100,12:38,12,38,0,1,12.6
132975,Germany,64,Darina Zraychenko,365850,8,TRUE,0,0,1,6,6,1,0.167,6,0,0,12,1,4,2,0.167,4,4,4,5,2,4,-6,6,1,16.7,27:51,27,51,0,0.083,27.9
132975,Germany,64,Leni Schramm-Bunning,393246,0,FALSE,2,0,3,0,0,0,NA,2,0,0,2,0,0,0,0,1,1,0,4,0,2,2,0,0,0,9:34,9,34,0,0,9.6
132975,Germany,64,Lara Gierlich,364854,21,TRUE,1,2,5,0,4,1,0.25,9,3,0.333,13,4,0,0,0,2,0,11,7,1,0,13,4,1,25,25:20,25,20,1,0.308,25.3
132975,Germany,64,Mia Wiegand,364994,23,TRUE,6,1,3,2,7,6,0.857,8,3,0.375,15,9,3,2,0.133,2,2,23,5,1,8,21,7,6,85.7,30:8,30,8,1,0.6,30.1
132975,Germany,64,Frederike Askamp,364851,15,TRUE,3,0,9,4,4,2,0.5,3,1,0.333,7,3,4,2,0.286,2,3,9,11,6,1,22,4,2,50,27:21,27,21,0,0.429,27.4
132975,Germany,64,Mathilda Haensch,391649,8,TRUE,4,1,0,0,0,0,NA,0,0,NA,0,0,0,0,NA,0,0,0,0,1,0,6,0,0,0,19:0,19,0,0,NA,19
132975,Germany,64,Nele Prowaznik,391672,-2,FALSE,1,0,0,0,1,0,0,0,0,NA,1,0,0,0,0,0,1,0,0,0,3,-3,1,0,0,9:52,9,52,0,0,9.9
132975,Germany,64,Silvia Heide,364856,0,FALSE,1,0,0,0,1,0,0,1,0,0,2,0,0,0,0,1,1,0,1,1,0,1,1,0,0,6:35,6,35,0,0,6.6
132976,Latvia,610,Jelizaveta Naidjonova,396485,-4,FALSE,2,0,0,2,4,0,0,3,0,0,7,0,2,2,0.286,1,3,2,1,1,0,-1,4,0,0,14:52,14,52,0,0,14.9
132976,Latvia,610,Enija Brokane,372580,21,FALSE,4,0,4,1,1,0,0,2,0,0,3,0,0,0,0,1,0,0,5,0,1,5,1,0,0,14:44,14,44,0,0,14.7
132976,Latvia,610,Adele Priedite,396478,12,TRUE,0,2,2,0,3,2,0.667,0,0,NA,3,2,0,0,0,0,1,4,2,1,0,8,3,2,66.7,17:3,17,3,0,0.667,17
132976,Latvia,610,Monta Culkstena,396459,1,TRUE,2,0,5,0,2,0,0,0,0,NA,2,0,0,0,0,1,1,0,6,2,1,7,1,0,0,18:25,18,25,0,0,18.4
132976,Latvia,610,Melanija Reicela Lagunovica,418628,6,FALSE,3,0,6,2,0,0,NA,4,1,0.25,4,1,2,1,0.25,1,1,4,7,0,2,8,0,0,0,19:32,19,32,0,0.25,19.5
132976,Latvia,610,Marta Arsentjeva,418536,0,FALSE,0,1,2,2,2,2,1,0,0,NA,2,2,2,1,0.5,3,1,5,5,0,0,10,1,1,100,20:15,20,15,0,1,20.2
132976,Latvia,610,Patricija Tikmere,396482,6,TRUE,1,1,2,5,14,5,0.357,0,0,NA,14,5,9,6,0.429,2,1,16,4,0,4,6,13,5,38.5,30:4,30,4,1,0.357,30.1
132976,Latvia,610,Darina Ivanova,418540,8,FALSE,0,0,1,2,1,0,0,0,0,NA,1,0,2,1,1,1,1,1,2,1,0,2,1,0,0,9:56,9,56,0,0,9.9
132976,Latvia,610,Laura Kikuste,417640,2,FALSE,0,0,0,0,0,0,NA,0,0,NA,0,0,0,0,NA,1,0,0,1,0,0,1,0,0,0,1:59,1,59,0,NA,2
132976,Latvia,610,Evelina Sirsnina,396481,9,TRUE,4,0,5,2,12,4,0.333,8,3,0.375,20,7,0,0,0,0,4,17,5,2,2,13,12,4,33.3,23:55,23,55,1,0.35,23.9
132976,Latvia,610,Madara Sakalova,418538,2,FALSE,1,0,1,1,1,0,0,0,0,NA,1,0,2,2,2,1,0,2,2,1,0,5,1,0,0,2:42,2,42,0,0,2.7
132976,Latvia,610,Sarlote Skrebele,372649,7,TRUE,5,1,3,2,4,0,0,8,3,0.375,12,3,0,0,0,0,2,9,3,1,4,6,3,0,0,26:33,26,33,0,0.25,26.6
132976,Colombia,40,Alisson Restrepo,381472,-9,TRUE,1,1,6,1,6,2,0.333,6,1,0.167,12,3,2,1,0.083,1,3,8,7,0,5,2,5,2,40,25:54,25,54,0,0.25,25.9
132976,Colombia,40,Elba Escorcia,381474,0,FALSE,2,2,0,4,5,3,0.6,2,0,0,7,3,7,2,0.286,2,2,8,2,2,1,6,5,3,60,28:14,28,14,0,0.429,28.2
132976,Colombia,40,Keren Bertel,357693,-20,TRUE,5,1,2,5,11,2,0.182,7,1,0.143,18,3,6,5,0.278,0,2,12,2,4,7,1,9,2,22.2,33:4,33,4,1,0.167,33.1
132976,Colombia,40,Maria Superlano,404766,0,FALSE,0,0,0,0,0,0,NA,0,0,NA,0,0,0,0,NA,0,0,0,0,0,0,0,0,0,0,0:0,0,0,0,NA,0
132976,Colombia,40,Hannah Sofia Florez Perez,393968,0,FALSE,0,0,0,0,0,0,NA,0,0,NA,0,0,0,0,NA,0,0,0,0,0,0,0,0,0,0,0:0,0,0,0,NA,0
132976,Colombia,40,Diocelin Zuniga Hurtado,404768,-11,TRUE,1,2,3,1,3,1,0.333,0,0,NA,3,1,2,1,0.333,1,2,3,4,0,0,7,3,1,33.3,12:19,12,19,0,0.333,12.3
132976,Colombia,40,Sara Murillo,381662,-4,FALSE,1,1,5,1,5,3,0.6,1,0,0,6,3,2,0,0,3,3,6,8,3,0,14,5,3,60,28:30,28,30,0,0.5,28.5
132976,Colombia,40,Dayra Pedroza,404769,-4,FALSE,0,1,0,0,2,0,0,0,0,NA,2,0,0,0,0,1,0,0,1,0,0,0,1,0,0,6:1,6,1,0,0,6
132976,Colombia,40,Mariangel Serna,393403,-3,TRUE,2,0,3,0,2,0,0,1,0,0,3,0,0,0,0,0,1,0,3,0,4,-2,2,0,0,11:26,11,26,0,0,11.4
132976,Colombia,40,Maria Mendez,381543,-18,FALSE,1,0,1,1,3,1,0.333,1,0,0,4,1,0,0,0,0,2,2,1,2,0,3,3,1,33.3,14:38,14,38,0,0.25,14.6
132976,Colombia,40,Maria Millan,381530,8,FALSE,0,0,0,0,0,0,NA,0,0,NA,0,0,0,0,NA,0,0,0,0,0,0,0,0,0,0,6:44,6,44,0,NA,6.7
132976,Colombia,40,Mariana Paz,393402,-9,TRUE,1,1,6,2,5,3,0.6,1,0,0,6,3,4,1,0.167,1,4,7,7,0,1,9,3,1,33.3,33:10,33,10,0,0.5,33.2
132977,Italy,83,Olivia Lelli,370347,8,FALSE,0,0,0,0,6,3,0.5,3,1,0.333,9,4,0,0,0,1,0,9,1,0,1,4,2,1,50,17:46,17,46,0,0.444,17.8
132977,Italy,83,Alessandra Padulo,368530,-8,FALSE,0,0,1,1,2,0,0,0,0,NA,2,0,2,0,0,0,1,0,1,0,0,-3,1,0,0,9:5,9,5,0,0,9.1
132977,Italy,83,Emilia Magni,342323,-13,TRUE,2,0,2,1,8,2,0.25,2,1,0.5,10,3,0,0,0,4,2,7,6,0,2,6,6,1,16.7,27:13,27,13,0,0.3,27.2
132977,Italy,83,Isabel Hassan,342219,-3,TRUE,5,1,9,1,5,2,0.4,6,0,0,11,2,0,0,0,0,3,4,9,1,2,9,3,2,66.7,26:2,26,2,0,0.182,26
132977,Italy,83,Sofia Zuccon,342693,-5,TRUE,0,0,2,2,4,1,0.25,0,0,NA,4,1,4,3,0.75,1,3,5,3,0,1,3,4,1,25,14:8,14,8,0,0.25,14.1
132977,Italy,83,Anna Sablich,367475,-19,TRUE,2,0,0,2,3,1,0.333,1,0,0,4,1,2,2,0.5,1,0,4,1,0,1,3,1,1,100,21:20,21,20,0,0.25,21.3
132977,Italy,83,Aisha Diagne,370372,-12,TRUE,5,0,3,0,6,4,0.667,2,1,0.5,8,5,0,0,0,0,3,11,3,3,2,17,3,3,100,29:28,29,28,1,0.625,29.5
132977,Italy,83,Eleonora Tavella,390984,-2,FALSE,0,0,0,0,1,0,0,0,0,NA,1,0,0,0,0,0,0,0,0,0,0,-1,0,0,0,1:50,1,50,0,0,1.8
132977,Italy,83,Martina Pasqualetti,369310,-13,FALSE,0,0,3,0,2,1,0.5,1,1,1,3,2,0,0,0,0,0,5,3,0,2,5,1,0,0,10:11,10,11,0,0.667,10.2
132977,Italy,83,Mariana Nako Moni,369207,-10,FALSE,2,1,4,4,6,4,0.667,0,0,NA,6,4,8,6,1,2,4,14,6,2,2,19,6,4,66.7,31:23,31,23,1,0.667,31.4
132977,Italy,83,Amelia Bianco Rossignoli,393427,-8,FALSE,0,0,0,1,6,2,0.333,1,0,0,7,2,0,0,0,1,1,4,1,2,1,1,5,2,40,11:34,11,34,0,0.286,11.6
132977,Italy,83,Susanna Perego,330440,0,FALSE,0,0,0,0,0,0,NA,0,0,NA,0,0,0,0,NA,0,0,0,0,0,0,0,0,0,0,0:0,0,0,0,NA,0
132977,Egypt,53,Hania  Hassabelnaby,398079,12,TRUE,2,0,1,5,13,9,0.692,5,2,0.4,18,11,6,1,0.056,2,0,25,3,2,2,18,12,9,75,30:30,30,30,1,0.611,30.5
132977,Egypt,53,Dana Abdalla,397558,0,FALSE,0,0,0,0,0,0,NA,0,0,NA,0,0,0,0,NA,0,0,0,0,0,0,0,0,0,0,0:0,0,0,0,NA,0
132977,Egypt,53,Fatma Abdella,398067,22,TRUE,4,0,3,2,6,1,0.167,3,0,0,9,1,2,2,0.222,0,0,4,3,2,2,3,6,1,16.7,28:1,28,1,0,0.111,28
132977,Egypt,53,Jodi  Abdalla ,398080,-3,FALSE,1,0,1,2,5,4,0.8,0,0,NA,5,4,2,1,0.2,2,0,9,3,0,0,11,5,4,80,16:16,16,16,0,0.8,16.3
132977,Egypt,53,Mariam Elshenawy,371622,4,TRUE,1,3,5,0,3,1,0.333,1,1,1,4,2,0,0,0,2,3,5,7,0,2,12,3,1,33.3,22:24,22,24,0,0.5,22.4
132977,Egypt,53,Hala Fetet,398133,-2,FALSE,0,0,0,1,2,0,0,0,0,NA,2,0,2,1,0.5,2,1,1,2,0,0,0,2,0,0,3:22,3,22,0,0,3.4
132977,Egypt,53,Joudi Elsayed,371623,12,FALSE,0,0,6,3,2,1,0.5,6,1,0.167,8,2,4,4,0.5,0,2,9,6,2,3,8,2,1,50,29:29,29,29,0,0.25,29.5
132977,Egypt,53,Habiba Gamal Rizk,417067,-2,FALSE,0,0,0,0,0,0,NA,1,0,0,1,0,0,0,0,0,1,0,0,0,0,-1,0,0,0,3:46,3,46,0,0,3.8
132977,Egypt,53,Leila  Eissa,398078,19,TRUE,6,0,5,1,7,3,0.429,6,1,0.167,13,4,0,0,0,1,1,9,6,1,1,12,6,3,50,34:3,34,3,0,0.308,34
132977,Egypt,53,Habiba Soliman,398065,0,FALSE,0,0,0,0,1,0,0,0,0,NA,1,0,0,0,0,0,0,0,0,0,1,-2,1,0,0,3:36,3,36,0,0,3.6
132977,Egypt,53,Zeina Amin,398059,20,TRUE,2,1,4,3,9,7,0.778,0,0,NA,9,7,3,2,0.222,4,3,16,8,1,0,25,9,7,77.8,23:44,23,44,1,0.778,23.7
132977,Egypt,53,Sedra   Elshafey,398076,3,FALSE,1,0,0,0,2,1,0.5,0,0,NA,2,1,0,0,0,1,1,2,1,0,0,3,2,1,50,4:49,4,49,0,0.5,4.8
132978,Slovenia,618,Zala Canzek,419440,1,FALSE,0,0,0,0,0,0,NA,0,0,NA,0,0,0,0,NA,0,0,0,0,0,0,0,0,0,0,0:59,0,59,0,NA,1
132978,Slovenia,618,Julija Bukovec,397655,-2,FALSE,0,0,0,1,0,0,NA,1,0,0,1,0,0,0,0,0,1,0,0,0,0,-1,0,0,0,5:6,5,6,0,0,5.1
132978,Slovenia,618,Ines Fritz,397657,-6,TRUE,1,0,2,1,0,0,NA,3,1,0.333,3,1,0,0,0,1,4,3,3,2,0,7,0,0,0,27:4,27,4,0,0.333,27.1
132978,Slovenia,618,Anais Gobec,397658,-9,TRUE,4,1,7,3,10,5,0.5,3,0,0,13,5,2,2,0.154,1,3,12,8,1,4,14,8,4,50,33:47,33,47,1,0.385,33.8
132978,Slovenia,618,Ota Pozin,372617,-4,TRUE,0,1,0,3,1,0,0,0,0,NA,1,0,0,0,0,0,2,0,0,0,1,-1,1,0,0,24:55,24,55,0,0,24.9
132978,Slovenia,618,Ema Stavrov,372618,-5,FALSE,0,0,1,0,3,0,0,0,0,NA,3,0,0,0,0,0,2,0,1,0,0,-2,1,0,0,12:54,12,54,0,0,12.9
132978,Slovenia,618,Marina Josipovic,397659,-1,FALSE,1,0,1,3,2,1,0.5,2,1,0.5,4,2,4,3,0.75,5,4,8,6,0,2,10,2,1,50,12:30,12,30,0,0.5,12.5
132978,Slovenia,618,Ema Krzisnik,372611,0,FALSE,0,0,0,0,0,0,NA,0,0,NA,0,0,0,0,NA,0,0,0,0,0,0,0,0,0,0,0:0,0,0,0,NA,0
132978,Slovenia,618,Ema Lorbek,309685,-6,FALSE,0,1,3,0,4,1,0.25,0,0,NA,4,1,0,0,0,0,0,2,3,0,2,1,3,1,33.3,10:53,10,53,0,0.25,10.9
132978,Slovenia,618,Hana Jerkovic,397662,-6,TRUE,3,1,0,2,7,0,0,7,2,0.286,14,2,0,0,0,0,1,6,0,0,4,-6,5,0,0,29:2,29,2,0,0.143,29
132978,Slovenia,618,Veronika Ferjancic,397656,-8,TRUE,3,1,5,1,10,5,0.5,2,0,0,12,5,0,0,0,5,1,10,10,0,1,16,9,5,55.6,29:11,29,11,1,0.417,29.2
132978,Slovenia,618,Zala Mali ,397661,1,FALSE,1,0,2,2,1,0,0,5,1,0.2,6,1,2,1,0.167,1,1,4,3,1,0,3,1,0,0,13:39,13,39,0,0.167,13.7
132978,Japan,85,Ran Kobayashi,398428,5,TRUE,0,0,4,1,3,2,0.667,0,0,NA,3,2,2,2,0.667,2,3,6,6,2,0,13,3,2,66.7,26:14,26,14,0,0.667,26.2
132978,Japan,85,Sora Shimizu,398429,9,TRUE,0,0,5,0,0,0,NA,0,0,NA,0,0,0,0,NA,2,2,0,7,1,1,7,0,0,0,26:35,26,35,0,NA,26.6
132978,Japan,85,Momoka Kaji,398430,-4,FALSE,0,0,3,1,5,3,0.6,1,1,1,6,4,0,0,0,0,0,9,3,1,0,11,4,3,75,19:13,19,13,0,0.667,19.2
132978,Japan,85,Nene Gondo,398431,1,FALSE,0,0,0,0,0,0,NA,1,0,0,1,0,0,0,0,0,2,0,0,0,1,-2,0,0,0,7:41,7,41,0,0,7.7
132978,Japan,85,Kako Otsuki,418549,4,TRUE,1,0,6,4,12,2,0.167,8,2,0.25,20,4,4,3,0.15,2,1,13,8,1,2,4,12,2,16.7,32:35,32,35,1,0.2,32.6
132978,Japan,85,Miya Takeuchi,398432,18,TRUE,5,0,1,8,15,6,0.4,5,0,0,20,6,8,7,0.35,2,1,19,3,4,1,15,11,4,36.4,31:20,31,20,1,0.3,31.3
132978,Japan,85,Rei Ando,398433,-8,FALSE,0,0,2,2,0,0,NA,0,0,NA,0,0,0,0,NA,0,1,0,2,1,2,1,0,0,0,9:49,9,49,0,NA,9.8
132978,Japan,85,Kiino Nakazawa,398448,-4,FALSE,0,0,2,0,1,0,0,0,0,NA,1,0,0,0,0,2,2,0,4,1,0,4,1,0,0,10:0,10,0,0,0,10
132978,Japan,85,Kohse Hosozawa,398437,19,TRUE,0,0,2,3,7,2,0.286,4,1,0.25,11,3,0,0,0,1,2,7,3,1,1,2,6,1,16.7,31:57,31,57,0,0.273,32
132978,Japan,85,Chihiro Ito,418551,3,FALSE,0,0,0,0,0,0,NA,0,0,NA,0,0,0,0,NA,0,2,0,0,0,0,0,0,0,0,2:57,2,57,0,NA,3
132978,Japan,85,Honoka Yasui,398441,0,FALSE,0,0,0,0,0,0,NA,0,0,NA,0,0,0,0,NA,0,0,0,0,0,0,0,0,0,0,0:0,0,0,0,NA,0
132978,Japan,85,Aya Ishiwata,398446,2,FALSE,0,0,0,0,0,0,NA,0,0,NA,0,0,0,0,NA,0,0,0,0,0,0,0,0,0,0,1:39,1,39,0,NA,1.6
132979,People 's Republic of China,39,Xuan Sun,398033,-14,TRUE,10,0,3,0,5,3,0.6,5,0,0,10,3,0,0,0,3,1,6,6,1,1,15,4,2,50,36:25,36,25,0,0.3,36.4
132979,People 's Republic of China,39,Xinyue Wang,417553,2,FALSE,0,1,0,0,4,2,0.5,2,0,0,6,2,0,0,0,0,0,4,0,0,0,1,2,2,100,8:47,8,47,0,0.333,8.8
132979,People 's Republic of China,39,Yu Jia,417551,-10,TRUE,0,0,3,0,1,0,0,1,0,0,2,0,0,0,0,0,2,0,3,0,1,0,0,0,0,17:57,17,57,0,0,18
132979,People 's Republic of China,39,Ruoyan Sun,398031,-2,FALSE,1,0,0,0,0,0,NA,0,0,NA,0,0,0,0,NA,0,0,0,0,0,0,1,0,0,0,2:30,2,30,0,NA,2.5
132979,People 's Republic of China,39,Ying Feng,417550,-1,FALSE,2,0,0,0,2,0,0,0,0,NA,2,0,0,0,0,0,0,0,0,1,0,1,2,0,0,4:45,4,45,0,0,4.8
132979,People 's Republic of China,39,Mengjie Wu,417555,-7,FALSE,1,0,3,3,6,4,0.667,1,0,0,7,4,5,3,0.429,5,5,11,8,1,4,12,6,4,66.7,23:53,23,53,1,0.571,23.9
132979,People 's Republic of China,39,Yuanshan Li,398035,-11,TRUE,1,0,1,2,12,5,0.417,9,0,0,21,5,4,3,0.143,1,1,13,2,2,1,0,10,4,40,36:12,36,12,1,0.238,36.2
132979,People 's Republic of China,39,Hanyun Sun,397968,-14,FALSE,3,0,2,1,10,4,0.4,9,2,0.222,19,6,0,0,0,2,1,14,4,0,4,4,9,4,44.4,26:29,26,29,1,0.316,26.5
132979,People 's Republic of China,39,Yunshu Pang,398029,-1,FALSE,1,0,6,4,6,4,0.667,2,0,0,8,4,4,2,0.25,3,4,10,9,5,1,18,6,4,66.7,30:20,30,20,1,0.5,30.3
132979,People 's Republic of China,39,Yatong Tang,398037,-12,TRUE,0,0,1,0,0,0,NA,1,1,1,1,1,0,0,0,1,4,3,2,0,0,5,0,0,0,8:46,8,46,0,1,8.8
132979,People 's Republic of China,39,Jiayi Wan,417552,-3,TRUE,0,0,0,0,1,0,0,0,0,NA,1,0,0,0,0,0,0,0,0,0,0,-1,1,0,0,3:2,3,2,0,0,3
132979,People 's Republic of China,39,Yiming Wang,417554,-2,FALSE,0,0,0,0,2,0,0,0,0,NA,2,0,0,0,0,2,0,0,2,0,0,0,2,0,0,0:54,0,54,0,0,0.9
132979,New Zealand,113,Areta Kahura,373841,-4,FALSE,1,0,0,0,1,0,0,2,0,0,3,0,0,0,0,0,0,0,0,0,0,-2,1,0,0,10:59,10,59,0,0,11
132979,New Zealand,113,Charis Broughton,372748,8,TRUE,2,0,2,2,2,1,0.5,4,2,0.5,6,3,2,1,0.167,0,0,9,2,1,2,8,1,0,0,17:35,17,35,0,0.5,17.6
132979,New Zealand,113,Imani Rasmussen,377527,13,TRUE,1,1,6,4,11,4,0.364,0,0,NA,11,4,6,5,0.455,2,4,13,8,1,1,15,9,3,33.3,23:59,23,59,1,0.364,24
132979,New Zealand,113,Sinai Foai,413148,-3,FALSE,0,0,1,1,5,2,0.4,0,0,NA,5,2,0,0,0,0,0,4,1,1,0,3,4,1,25,10:17,10,17,0,0.4,10.3
132979,New Zealand,113,Shamar Broughton,372749,11,FALSE,6,0,1,3,3,1,0.333,4,1,0.25,7,2,4,3,0.429,2,0,8,3,1,3,9,3,1,33.3,19:7,19,7,0,0.286,19.1
132979,New Zealand,113,Ava Jones,373843,16,TRUE,3,0,2,1,1,1,1,2,1,0.5,3,2,0,0,0,3,1,5,5,0,0,12,1,1,100,20:22,20,22,0,0.667,20.4
132979,New Zealand,113,Elisa Brown,392990,3,FALSE,3,0,0,1,3,2,0.667,1,0,0,4,2,1,0,0,0,1,4,0,0,3,1,3,2,66.7,10:15,10,15,0,0.5,10.2
132979,New Zealand,113,Emilia Ainley,372891,9,TRUE,0,0,10,3,11,8,0.727,0,0,NA,11,8,5,4,0.364,7,1,20,17,0,1,32,11,8,72.7,25:42,25,42,1,0.727,25.7
132979,New Zealand,113,Katie Moors,402764,9,FALSE,1,1,3,0,3,1,0.333,0,0,NA,3,1,0,0,0,0,0,2,3,1,2,4,3,1,33.3,13:43,13,43,0,0.333,13.7
132979,New Zealand,113,Sienna Maurice,373648,9,TRUE,1,0,3,2,4,1,0.25,2,0,0,6,1,4,2,0.333,0,0,4,3,1,2,0,4,1,25,20:21,20,21,0,0.167,20.4
132979,New Zealand,113,Madelin Eliadis,393077,3,FALSE,0,0,1,0,0,0,NA,1,1,1,1,1,0,0,0,1,1,3,2,0,1,4,0,0,0,10:15,10,15,0,1,10.2
132979,New Zealand,113,Nahala Toeleiu,330556,1,FALSE,1,1,1,1,4,2,0.5,0,0,NA,4,2,0,0,0,1,2,4,2,1,2,5,4,2,50,17:25,17,25,0,0.5,17.4
132980,Canada,34,Lexi Wee,392597,-3,FALSE,1,0,1,2,4,0,0,1,1,1,5,1,0,0,0,1,1,3,2,1,0,3,3,0,0,16:49,16,49,0,0.2,16.8
132980,Canada,34,Jordyn Nohr,368220,4,FALSE,2,0,0,0,2,1,0.5,0,0,NA,2,1,0,0,0,1,1,2,1,0,0,4,2,1,50,10:53,10,53,0,0.5,10.9
132980,Canada,34,Samera Jeffers,416072,0,FALSE,0,0,0,0,0,0,NA,0,0,NA,0,0,0,0,NA,0,0,0,0,0,0,0,0,0,0,0:0,0,0,0,NA,0
132980,Canada,34,Portia Reisen,392599,-8,TRUE,6,0,2,1,4,2,0.5,2,0,0,6,2,0,0,0,0,2,4,2,1,5,4,4,2,50,30:25,30,25,0,0.333,30.4
132980,Canada,34,Ashley Vande Ven,392595,-10,TRUE,0,1,4,3,6,5,0.833,9,3,0.333,15,8,3,1,0.067,0,3,20,4,0,1,15,6,5,83.3,32:22,32,22,1,0.533,32.4
132980,Canada,34,Pippa Gibb,392593,0,FALSE,0,0,0,0,0,0,NA,0,0,NA,0,0,0,0,NA,0,0,0,0,0,0,0,0,0,0,0:0,0,0,0,NA,0
132980,Canada,34,Avery Arije,342484,-11,TRUE,3,0,2,3,15,4,0.267,4,1,0.25,19,5,2,2,0.105,2,2,13,4,0,2,4,13,2,15.4,33:29,33,29,1,0.263,33.5
132980,Canada,34,Grace Pongang,392596,4,FALSE,0,4,9,1,5,2,0.4,0,0,NA,5,2,0,0,0,2,1,4,11,1,1,16,5,2,40,27:8,27,8,0,0.4,27.1
132980,Canada,34,Emerald Nnani,392588,-7,TRUE,0,1,5,2,4,1,0.25,0,0,NA,4,1,1,1,0.25,0,2,3,5,1,0,7,4,1,25,16:5,16,5,0,0.25,16.1
132980,Canada,34,Frances Vollett,392584,-4,TRUE,1,1,3,1,8,0,0,3,2,0.667,11,2,2,2,0.182,3,1,8,6,1,1,7,7,0,0,32:49,32,49,0,0.182,32.8
132980,Canada,34,Sienna Morris,392594,0,FALSE,0,0,0,0,0,0,NA,0,0,NA,0,0,0,0,NA,0,0,0,0,0,0,0,0,0,0,0:0,0,0,0,NA,0
132980,Canada,34,Gabrielle Fajemirokun,392589,0,FALSE,0,0,0,0,0,0,NA,0,0,NA,0,0,0,0,NA,0,0,0,0,0,0,0,0,0,0,0:0,0,0,0,NA,0
132980,Australia,16,Jay Sebasio,413854,-1,FALSE,1,0,0,1,5,4,0.8,0,0,NA,5,4,0,0,0,2,0,8,2,0,0,10,5,4,80,10:14,10,14,0,0.8,10.2
132980,Australia,16,Daisy Hocking,374917,-1,FALSE,0,0,3,0,0,0,NA,0,0,NA,0,0,0,0,NA,0,1,0,3,0,0,3,0,0,0,8:46,8,46,0,NA,8.8
132980,Australia,16,Isabel Smith,375151,-2,TRUE,1,0,1,3,8,2,0.25,6,2,0.333,14,4,4,3,0.214,3,3,13,4,1,2,6,8,2,25,22:41,22,41,1,0.286,22.7
132980,Australia,16,Olivia Olechnowicz,375153,6,TRUE,1,0,4,4,6,1,0.167,6,3,0.5,12,4,3,3,0.25,3,2,14,7,3,1,16,6,1,16.7,30:34,30,34,1,0.333,30.6
132980,Australia,16,Jade Sherrington,374416,3,FALSE,1,1,4,0,0,0,NA,3,1,0.333,3,1,0,0,0,0,0,3,4,0,3,4,0,0,0,15:53,15,53,0,0.333,15.9
132980,Australia,16,Jasmine Jones,397715,11,FALSE,1,0,2,0,1,0,0,4,0,0,5,0,0,0,0,0,0,0,2,1,0,-1,1,0,0,13:5,13,5,0,0,13.1
132980,Australia,16,Sophie Richardson,374418,3,FALSE,3,1,2,1,3,1,0.333,5,1,0.2,8,2,0,0,0,0,2,5,2,0,1,4,3,1,33.3,18:28,18,28,0,0.25,18.5
132980,Australia,16,Madison Ryan,362696,4,TRUE,4,0,6,2,9,5,0.556,6,1,0.167,15,6,4,2,0.133,2,1,15,8,0,2,14,9,5,55.6,31:42,31,42,1,0.4,31.7
132980,Australia,16,Lily Mapp,376691,6,FALSE,1,0,1,0,0,0,NA,0,0,NA,0,0,0,0,NA,0,0,0,1,0,0,2,0,0,0,6:30,6,30,0,NA,6.5
132980,Australia,16,Eliza Ashby,397713,0,FALSE,0,0,0,0,0,0,NA,0,0,NA,0,0,0,0,NA,0,0,0,0,0,0,0,0,0,0,0:0,0,0,0,NA,0
132980,Australia,16,Matilda Trout,397396,4,TRUE,3,0,4,1,1,1,1,0,0,NA,1,1,2,2,2,4,2,4,8,1,2,14,0,0,0,24:37,24,37,0,1,24.6
132980,Australia,16,Jemyma Manyok,378927,2,TRUE,1,5,3,1,4,1,0.25,0,0,NA,4,1,0,0,0,1,2,2,4,1,0,10,4,1,25,17:30,17,30,0,0.25,17.5
132981,USA,154,Morghan Reckley,393522,5,TRUE,5,0,0,5,1,1,1,1,1,1,2,2,6,4,2,0,2,9,0,0,5,7,0,0,0,23:50,23,50,0,1,23.8
132981,USA,154,Jazman Bailey,393401,2,FALSE,0,0,0,1,0,0,NA,0,0,NA,0,0,0,0,NA,0,2,0,0,0,1,-1,0,0,0,7:45,7,45,0,NA,7.8
132981,USA,154,Nation Williams,368603,4,FALSE,0,3,6,2,10,4,0.4,0,0,NA,10,4,3,2,0.2,4,2,10,10,2,3,15,9,3,33.3,18:39,18,39,1,0.4,18.6
132981,USA,154,Tatianna Griffin,393461,-5,FALSE,0,1,1,1,2,0,0,1,0,0,3,0,0,0,0,1,1,0,2,0,0,0,2,0,0,9:23,9,23,0,0,9.4
132981,USA,154,Ivanna Wilson Manyacka,368604,13,TRUE,3,1,9,3,4,1,0.25,3,1,0.333,7,2,6,4,0.571,1,5,9,10,1,3,14,2,0,0,21:49,21,49,0,0.286,21.8
132981,USA,154,Micah Ojo,393521,16,TRUE,2,2,1,2,6,5,0.833,4,3,0.75,10,8,2,1,0.1,3,2,20,4,2,2,25,4,4,100,32:1,32,1,1,0.8,32
132981,USA,154,Maliya Hunter,393535,0,FALSE,0,0,0,0,0,0,NA,0,0,NA,0,0,0,0,NA,0,0,0,0,0,0,0,0,0,0,0:0,0,0,0,NA,0
132981,USA,154,Arianna Robinson,393523,0,FALSE,1,0,1,5,6,4,0.667,1,0,0,7,4,9,6,0.857,1,0,14,2,1,1,11,6,4,66.7,17:15,17,15,1,0.571,17.2
132981,USA,154,Olivia Jones,393519,9,TRUE,2,0,3,6,5,2,0.4,1,0,0,6,2,7,4,0.667,1,0,8,4,1,3,5,4,2,50,31:21,31,21,0,0.333,31.4
132981,USA,154,Eve Long,393520,5,TRUE,1,1,2,3,4,1,0.25,0,0,NA,4,1,4,4,1,1,5,6,3,0,3,5,2,1,50,24:3,24,3,0,0.25,24
132981,USA,154,Nya Riak,417253,0,FALSE,0,0,0,0,0,0,NA,0,0,NA,0,0,0,0,NA,0,0,0,0,0,0,0,0,0,0,0:0,0,0,0,NA,0
132981,USA,154,Caroline Bradley,393404,-4,FALSE,0,1,7,1,4,2,0.5,0,0,NA,4,2,2,2,0.5,2,0,6,9,0,0,14,3,2,66.7,13:54,13,54,0,0.5,13.9
132981,Spain,138,Paula Valenzuela,395390,-11,TRUE,1,0,0,1,4,1,0.25,2,1,0.5,6,2,4,4,0.667,0,5,9,0,0,1,5,4,1,25,28:31,28,31,0,0.333,28.5
132981,Spain,138,Isabel Hernandez,395391,-9,TRUE,4,0,3,3,18,9,0.5,11,3,0.273,29,12,1,1,0.034,1,2,28,4,8,5,22,15,8,53.3,31:0,31,0,1,0.414,31
132981,Spain,138,Carla Cherry,392047,1,FALSE,2,0,2,3,9,2,0.222,2,0,0,11,2,6,2,0.182,1,1,6,3,0,1,-3,8,2,25,21:46,21,46,0,0.182,21.8
132981,Spain,138,Ona Balleste,395392,0,FALSE,0,0,0,0,0,0,NA,0,0,NA,0,0,0,0,NA,0,0,0,0,0,0,0,0,0,0,0:0,0,0,0,NA,0
132981,Spain,138,Sarai Teijeira,395401,-9,FALSE,0,1,1,1,2,0,0,0,0,NA,2,0,0,0,0,1,2,0,2,0,0,1,2,0,0,6:42,6,42,0,0,6.7
132981,Spain,138,Elia Pérez,373071,-2,FALSE,0,0,0,0,0,0,NA,0,0,NA,0,0,0,0,NA,0,0,0,0,0,0,0,0,0,0,0:17,0,17,0,NA,0.3
132981,Spain,138,Trinity Ezeanatogu,370376,5,TRUE,0,0,2,1,11,4,0.364,0,0,NA,11,4,2,1,0.091,1,5,9,3,2,2,4,10,4,40,26:15,26,15,0,0.364,26.2
132981,Spain,138,Elizabeth Abubakar,395799,-10,FALSE,1,1,0,2,1,0,0,0,0,NA,1,0,2,0,0,2,4,0,2,0,2,-1,1,0,0,19:12,19,12,0,0,19.2
132981,Spain,138,Amelia Alonso,370798,1,TRUE,2,0,3,4,12,6,0.5,4,0,0,16,6,5,2,0.125,8,5,14,11,0,0,14,12,6,50,28:48,28,48,1,0.375,28.8
132981,Spain,138,Ana Maria Hernanz,417696,-5,FALSE,1,0,4,4,3,1,0.333,3,1,0.333,6,2,2,0,0,1,3,5,5,0,2,3,3,1,33.3,28:7,28,7,0,0.333,28.1
132981,Spain,138,Sandra Davila,373075,0,FALSE,0,0,0,0,0,0,NA,0,0,NA,0,0,0,0,NA,0,0,0,0,0,0,0,0,0,0,0:0,0,0,0,NA,0
132981,Spain,138,Anna Smykovskaia,417675,-6,TRUE,4,0,1,0,4,1,0.25,0,0,NA,4,1,0,0,0,4,2,2,5,1,0,9,3,1,33.3,9:23,9,23,0,0.25,9.4
